item_id,dept_id,cat_id,total_units_sold,total_revenue,days_with_demand,revenue_share,cumulative_revenue_share,abc_class,demand_days,average_demand_interval,cv_squared,demand_pattern
FOODS_3_120,FOODS_3,FOODS,63107,314272.86000000004,1274,0.013691250972976883,0.013691250972976883,A,1274,1.5235478806907379,0.34974713103276717,Intermittent
FOODS_3_090,FOODS_3,FOODS,128855,175257.74,1472,0.0076350776942581975,0.02132632866723508,A,1472,1.3186141304347827,0.3272442901949572,Smooth
FOODS_3_586,FOODS_3,FOODS,88846,141530.58,1934,0.006165758924047664,0.027492087591282747,A,1934,1.0036194415718718,0.1233692882541813,Smooth
FOODS_3_202,FOODS_3,FOODS,31825,136388.8,1730,0.005941758033777238,0.03343384562505999,A,1730,1.1219653179190752,0.23306577409596438,Smooth
FOODS_2_197,FOODS_2,FOODS,41312,133059.54,1782,0.005796719311011636,0.039230564936071625,A,1782,1.0892255892255893,0.24433900162271763,Smooth
FOODS_3_587,FOODS_3,FOODS,52356,132607.48,1486,0.005777025383528226,0.045007590319599854,A,1486,1.3061911170928668,0.2443057325932726,Smooth
FOODS_2_244,FOODS_2,FOODS,20210,117365.84,1798,0.005113025576227769,0.05012061589582762,A,1798,1.0795328142380423,0.33268317068862513,Smooth
FOODS_3_252,FOODS_3,FOODS,76055,115746.3,1935,0.0050424705540703515,0.05516308644989797,A,1935,1.0031007751937984,0.22342939052896715,Smooth
FOODS_2_019,FOODS_2,FOODS,35716,114867.28,1779,0.005004176176915843,0.060167262626813815,A,1779,1.09106239460371,0.2404943061740521,Smooth
HOBBIES_1_236,HOBBIES_1,HOBBIES,7962,94395.20000000001,1339,0.004112313019470875,0.06427957564628468,A,1339,1.4495892457057507,0.468924652658408,Intermittent
FOODS_3_511,FOODS_3,FOODS,13514,90255.72,821,0.003931977181442677,0.06821155282772737,A,821,2.364190012180268,0.2641968688468098,Intermittent
HOUSEHOLD_1_535,HOUSEHOLD_1,HOUSEHOLD,12884,89801.48,1655,0.003912188282579552,0.07212374111030692,A,1655,1.172809667673716,0.3770494065479954,Smooth
FOODS_2_276,FOODS_2,FOODS,26772,85153.95999999999,1751,0.0037097197565925176,0.07583346086689943,A,1751,1.1085094231867505,0.374135750267522,Smooth
FOODS_3_099,FOODS_3,FOODS,33604,83910.46,1849,0.0036555468617873585,0.07948900772868679,A,1849,1.0497566252028123,0.15090573969943588,Smooth
FOODS_3_714,FOODS_3,FOODS,54617,82933.86,1934,0.0036130014262692888,0.08310200915495608,A,1934,1.0036194415718718,0.2608410201303171,Smooth
FOODS_3_785,FOODS_3,FOODS,26211,81895.3,1686,0.0035677567124543738,0.08666976586741046,A,1686,1.1512455516014235,2.5595576347158673,Erratic
HOBBIES_1_147,HOBBIES_1,HOBBIES,8173,81765.14,1550,0.003562086311177462,0.09023185217858792,A,1550,1.252258064516129,0.457270573099081,Smooth
FOODS_3_574,FOODS_3,FOODS,13292,79515.16,1672,0.0034640662630441984,0.09369591844163212,A,1672,1.1608851674641147,0.5844019449686817,Erratic
FOODS_3_546,FOODS_3,FOODS,13215,79052.20000000001,1736,0.003443897478662215,0.09713981592029433,A,1736,1.1180875576036866,0.45665976551257553,Smooth
HOBBIES_1_354,HOBBIES_1,HOBBIES,3444,78843.12,533,0.0034347889391802174,0.10057460485947455,A,533,3.641651031894934,0.2652853434606923,Intermittent
HOUSEHOLD_1_032,HOUSEHOLD_1,HOUSEHOLD,7003,75152.38,1328,0.0032740023933232046,0.10384860725279775,A,1328,1.4615963855421688,0.4758022455306798,Intermittent
FOODS_3_282,FOODS_3,FOODS,29891,74834.42,990,0.0032601505126378418,0.10710875776543559,A,990,1.9606060606060607,0.2809741555707581,Intermittent
FOODS_3_444,FOODS_3,FOODS,10755,70846.40000000001,604,0.0030864130072571633,0.11019517077269275,A,604,3.2135761589403975,0.20939599285144578,Intermittent
FOODS_3_476,FOODS_3,FOODS,11634,69599.32,1661,0.0030320841502779767,0.11322725492297073,A,1661,1.168573148705599,0.5573440771067039,Erratic
FOODS_3_702,FOODS_3,FOODS,22177,66246.56,1836,0.0028860216534649904,0.11611327657643572,A,1836,1.0571895424836601,0.7250284795767669,Erratic
FOODS_3_473,FOODS_3,FOODS,16984,65399.12,1880,0.0028491030543707527,0.11896237963080647,A,1880,1.0324468085106382,0.29055804404137797,Smooth
FOODS_2_029,FOODS_2,FOODS,5800,62979.74,836,0.002743703120125712,0.12170608275093218,A,836,2.3217703349282295,0.3851789329782761,Intermittent
FOODS_3_080,FOODS_3,FOODS,39673,62934.340000000004,1935,0.0027417252757958735,0.12444780802672806,A,1935,1.0031007751937984,0.13981708052164596,Smooth
HOUSEHOLD_1_272,HOUSEHOLD_1,HOUSEHOLD,6218,61993.46000000001,1386,0.002700735976829827,0.12714854400355788,A,1386,1.4004329004329004,0.3621887008861862,Intermittent
FOODS_3_329,FOODS_3,FOODS,20750,61835.0,916,0.0026938326902107472,0.12984237669376864,A,916,2.118995633187773,0.2625961070787594,Intermittent
FOODS_3_555,FOODS_3,FOODS,38446,61281.68,1935,0.0026697273857044417,0.1325121040794731,A,1935,1.0031007751937984,0.1517457885380918,Smooth
FOODS_3_607,FOODS_3,FOODS,27236,60881.28,1346,0.0026522840185311514,0.13516438809800424,A,1346,1.4420505200594353,0.42871941181030926,Intermittent
FOODS_3_764,FOODS_3,FOODS,20205,60210.9,1338,0.0026230790123232843,0.13778746711032752,A,1338,1.4506726457399104,0.29124164469059627,Intermittent
HOUSEHOLD_1_053,HOUSEHOLD_1,HOUSEHOLD,3999,59924.280000000006,1361,0.002610592454133453,0.14039805956446097,A,1361,1.426157237325496,0.3821314239979023,Intermittent
FOODS_3_124,FOODS_3,FOODS,10962,58174.72,1604,0.002534373129778555,0.14293243269423953,A,1604,1.2100997506234414,0.5491146484227398,Erratic
HOBBIES_1_155,HOBBIES_1,HOBBIES,2961,56199.78,948,0.0024483351588364542,0.145380767853076,A,948,2.0474683544303796,0.34751270631340225,Intermittent
FOODS_3_362,FOODS_3,FOODS,21609,54085.5,911,0.002356226861266166,0.14773699471434215,A,911,2.1306256860592754,0.22642294974807428,Intermittent
HOUSEHOLD_1_494,HOUSEHOLD_1,HOUSEHOLD,6608,52665.76,1702,0.0022943760967541614,0.15003137081109633,A,1702,1.1404230317273796,0.30282248915083915,Smooth
FOODS_3_516,FOODS_3,FOODS,14867,52132.06,1599,0.002271125534665288,0.15230249634576162,A,1599,1.2138836772983115,0.3364959011560225,Smooth
FOODS_2_347,FOODS_2,FOODS,25385,51103.73,1827,0.002226326489297383,0.154528822835059,A,1827,1.0623973727422003,0.2535056013725463,Smooth
FOODS_3_783,FOODS_3,FOODS,9547,50991.98,1536,0.0022214581169656767,0.15675028095202467,A,1536,1.263671875,0.5690940119153985,Erratic
FOODS_3_534,FOODS_3,FOODS,10581,50561.78,1799,0.0022027165171705984,0.15895299746919528,A,1799,1.0789327404113396,0.38617864442541533,Smooth
FOODS_3_441,FOODS_3,FOODS,7527,49651.46000000001,530,0.0021630585601146815,0.16111605602930995,A,530,3.6622641509433964,0.34199435287791435,Intermittent
HOBBIES_1_158,HOBBIES_1,HOBBIES,2161,49596.78,457,0.0021606764339482587,0.16327673246325822,A,457,4.2472647702407,0.2703292837550801,Intermittent
FOODS_3_592,FOODS_3,FOODS,6803,48913.44,1447,0.0021309068272444727,0.1654076392905027,A,1447,1.34139599170698,0.3260456020496158,Intermittent
FOODS_3_744,FOODS_3,FOODS,23568,48836.939999999995,1788,0.0021275741159838416,0.16753521340648656,A,1788,1.0855704697986577,0.22310961352453546,Smooth
FOODS_3_741,FOODS_3,FOODS,35820,48374.48,1817,0.002107427114028398,0.16964264052051495,A,1817,1.0682443588332415,0.4470713865644803,Smooth
FOODS_3_697,FOODS_3,FOODS,15626,47261.18,1899,0.002058926363094273,0.1717015668836092,A,1899,1.0221169036334914,0.25993641631793146,Smooth
HOUSEHOLD_1_440,HOUSEHOLD_1,HOUSEHOLD,3122,47142.340000000004,1315,0.0020537491159542285,0.17375531599956345,A,1315,1.4760456273764258,0.44932785222198796,Intermittent
HOBBIES_1_078,HOBBIES_1,HOBBIES,3758,46953.89,1332,0.002045539319391275,0.17580085531895473,A,1332,1.4572072072072073,0.44602814508706695,Intermittent
FOODS_3_694,FOODS_3,FOODS,29362,46752.66,1933,0.002036772764005958,0.1778376280829607,A,1933,1.0041386445938956,0.1931681334558668,Smooth
FOODS_3_324,FOODS_3,FOODS,14850,46664.42,1641,0.0020329286013701657,0.17987055668433086,A,1641,1.182815356489945,0.40974347087529633,Smooth
FOODS_3_083,FOODS_3,FOODS,2486,46613.23,1192,0.002030698516540993,0.18190125520087186,A,1192,1.6283557046979866,0.38168480934745813,Intermittent
FOODS_3_808,FOODS_3,FOODS,46094,46105.82,1528,0.002008593274439597,0.18390984847531144,A,1528,1.2702879581151831,0.6186290748040812,Erratic
FOODS_3_499,FOODS_3,FOODS,18211,45585.46,1039,0.001985923867490813,0.18589577234280225,A,1039,1.8681424446583252,0.25452126569274963,Intermittent
FOODS_3_231,FOODS_3,FOODS,8504,45299.08,1434,0.001973447764865721,0.18786922010766796,A,1434,1.3535564853556485,0.5516932658726671,Lumpy
HOUSEHOLD_1_110,HOUSEHOLD_1,HOUSEHOLD,12106,44246.02,1075,0.0019275713606811437,0.1897967914683491,A,1075,1.805581395348837,0.22689224370093589,Intermittent
FOODS_3_753,FOODS_3,FOODS,8316,44037.18,1532,0.0019184732767638863,0.191715264745113,A,1532,1.266971279373368,0.6509458907163059,Erratic
FOODS_3_079,FOODS_3,FOODS,7332,43850.86,1412,0.0019103562733379937,0.193625621018451,A,1412,1.3746458923512748,0.6085777315254481,Lumpy
FOODS_2_052,FOODS_2,FOODS,3395,43578.76,966,0.0018985022768148864,0.19552412329526586,A,966,2.0093167701863353,0.31774356048695535,Intermittent
FOODS_3_156,FOODS_3,FOODS,11217,42959.659999999996,1849,0.0018715312762729685,0.19739565457153882,A,1849,1.0497566252028123,0.4432319698796283,Smooth
FOODS_3_318,FOODS_3,FOODS,32973,41969.74,1362,0.0018284055569118718,0.1992240601284507,A,1362,1.4251101321585904,0.8752682932741653,Lumpy
FOODS_3_695,FOODS_3,FOODS,10428,41540.84,1741,0.0018097205914257978,0.2010337807198765,A,1741,1.1148765077541642,0.4141305506675652,Smooth
HOUSEHOLD_1_140,HOUSEHOLD_1,HOUSEHOLD,2757,41433.41,1322,0.0018050404192593982,0.20283882113913587,A,1322,1.4682299546142208,0.3278049867647607,Intermittent
HOUSEHOLD_1_413,HOUSEHOLD_1,HOUSEHOLD,2301,41348.969999999994,1148,0.0018013618030653102,0.20464018294220118,A,1148,1.6907665505226481,0.32963906109796237,Intermittent
FOODS_3_491,FOODS_3,FOODS,29211,39698.479999999996,1465,0.0017294584487050624,0.20636964139090624,A,1465,1.324914675767918,0.35149618556266826,Intermittent
HOUSEHOLD_1_072,HOUSEHOLD_1,HOUSEHOLD,4959,39640.82,1675,0.0017269464992764614,0.2080965878901827,A,1675,1.1588059701492537,0.3275031206696256,Smooth
FOODS_3_723,FOODS_3,FOODS,28840,39126.409999999996,1476,0.001704536303203504,0.2098011241933862,A,1476,1.315040650406504,0.39895960860783386,Smooth
FOODS_3_455,FOODS_3,FOODS,17600,38154.4,1313,0.0016621908303610727,0.21146331502374727,A,1313,1.4782939832444784,0.510576233193126,Lumpy
FOODS_3_704,FOODS_3,FOODS,8936,38041.38,1689,0.0016572671306659546,0.21312058215441324,A,1689,1.1492007104795736,0.3586530315161361,Smooth
HOBBIES_1_064,HOBBIES_1,HOBBIES,2925,37919.04,1334,0.00165193740654013,0.21477251956095336,A,1334,1.4550224887556222,0.3204217141947112,Intermittent
FOODS_2_131,FOODS_2,FOODS,6303,37655.86,1256,0.0016404720085064974,0.21641299156945987,A,1256,1.5453821656050954,0.36192035390693456,Intermittent
FOODS_3_469,FOODS_3,FOODS,6093,37478.72,1675,0.0016327549304318806,0.21804574649989175,A,1675,1.1588059701492537,0.3890177703233425,Smooth
FOODS_3_263,FOODS_3,FOODS,13632,37355.5,1571,0.0016273868692353451,0.2196731333691271,A,1571,1.2355187778485042,0.2890315318328577,Smooth
FOODS_3_541,FOODS_3,FOODS,36420,36432.48,1524,0.00158717563854531,0.2212603090076724,A,1524,1.2736220472440944,0.6046925711787531,Erratic
FOODS_3_368,FOODS_3,FOODS,6039,36124.72,1444,0.0015737681193613647,0.22283407712703376,A,1444,1.3441828254847645,0.637880855515412,Lumpy
HOUSEHOLD_1_514,HOUSEHOLD_1,HOUSEHOLD,9865,36087.48,1074,0.0015721457642326603,0.22440622289126644,A,1074,1.8072625698324023,0.2653101154655216,Intermittent
FOODS_3_681,FOODS_3,FOODS,33533,35393.38,1762,0.0015419073997097316,0.22594813029097616,A,1762,1.101589103291714,0.7347112138932632,Erratic
HOUSEHOLD_1_469,HOUSEHOLD_1,HOUSEHOLD,1962,35257.14,1066,0.0015359721241260927,0.22748410241510225,A,1066,1.820825515947467,0.315126536925206,Intermittent
FOODS_3_635,FOODS_3,FOODS,34681,34685.08,1463,0.0015110504142730652,0.22899515282937533,A,1463,1.326725905673274,0.619987476100059,Lumpy
FOODS_2_293,FOODS_2,FOODS,8762,34555.43,1785,0.0015054022310712243,0.23050055506044656,A,1785,1.0873949579831932,0.4542458256425049,Smooth
FOODS_3_377,FOODS_3,FOODS,21518,34434.54,1932,0.0015001356759823657,0.23200069073642893,A,1932,1.0046583850931676,0.1781914798089483,Smooth
HOUSEHOLD_1_537,HOUSEHOLD_1,HOUSEHOLD,2155,34415.67,1230,0.0014993136072047432,0.23350000434363366,A,1230,1.578048780487805,0.28345998138092393,Intermittent
FOODS_2_349,FOODS_2,FOODS,5705,34081.78,1274,0.0014847677384098139,0.23498477208204346,A,1274,1.5235478806907379,0.36290444861926563,Intermittent
HOUSEHOLD_1_373,HOUSEHOLD_1,HOUSEHOLD,9911,33657.22,1822,0.0014662718443861076,0.23645104392642957,A,1822,1.0653128430296377,0.3990690556019795,Smooth
HOBBIES_1_241,HOBBIES_1,HOBBIES,1638,33300.200000000004,426,0.0014507183205394346,0.23790176224696902,A,426,4.556338028169014,0.3981536125298245,Intermittent
FOODS_3_739,FOODS_3,FOODS,22172,33258.0,1091,0.0014488798837394522,0.23935064213070847,A,1091,1.7791017415215398,0.311538176922941,Intermittent
FOODS_3_652,FOODS_3,FOODS,8261,32878.78,1614,0.0014323592201543997,0.24078300135086286,A,1614,1.2026022304832713,0.2900482665116348,Smooth
FOODS_3_389,FOODS_3,FOODS,20375,32429.9,1928,0.0014128038289037844,0.24219580517976666,A,1928,1.0067427385892116,0.24182447840748622,Smooth
FOODS_3_039,FOODS_3,FOODS,8050,32372.6,1308,0.001410307562822292,0.24360611274258895,A,1308,1.4839449541284404,0.42401109316114877,Intermittent
HOUSEHOLD_1_096,HOUSEHOLD_1,HOUSEHOLD,8731,32109.56,1056,0.0013988482638680909,0.24500496100645705,A,1056,1.8380681818181819,0.31862622216017655,Intermittent
FOODS_3_668,FOODS_3,FOODS,20088,32042.74,1932,0.0013959372603852757,0.24640089826684233,A,1932,1.0046583850931676,0.19009026367816578,Smooth
FOODS_2_371,FOODS_2,FOODS,15975,32024.7,1849,0.0013951513504357098,0.24779604961727805,A,1849,1.0497566252028123,0.22213080666067497,Smooth
FOODS_3_136,FOODS_3,FOODS,7349,31537.22,1611,0.0013739143558562008,0.24916996397313426,A,1611,1.2048417132216014,0.34839866660481744,Smooth
FOODS_3_139,FOODS_3,FOODS,6318,31318.74,1629,0.001364396306755251,0.2505343602798895,A,1629,1.1915285451197053,0.30601193955894784,Smooth
FOODS_3_572,FOODS_3,FOODS,11407,31245.34,1565,0.0013611986465391682,0.2518955589264287,A,1565,1.2402555910543132,0.3123038092889093,Smooth
HOBBIES_1_258,HOBBIES_1,HOBBIES,2714,30809.07,1325,0.0013421926080858936,0.25323775153451455,A,1325,1.4649056603773585,0.3872095471056527,Intermittent
FOODS_3_822,FOODS_3,FOODS,8186,30609.18,1522,0.0013334844296037033,0.25457123596411824,A,1522,1.2752956636005257,0.537102692689017,Erratic
HOUSEHOLD_1_409,HOUSEHOLD_1,HOUSEHOLD,10278,30446.28,1170,0.0013263877150369477,0.2558976236791552,A,1170,1.658974358974359,0.3080077815316929,Intermittent
FOODS_3_064,FOODS_3,FOODS,27281,30068.04,1456,0.0013099097450079138,0.2572075334241631,A,1456,1.3331043956043955,0.38906364504463775,Intermittent
HOUSEHOLD_1_177,HOUSEHOLD_1,HOUSEHOLD,3958,29873.13,1296,0.001301418519494063,0.25850895194365714,A,1296,1.4976851851851851,0.3782122433810534,Intermittent
FOODS_3_227,FOODS_3,FOODS,11464,29697.0,1708,0.001293745441921057,0.2598026973855782,A,1708,1.1364168618266979,0.3299356846141784,Smooth
HOUSEHOLD_1_027,HOUSEHOLD_1,HOUSEHOLD,5224,29471.679999999997,1563,0.0012839294092250387,0.26108662679480327,A,1563,1.2418426103646834,0.39898520008174915,Smooth
HOBBIES_1_134,HOBBIES_1,HOBBIES,8063,29285.68,1555,0.001275826346552132,0.2623624531413554,A,1555,1.2482315112540192,0.46433663844490153,Smooth
FOODS_1_004,FOODS_1,FOODS,15892,29181.260000000002,1323,0.0012712773045935033,0.2636337304459489,A,1323,1.4671201814058956,0.4733153642571305,Intermittent
FOODS_2_030,FOODS_2,FOODS,6485,28985.850000000002,1710,0.0012627642966531122,0.264896494742602,A,1710,1.1350877192982456,0.3124294019260799,Smooth
HOUSEHOLD_1_165,HOUSEHOLD_1,HOUSEHOLD,1614,28923.73,867,0.0012600580479797735,0.2661565527905818,A,867,2.2387543252595155,0.38831565834287457,Intermittent
HOBBIES_1_141,HOBBIES_1,HOBBIES,1980,28915.25,912,0.0012596886180256538,0.2674162414086075,A,912,2.1282894736842106,0.35103075460724403,Intermittent
FOODS_3_300,FOODS_3,FOODS,7232,28813.059999999998,1678,0.0012552367256893938,0.26867147813429687,A,1678,1.1567342073897497,0.3919946298077421,Smooth
FOODS_3_330,FOODS_3,FOODS,7226,28799.079999999998,1632,0.0012546276890433334,0.2699261058233402,A,1632,1.1893382352941178,0.42944485778754277,Smooth
FOODS_3_288,FOODS_3,FOODS,19150,28725.0,1103,0.0012514004047271563,0.27117750622806736,A,1103,1.759746146872167,0.3349630841668941,Intermittent
HOBBIES_1_297,HOBBIES_1,HOBBIES,1932,28699.52,1084,0.0012502903722706742,0.27242779660033806,A,1084,1.790590405904059,0.3530662990590297,Intermittent
FOODS_3_319,FOODS_3,FOODS,28434,28432.62,1559,0.0012386629129835837,0.27366645951332164,A,1559,1.2450288646568313,0.5674929547636558,Erratic
FOODS_1_012,FOODS_1,FOODS,5290,28422.18,1295,0.001238208095917427,0.27490466760923904,A,1295,1.4988416988416988,0.359597080373423,Intermittent
FOODS_3_811,FOODS_3,FOODS,15040,28104.6,1421,0.0012243727698762344,0.2761290403791153,A,1421,1.365939479239972,0.3764893147354235,Intermittent
FOODS_3_772,FOODS_3,FOODS,5352,28083.38,1219,0.001223448323693874,0.27735248870280915,A,1219,1.5922887612797374,0.7107806195297371,Lumpy
HOBBIES_1_099,HOBBIES_1,HOBBIES,1887,27955.920000000002,858,0.0012178955475202788,0.27857038425032943,A,858,2.262237762237762,0.3326510449254359,Intermittent
FOODS_3_363,FOODS_3,FOODS,11423,27937.89,1711,0.0012171100732192436,0.27978749432354866,A,1711,1.1344243132670953,0.6250064670651128,Erratic
FOODS_2_194,FOODS_2,FOODS,4012,27924.800000000003,1182,0.0012165398092924247,0.2810040341328411,A,1182,1.6421319796954315,0.4233571194654068,Intermittent
FOODS_3_127,FOODS_3,FOODS,7897,27839.96,1844,0.0012128437671571051,0.28221687789999816,A,1844,1.0526030368763557,0.5128803415523416,Erratic
FOODS_2_183,FOODS_2,FOODS,3140,27743.55,1125,0.0012086436796716483,0.2834255215796698,A,1125,1.7253333333333334,0.43419157913042167,Intermittent
HOBBIES_1_055,HOBBIES_1,HOBBIES,3279,27716.56,1309,0.0012074678642870153,0.2846329894439568,A,1309,1.482811306340718,0.39149738861576644,Intermittent
FOODS_3_228,FOODS_3,FOODS,17454,27648.52,1929,0.0012045037116834422,0.2858374931556403,A,1929,1.0062208398133747,0.24701678719834824,Smooth
FOODS_3_230,FOODS_3,FOODS,7645,27095.1,1841,0.0011803940506918285,0.2870178872063321,A,1841,1.0543183052688756,0.46354471674097303,Smooth
HOUSEHOLD_1_066,HOUSEHOLD_1,HOUSEHOLD,8980,26970.62,1338,0.001174971097780412,0.2881928583041125,A,1338,1.4506726457399104,0.31818781870275764,Intermittent
HOUSEHOLD_1_191,HOUSEHOLD_1,HOUSEHOLD,8436,26969.78,1185,0.0011749345033038247,0.2893677928074163,A,1185,1.6379746835443039,0.31717676767455816,Intermittent
HOBBIES_1_085,HOBBIES_1,HOBBIES,1831,26952.320000000003,905,0.0011741738609690456,0.29054196666838533,A,905,2.1447513812154697,0.3698289237835419,Intermittent
HOUSEHOLD_2_176,HOUSEHOLD_2,HOUSEHOLD,5407,26872.789999999997,1345,0.0011707091482035814,0.29171267581658894,A,1345,1.4431226765799257,0.35867041140301964,Intermittent
FOODS_3_327,FOODS_3,FOODS,8479,26851.920000000002,1609,0.001169799949719799,0.2928824757663087,A,1609,1.2063393412057177,0.37064601246246875,Smooth
FOODS_3_682,FOODS_3,FOODS,7640,26776.12,891,0.0011664977338563239,0.294048973500165,A,891,2.1784511784511786,0.2980558321647506,Intermittent
HOBBIES_1_108,HOBBIES_1,HOBBIES,2103,26775.58,1140,0.0011664742088356608,0.29521544770900066,A,1140,1.7026315789473685,0.41369606181579605,Intermittent
FOODS_3_245,FOODS_3,FOODS,12170,26644.6,1313,0.0011607680843792232,0.29637621579337986,A,1313,1.4782939832444784,0.5903341177505195,Lumpy
FOODS_3_217,FOODS_3,FOODS,8976,26573.48,1888,0.0011576697520281633,0.29753388554540805,A,1888,1.0280720338983051,0.2752537439360894,Smooth
FOODS_3_203,FOODS_3,FOODS,5938,26512.280000000002,1642,0.0011550035830196587,0.2986888891284277,A,1642,1.182095006090134,0.4255363650404658,Smooth
FOODS_3_281,FOODS_3,FOODS,23242,26438.87,1278,0.0011518054871550451,0.29984069461558277,A,1278,1.5187793427230047,0.702827415789498,Lumpy
FOODS_3_481,FOODS_3,FOODS,7000,26413.04,1571,0.0011506802069999851,0.30099137482258276,A,1571,1.2355187778485042,0.3354352721435075,Smooth
FOODS_3_298,FOODS_3,FOODS,1404,26405.82,871,0.0011503656687607464,0.3021417404913435,A,871,2.2284730195177955,0.30206411711839537,Intermittent
FOODS_1_170,FOODS_1,FOODS,4890,26267.34,864,0.001144332807906208,0.3032860732992497,A,864,2.2465277777777777,0.32137011189344217,Intermittent
HOUSEHOLD_1_106,HOUSEHOLD_1,HOUSEHOLD,2881,26210.56,638,0.0011418591955483174,0.30442793249479805,A,638,3.042319749216301,0.4707997764724189,Intermittent
FOODS_2_082,FOODS_2,FOODS,4349,26047.97,1460,0.0011347759860860166,0.30556270848088407,A,1460,1.3294520547945206,0.3953674277263034,Intermittent
HOBBIES_1_345,HOBBIES_1,HOBBIES,3418,26015.4,1372,0.0011333570788211963,0.30669606555970524,A,1372,1.4147230320699709,0.5052234419502311,Lumpy
HOBBIES_1_364,HOBBIES_1,HOBBIES,2054,25702.85,1100,0.001119740883990997,0.3078158064436962,A,1100,1.7645454545454546,0.37856547553097575,Intermittent
HOUSEHOLD_1_222,HOUSEHOLD_1,HOUSEHOLD,2508,25495.760000000002,788,0.00111071903856663,0.30892652548226285,A,788,2.463197969543147,0.4382343525476856,Intermittent
HOBBIES_1_089,HOBBIES_1,HOBBIES,3139,25112.79,1413,0.001094035006782527,0.31002056048904536,A,1413,1.3736730360934182,0.43678124578807,Intermittent
FOODS_3_562,FOODS_3,FOODS,5029,25013.72,1613,0.001089719036787877,0.31111027952583326,A,1613,1.203347799132052,0.3993462100070413,Smooth
HOUSEHOLD_1_100,HOUSEHOLD_1,HOUSEHOLD,3106,24904.579999999998,1393,0.0010849643687227098,0.31219524389455594,A,1393,1.3933955491744436,0.35293344583390274,Intermittent
HOBBIES_1_324,HOBBIES_1,HOBBIES,1681,24804.0,999,0.001080582615799909,0.31327582651035585,A,999,1.942942942942943,0.34058484590504967,Intermittent
FOODS_2_181,FOODS_2,FOODS,12235,24533.72,1809,0.0010688079073094075,0.31434463441766525,A,1809,1.0729684908789385,0.2725454148897937,Smooth
HOBBIES_1_300,HOBBIES_1,HOBBIES,2591,24526.73,1183,0.0010685033889863773,0.31541313780665164,A,1183,1.6407438715131022,0.37287609366029184,Intermittent
FOODS_2_060,FOODS_2,FOODS,3337,24467.88,1290,0.0010659395973826107,0.31647907740403425,A,1290,1.5046511627906978,0.36482107175867423,Intermittent
FOODS_3_676,FOODS_3,FOODS,3401,24363.980000000003,1221,0.0010614132091475838,0.31754049061318185,A,1221,1.5896805896805897,0.44559694920876763,Intermittent
FOODS_3_755,FOODS_3,FOODS,23374,24318.19,1457,0.001059418374525044,0.3185999089877069,A,1457,1.3321894303363075,0.3711595019042829,Intermittent
FOODS_3_727,FOODS_3,FOODS,6371,24266.74,1460,0.0010571769628340705,0.319657085950541,A,1460,1.3294520547945206,0.5232824513107069,Lumpy
HOUSEHOLD_1_488,HOUSEHOLD_1,HOUSEHOLD,2447,24206.940000000002,1136,0.001054571784619878,0.32071165773516086,A,1136,1.7086267605633803,0.34180259044882316,Intermittent
FOODS_3_725,FOODS_3,FOODS,8563,24182.54,1529,0.0010535088022047222,0.3217651665373656,A,1529,1.2694571615434924,0.36400446697146915,Smooth
HOBBIES_1_374,HOBBIES_1,HOBBIES,1380,24122.4,754,0.0010508888119404823,0.3228160553493061,A,754,2.5742705570291777,0.3378835341264641,Intermittent
HOBBIES_1_357,HOBBIES_1,HOBBIES,1707,24085.6,903,0.001049285625347133,0.3238653409746532,A,903,2.1495016611295683,0.449277142248267,Intermittent
FOODS_3_400,FOODS_3,FOODS,8125,24022.5,1863,0.001046536683117776,0.32491187765777096,A,1863,1.0418679549114331,0.29138958275824794,Smooth
HOBBIES_1_029,HOBBIES_1,HOBBIES,2854,23886.48,1305,0.0010406109918018147,0.32595248864957277,A,1305,1.4873563218390804,0.3672338967535847,Intermittent
HOUSEHOLD_1_497,HOUSEHOLD_1,HOUSEHOLD,1560,23643.7,768,0.0010300343167710172,0.3269825229663438,A,768,2.52734375,0.4080263533477853,Intermittent
FOODS_3_501,FOODS_3,FOODS,29004,23595.06,1679,0.0010279153223171989,0.328010438288661,A,1679,1.1560452650387134,0.4696362062479254,Smooth
FOODS_3_257,FOODS_3,FOODS,6197,23506.3,1510,0.0010240485059578052,0.32903448679461883,A,1510,1.2854304635761589,0.4045831775063889,Smooth
FOODS_1_043,FOODS_1,FOODS,12837,23496.94,1436,0.001023640738932975,0.3300581275335518,A,1436,1.3516713091922006,0.47019455763240964,Intermittent
HOBBIES_1_225,HOBBIES_1,HOBBIES,769,23467.64,607,0.0010223642887377269,0.33108049182228955,A,607,3.197693574958814,0.15706314163708812,Intermittent
FOODS_3_407,FOODS_3,FOODS,7823,23414.2,1770,0.0010200361829891238,0.3321005280052787,A,1770,1.0966101694915253,0.40754028641336115,Smooth
FOODS_3_295,FOODS_3,FOODS,28691,23350.88,1695,0.0010172776564920892,0.33311780566177074,A,1695,1.1451327433628318,0.4143816650192043,Smooth
HOUSEHOLD_1_310,HOUSEHOLD_1,HOUSEHOLD,3144,23324.63,1098,0.0010161340790987353,0.33413393974086947,A,1098,1.7677595628415301,0.34438596355168605,Intermittent
HOUSEHOLD_1_005,HOUSEHOLD_1,HOUSEHOLD,2322,23286.84,1109,0.0010144877633008367,0.3351484275041703,A,1109,1.7502254283137961,0.43197192951111796,Intermittent
FOODS_3_756,FOODS_3,FOODS,8937,23265.7,1743,0.0010135668023067224,0.33616199430647703,A,1743,1.1135972461273667,0.4386691480645952,Smooth
FOODS_3_304,FOODS_3,FOODS,5433,23175.88,1676,0.0010096538072030638,0.3371716481136801,A,1676,1.1581145584725536,0.44468914025749545,Smooth
FOODS_3_313,FOODS_3,FOODS,12634,23042.94,1680,0.0010038622956345894,0.3381755104093147,A,1680,1.1553571428571427,1.4945669636041192,Erratic
FOODS_3_493,FOODS_3,FOODS,3202,23014.960000000003,1284,0.001002643351045407,0.3391781537603601,A,1284,1.5116822429906542,0.3249787054508544,Intermittent
HOUSEHOLD_1_357,HOUSEHOLD_1,HOUSEHOLD,1905,22869.350000000002,779,0.000996299872788407,0.3401744536331485,A,779,2.491655969191271,0.38826372185734936,Intermittent
HOUSEHOLD_1_490,HOUSEHOLD_1,HOUSEHOLD,1830,22799.100000000002,1018,0.000993239441859527,0.34116769307500805,A,1018,1.9066797642436148,0.39383307564294223,Intermittent
FOODS_2_233,FOODS_2,FOODS,5150,22750.750000000004,1668,0.0009911330812131022,0.3421588261562212,A,1668,1.1636690647482015,0.39916444625487135,Smooth
FOODS_3_305,FOODS_3,FOODS,6777,22635.76,1546,0.000986123558757416,0.3431449497149786,A,1546,1.2554980595084089,0.3991325199706205,Smooth
FOODS_3_233,FOODS_3,FOODS,8982,22496.94,822,0.0009800758858528303,0.3441250256008314,A,822,2.3613138686131387,0.3952546575330069,Intermittent
FOODS_3_349,FOODS_3,FOODS,14380,22326.9,1893,0.0009726681182350826,0.3450976937190665,A,1893,1.0253565768621236,0.397895192365958,Smooth
HOUSEHOLD_1_347,HOUSEHOLD_1,HOUSEHOLD,2792,22252.239999999998,1218,0.0009694155663041189,0.34606710928537066,A,1218,1.5935960591133005,0.3293219675300888,Intermittent
FOODS_1_218,FOODS_1,FOODS,22656,22211.079999999998,1838,0.0009676224369513401,0.347034731722322,A,1838,1.0560391730141458,0.5467338903313246,Erratic
FOODS_2_222,FOODS_2,FOODS,8767,22136.04,1166,0.0009643533303762061,0.3479990850526982,A,1166,1.6646655231560892,0.4842152422719547,Intermittent
FOODS_3_634,FOODS_3,FOODS,5548,22091.04,1571,0.0009623929119875997,0.3489614779646858,A,1571,1.2355187778485042,0.4295732929658749,Smooth
FOODS_3_030,FOODS_3,FOODS,17419,22059.1,1358,0.0009610014505802198,0.349922479415266,A,1358,1.4293078055964654,1.0276268613940966,Lumpy
FOODS_3_678,FOODS_3,FOODS,4441,21863.88,1272,0.000952496719961914,0.3508749761352279,A,1272,1.525943396226415,0.4950591631660227,Lumpy
HOUSEHOLD_1_040,HOUSEHOLD_1,HOUSEHOLD,4844,21771.67,1446,0.0009484796048593937,0.3518234557400873,A,1446,1.342323651452282,0.45899155577269096,Intermittent
HOBBIES_1_337,HOBBIES_1,HOBBIES,5914,21704.38,1589,0.0009455481258956309,0.3527690038659829,A,1589,1.2215229704216488,0.411193021177253,Smooth
FOODS_3_226,FOODS_3,FOODS,13548,21657.34,1905,0.0009434988352067409,0.35371250270118965,A,1905,1.0188976377952756,0.2712473491629836,Smooth
HOBBIES_1_226,HOBBIES_1,HOBBIES,1479,21653.53,853,0.0009433328531165055,0.35465583555430613,A,853,2.275498241500586,0.27820335598996543,Intermittent
FOODS_3_636,FOODS_3,FOODS,6103,21383.78,787,0.0009315812339981364,0.35558741678830424,A,787,2.466327827191868,0.31424902512413994,Intermittent
FOODS_3_477,FOODS_3,FOODS,13333,21334.74,1906,0.0009294448136030862,0.3565168616019073,A,1906,1.0183630640083945,0.21687567935511307,Smooth
FOODS_3_393,FOODS_3,FOODS,6039,21169.68,961,0.0009222539989536775,0.357439115600861,A,961,2.019771071800208,0.34147783107022456,Intermittent
HOBBIES_1_166,HOBBIES_1,HOBBIES,1900,21076.0,820,0.0009181728435171296,0.35835728844437814,A,820,2.3670731707317074,0.31238095238095304,Intermittent
HOUSEHOLD_1_541,HOUSEHOLD_1,HOUSEHOLD,2782,21049.77,1082,0.0009170301374208374,0.359274318581799,A,1082,1.7939001848428835,0.42973157796779166,Intermittent
FOODS_1_055,FOODS_1,FOODS,5451,20938.24,1278,0.0009121713493568089,0.36018648993115576,A,1278,1.5187793427230047,1.4694160661618711,Lumpy
FOODS_3_224,FOODS_3,FOODS,5571,20930.9,1454,0.0009118515833352007,0.36109834151449094,A,1454,1.3349381017881705,0.48848678504151266,Intermittent
HOUSEHOLD_1_038,HOUSEHOLD_1,HOUSEHOLD,4063,20917.66,1599,0.0009112747846804195,0.36200961629917133,A,1599,1.2138836772983115,0.31335829926217074,Smooth
FOODS_3_150,FOODS_3,FOODS,9721,20870.26,1066,0.0009092098106444205,0.36291882610981574,A,1066,1.820825515947467,0.5986844149740849,Lumpy
FOODS_2_299,FOODS_2,FOODS,10279,20659.41,1722,0.000900024161372472,0.3638188502711882,A,1722,1.127177700348432,0.3791032402111619,Smooth
FOODS_3_458,FOODS_3,FOODS,10800,20620.46,1778,0.0008983273103450004,0.3647171775815332,A,1778,1.0916760404949382,0.37053665870793734,Smooth
HOUSEHOLD_1_184,HOUSEHOLD_1,HOUSEHOLD,1719,20605.93,795,0.000897694313029746,0.365614871894563,A,795,2.4415094339622643,0.3011828163114602,Intermittent
FOODS_3_615,FOODS_3,FOODS,4824,20586.4,1454,0.0008968434914490908,0.36651171538601207,A,1454,1.3349381017881705,0.41261027229704494,Intermittent
FOODS_2_212,FOODS_2,FOODS,4555,20481.82,989,0.0008922874791139692,0.36740400286512603,A,989,1.9625884732052579,0.6568605995847997,Lumpy
HOUSEHOLD_1_068,HOUSEHOLD_1,HOUSEHOLD,2930,20422.1,1254,0.0008896857860880229,0.36829368865121404,A,1254,1.5478468899521531,0.3406138506875746,Intermittent
FOODS_3_351,FOODS_3,FOODS,19720,20412.63,1460,0.000889273226929354,0.36918296187814337,A,1460,1.3294520547945206,0.33060097255257237,Intermittent
FOODS_3_526,FOODS_3,FOODS,10289,20372.22,1681,0.0008875127712163854,0.37007047464935977,A,1681,1.1546698393813206,0.6054823660082833,Erratic
FOODS_2_360,FOODS_2,FOODS,25054,20244.64,1416,0.0008819547672604205,0.3709524294166202,A,1416,1.3707627118644068,0.4261253270695963,Intermittent
FOODS_1_085,FOODS_1,FOODS,20542,20164.78,1903,0.0008784756780934401,0.37183090509471367,A,1903,1.0199684708355228,0.4016728145849304,Smooth
FOODS_3_037,FOODS_3,FOODS,8045,20147.36,1190,0.000877716778352784,0.37270862187306647,A,1190,1.63109243697479,0.26661875813299124,Intermittent
FOODS_2_380,FOODS_2,FOODS,3993,20108.53,1072,0.0008760251551076819,0.3735846470281742,A,1072,1.810634328358209,0.829636332059201,Lumpy
HOBBIES_1_144,HOBBIES_1,HOBBIES,1784,19949.04,1086,0.0008690769966899298,0.3744537240248641,A,1086,1.787292817679558,0.26755392337066,Intermittent
FOODS_2_115,FOODS_2,FOODS,2301,19927.96,737,0.0008681586495870002,0.3753218826744511,A,737,2.633649932157395,0.45956201215737214,Intermittent
FOODS_3_399,FOODS_3,FOODS,5683,19917.38,864,0.0008676977334414124,0.3761895804078925,A,864,2.2465277777777777,0.3037422719707647,Intermittent
FOODS_3_628,FOODS_3,FOODS,4984,19846.82,1564,0.0008646237974080773,0.3770542042053006,A,1564,1.2410485933503836,0.42788109061898866,Smooth
FOODS_3_782,FOODS_3,FOODS,7661,19813.0,1634,0.0008631504340769068,0.37791735463937753,A,1634,1.1878824969400246,0.384283011864785,Smooth
FOODS_1_187,FOODS_1,FOODS,2154,19702.57,1035,0.0008583395673512664,0.3787756942067288,A,1035,1.8753623188405797,0.4401448470067684,Intermittent
FOODS_3_307,FOODS_3,FOODS,4942,19650.16,1021,0.0008560563334013361,0.37963175054013015,A,1021,1.901077375122429,0.4182420069762129,Intermittent
FOODS_1_180,FOODS_1,FOODS,2030,19541.3,925,0.0008513138634950315,0.38048306440362517,A,925,2.0983783783783783,1.1970158795639874,Lumpy
FOODS_2_342,FOODS_2,FOODS,3258,19523.440000000002,1310,0.0008505357952190202,0.3813336001988442,A,1310,1.4816793893129772,0.39909408882919384,Intermittent
HOBBIES_1_338,HOBBIES_1,HOBBIES,2339,19492.9,1139,0.0008492053246059526,0.3821828055234502,A,1139,1.704126426690079,0.3425121981297839,Intermittent
FOODS_3_107,FOODS_3,FOODS,7775,19361.2,1488,0.0008434678334552975,0.3830262733569055,A,1488,1.3044354838709677,0.3565579067996018,Smooth
FOODS_3_054,FOODS_3,FOODS,9843,19359.08,1363,0.0008433754759667676,0.3838696488328722,A,1363,1.4240645634629494,0.38681088949853637,Intermittent
HOBBIES_1_423,HOBBIES_1,HOBBIES,2521,19348.38,1197,0.00084290933203881,0.384712558164911,A,1197,1.6215538847117794,0.31583660778558154,Intermittent
HOUSEHOLD_1_410,HOUSEHOLD_1,HOUSEHOLD,4692,19337.74,924,0.0008424458020020373,0.38555500396691306,A,924,2.1006493506493507,0.4544734915619898,Intermittent
HOUSEHOLD_1_370,HOUSEHOLD_1,HOUSEHOLD,2753,19307.030000000002,1292,0.0008411079253639461,0.386396111892277,A,1292,1.5023219814241486,0.35466530047137684,Intermittent
HOBBIES_1_050,HOBBIES_1,HOBBIES,1811,19298.82,1116,0.000840750257920158,0.38723686215019715,A,1116,1.739247311827957,0.3147560450301508,Intermittent
HOBBIES_1_215,HOBBIES_1,HOBBIES,1760,19252.94,1009,0.0008387515024608409,0.38807561365265797,A,1009,1.9236868186323093,0.330633727955283,Intermittent
HOUSEHOLD_1_197,HOUSEHOLD_1,HOUSEHOLD,3908,19248.01,1577,0.0008385367277351559,0.3889141503803931,A,1577,1.2308180088776157,0.32768919983142236,Smooth
FOODS_2_101,FOODS_2,FOODS,3208,19190.140000000003,1253,0.0008360156296874081,0.3897501660100805,A,1253,1.5490822027134876,0.4053618056856251,Intermittent
FOODS_3_097,FOODS_3,FOODS,9437,19167.04,1677,0.0008350092815812566,0.39058517529166176,A,1677,1.1574239713774597,0.3151882482113147,Smooth
FOODS_3_474,FOODS_3,FOODS,10212,19069.76,1363,0.00083077129267362,0.3914159465843354,A,1363,1.4240645634629494,0.6022961327831532,Lumpy
FOODS_3_688,FOODS_3,FOODS,10168,18999.64,1366,0.0008277165251756403,0.39224366310951103,A,1366,1.4209370424597365,0.5654945044061066,Lumpy
HOBBIES_1_037,HOBBIES_1,HOBBIES,1464,18993.690000000002,896,0.0008274573142998136,0.39307112042381087,A,896,2.166294642857143,0.28623423583930113,Intermittent
FOODS_3_760,FOODS_3,FOODS,6583,18959.04,477,0.0008259477921405865,0.39389706821595144,A,477,4.069182389937107,0.29384453255864856,Intermittent
FOODS_3_514,FOODS_3,FOODS,3772,18784.56,820,0.0008183465965751628,0.3947154148125266,A,820,2.3670731707317074,0.7438413298526723,Lumpy
FOODS_2_056,FOODS_2,FOODS,2670,18756.370000000003,1019,0.0008171185033668336,0.39553253331589344,A,1019,1.9048086359175662,0.49420070649089637,Lumpy
HOUSEHOLD_1_338,HOUSEHOLD_1,HOUSEHOLD,4745,18750.42,924,0.0008168592924910066,0.3963493926083844,A,924,2.1006493506493507,0.4276852621022641,Intermittent
FOODS_3_485,FOODS_3,FOODS,4870,18676.44,1427,0.0008136363646601375,0.39716302897304456,A,1427,1.3601962158374212,0.33102925522888726,Intermittent
HOUSEHOLD_2_140,HOUSEHOLD_2,HOUSEHOLD,2676,18651.72,1314,0.0008125594414919964,0.39797558841453656,A,1314,1.4771689497716896,0.3533576585244343,Intermittent
HOBBIES_1_280,HOBBIES_1,HOBBIES,1704,18649.86,998,0.0008124784108652673,0.39878806682540185,A,998,1.9448897795591182,0.3229171855092267,Intermittent
FOODS_1_194,FOODS_1,FOODS,4024,18642.81,1419,0.0008121712786510523,0.39960023810405293,A,1419,1.3678646934460887,0.5472790211053612,Lumpy
FOODS_2_241,FOODS_2,FOODS,7810,18516.36,1000,0.000806662502979068,0.400406900607032,A,1000,1.941,0.3148250970652733,Intermittent
FOODS_1_018,FOODS_1,FOODS,18811,18447.62,1888,0.0008036678549783388,0.4012105684620103,A,1888,1.0280720338983051,0.41481491346851723,Smooth
FOODS_3_376,FOODS_3,FOODS,18323,18323.0,1705,0.0007982388029874912,0.4020088072649978,A,1705,1.13841642228739,0.7393407738507584,Erratic
FOODS_1_087,FOODS_1,FOODS,3357,18210.78,1067,0.0007933499551748374,0.40280215722017265,A,1067,1.8191190253045924,0.47547718603515327,Intermittent
FOODS_3_434,FOODS_3,FOODS,6423,18118.74,1505,0.000789340246097341,0.40359149746627,A,1505,1.2897009966777409,0.4045122573059635,Smooth
FOODS_3_378,FOODS_3,FOODS,3917,18112.18,1451,0.0007890544606611352,0.4043805519269311,A,1451,1.337698139214335,0.4100599292565457,Intermittent
FOODS_3_067,FOODS_3,FOODS,4604,18104.42,1599,0.0007887163974012331,0.40516926832433237,A,1599,1.2138836772983115,0.3446333903144898,Smooth
FOODS_3_730,FOODS_3,FOODS,3791,18094.18,1542,0.0007882702933056925,0.40595753861763806,A,1542,1.2587548638132295,0.34644673352426814,Smooth
HOUSEHOLD_1_292,HOUSEHOLD_1,HOUSEHOLD,2705,18009.4,1101,0.0007845768650615579,0.4067421154826996,A,1101,1.762942779291553,0.39929146215970146,Intermittent
FOODS_1_086,FOODS_1,FOODS,10704,18007.0,1518,0.0007844723094141655,0.40752658779211376,A,1518,1.2786561264822134,0.28994417458511756,Smooth
HOUSEHOLD_1_427,HOUSEHOLD_1,HOUSEHOLD,3021,18005.16,1029,0.0007843921500844981,0.4083109799421983,A,1029,1.8862973760932944,0.4143919123041943,Intermittent
HOBBIES_1_373,HOBBIES_1,HOBBIES,1203,17708.16,676,0.0007714533887196951,0.409082433330918,A,676,2.871301775147929,0.31162751557320667,Intermittent
FOODS_3_570,FOODS_3,FOODS,10402,17692.24,1510,0.0007707598362586592,0.40985319316717667,A,1510,1.2854304635761589,0.26638056076909467,Smooth
FOODS_3_757,FOODS_3,FOODS,6719,17654.62,911,0.0007691209264857841,0.41062231409366245,A,911,2.1306256860592754,0.3933175400106246,Intermittent
HOUSEHOLD_2_348,HOUSEHOLD_2,HOUSEHOLD,2728,17642.55,1216,0.0007685950987091067,0.41139090919237153,A,1216,1.596217105263158,0.34144573084860524,Intermittent
HOUSEHOLD_2_336,HOUSEHOLD_2,HOUSEHOLD,1924,17563.24,1062,0.0007651399702113205,0.41215604916258286,A,1062,1.8276836158192091,0.33147857222740473,Intermittent
HOUSEHOLD_1_449,HOUSEHOLD_1,HOUSEHOLD,1161,17529.27,709,0.000763660072152188,0.41291970923473503,A,709,2.7376586741889986,0.2906762499203785,Intermittent
HOUSEHOLD_1_171,HOUSEHOLD_1,HOUSEHOLD,1951,17500.47,1007,0.0007624054043834799,0.4136821146391185,A,1007,1.9275074478649454,0.3238871244395625,Intermittent
HOBBIES_1_164,HOBBIES_1,HOBBIES,1947,17464.15,1132,0.000760823128919609,0.41444293776803814,A,1132,1.7146643109540636,0.29894940978935713,Intermittent
HOUSEHOLD_1_014,HOUSEHOLD_1,HOUSEHOLD,970,17430.899999999998,652,0.000759374597554694,0.41520231236559285,A,652,2.976993865030675,0.2657407694923595,Intermittent
FOODS_2_036,FOODS_2,FOODS,4972,17379.74,1242,0.000757145819671114,0.415959458185264,A,1242,1.5628019323671498,0.4488129979896189,Intermittent
FOODS_3_219,FOODS_3,FOODS,13314,17341.579999999998,1325,0.0007554833848775755,0.41671494157014155,A,1325,1.4649056603773585,0.5954790881728528,Lumpy
HOBBIES_1_367,HOBBIES_1,HOBBIES,2089,17299.3,1053,0.0007536414628893471,0.4174685830330309,A,1053,1.8433048433048433,0.36101527648823867,Intermittent
FOODS_3_092,FOODS_3,FOODS,4673,17083.98,1301,0.0007442610787241304,0.418212844111755,A,1301,1.4919292851652575,0.4585233660479806,Intermittent
FOODS_2_352,FOODS_2,FOODS,1604,17074.56,507,0.0007438506978081154,0.41895669480956316,A,507,3.828402366863905,0.4994319108195818,Lumpy
FOODS_1_110,FOODS_1,FOODS,9259,17038.72,1395,0.0007422893334737231,0.41969898414303686,A,1395,1.3913978494623656,0.5994816959588684,Lumpy
HOUSEHOLD_1_342,HOUSEHOLD_1,HOUSEHOLD,948,17035.559999999998,538,0.0007421516685379896,0.42044113581157483,A,538,3.607806691449814,0.2864106933475203,Intermittent
HOBBIES_1_086,HOBBIES_1,HOBBIES,2056,17014.6,1132,0.0007412385492174299,0.42118237436079226,A,1132,1.7146643109540636,0.3312268338570647,Intermittent
FOODS_2_054,FOODS_2,FOODS,6298,16956.11,1527,0.0007386904409607723,0.421921064801753,A,1527,1.2711198428290766,0.4384807200314005,Smooth
FOODS_3_175,FOODS_3,FOODS,2364,16938.22,1130,0.0007379110657391685,0.4226589758674922,A,1130,1.7176991150442478,0.28989511615952823,Intermittent
FOODS_3_232,FOODS_3,FOODS,5575,16867.94,1744,0.0007348493278646959,0.4233938251953569,A,1744,1.1129587155963303,0.3370647142740274,Smooth
HOUSEHOLD_1_364,HOUSEHOLD_1,HOUSEHOLD,2201,16845.030000000002,1183,0.0007338512570806299,0.42412767645243754,A,1183,1.6407438715131022,0.3465644537116582,Intermittent
FOODS_3_732,FOODS_3,FOODS,8587,16769.1,1412,0.0007305433777862544,0.4248582198302238,A,1412,1.3746458923512748,0.4239512461347773,Intermittent
HOBBIES_1_361,HOBBIES_1,HOBBIES,549,16768.75,463,0.0007305281300876763,0.4255887479603115,A,463,4.1922246220302375,0.12319865937471727,Intermittent
FOODS_2_150,FOODS_2,FOODS,5702,16732.0,1462,0.000728927121736981,0.4263176750820485,A,1462,1.3276333789329686,0.38974378673680377,Intermittent
FOODS_3_265,FOODS_3,FOODS,4252,16695.26,1384,0.0007273265490348165,0.4270450016310833,A,1384,1.402456647398844,0.3850817151430284,Intermittent
FOODS_2_274,FOODS_2,FOODS,2361,16661.600000000002,1021,0.0007258601560801389,0.4277708617871634,A,1021,1.901077375122429,0.4329287185038005,Intermittent
FOODS_3_406,FOODS_3,FOODS,20357,16546.06,1673,0.0007208266729552589,0.42849168846011865,A,1673,1.1601912731619846,0.5830531490499015,Erratic
FOODS_3_241,FOODS_3,FOODS,6019,16535.86,1191,0.0007203823114538414,0.4292120707715725,A,1191,1.6297229219143576,0.6724781652731804,Lumpy
FOODS_1_161,FOODS_1,FOODS,16861,16527.3,1814,0.0007200093963114754,0.4299320801678839,A,1814,1.0700110253583242,0.5320331045649462,Erratic
FOODS_3_577,FOODS_3,FOODS,5423,16523.69,1490,0.000719852127191856,0.43065193229507576,A,1490,1.3026845637583893,0.471675480323924,Smooth
FOODS_3_208,FOODS_3,FOODS,3415,16516.2,1073,0.0007195258264422859,0.43137145812151806,A,1073,1.8089468779123952,0.49842163448815835,Lumpy
HOBBIES_1_081,HOBBIES_1,HOBBIES,1122,16515.84,657,0.0007195101430951769,0.43209096826461324,A,657,2.954337899543379,0.3260990222001511,Intermittent
FOODS_3_151,FOODS_3,FOODS,5989,16455.899999999998,1441,0.000716898865801553,0.4328078671304148,A,1441,1.3469812630117974,0.39060559139068823,Intermittent
HOUSEHOLD_1_486,HOUSEHOLD_1,HOUSEHOLD,909,16415.64,609,0.0007151449448165464,0.43352301207523136,A,609,3.187192118226601,0.2969363670343066,Intermittent
HOBBIES_1_079,HOBBIES_1,HOBBIES,2037,16398.2,1095,0.0007143851737788288,0.43423739724901017,A,1095,1.7726027397260273,0.47534631576763053,Intermittent
FOODS_3_449,FOODS_3,FOODS,8280,16394.4,1634,0.0007142196273371242,0.4349516168763473,A,1634,1.1878824969400246,0.45918916406732047,Smooth
FOODS_3_369,FOODS_3,FOODS,4173,16388.54,1498,0.0007139643372980745,0.4356655812136454,A,1498,1.2957276368491322,0.4107948529098527,Smooth
FOODS_3_311,FOODS_3,FOODS,5549,16370.02,1657,0.0007131575162190303,0.43637873872986443,A,1657,1.1713940856970428,0.4693441407138245,Smooth
HOUSEHOLD_1_006,HOUSEHOLD_1,HOUSEHOLD,2344,16337.68,1151,0.0007117486288704184,0.43709048735873485,A,1151,1.686359687228497,0.38714998009649937,Intermittent
FOODS_3_804,FOODS_3,FOODS,8653,16267.64,1413,0.000708697346560685,0.43779918470529555,A,1413,1.3736730360934182,0.5882539839037065,Lumpy
HOUSEHOLD_1_434,HOUSEHOLD_1,HOUSEHOLD,4146,16244.85,1462,0.0007077045035589885,0.43850688920885456,A,1462,1.3276333789329686,0.42662779792134936,Intermittent
HOBBIES_1_410,HOBBIES_1,HOBBIES,561,16138.65,425,0.0007030779161618771,0.4392099671250164,A,425,4.567058823529412,0.19285912296203894,Intermittent
HOUSEHOLD_1_055,HOUSEHOLD_1,HOUSEHOLD,4073,16094.23,1585,0.0007011427653880572,0.4399111098904045,A,1585,1.2246056782334385,0.33562109489939335,Smooth
FOODS_3_184,FOODS_3,FOODS,5281,16066.33,1499,0.0006999273059871211,0.4406110371963916,A,1499,1.294863242161441,0.45523171717087446,Smooth
HOUSEHOLD_1_102,HOUSEHOLD_1,HOUSEHOLD,892,16029.24,501,0.0006983114855863786,0.44130934868197796,A,501,3.874251497005988,0.3279837820989766,Intermittent
FOODS_3_418,FOODS_3,FOODS,4025,16019.5,1438,0.0006978871639173779,0.44200723584589535,A,1438,1.3497913769123784,0.38024736068537757,Intermittent
FOODS_3_513,FOODS_3,FOODS,3607,15999.180000000002,1445,0.0006970019261027894,0.44270423777199813,A,1445,1.3432525951557093,0.44892593839888145,Intermittent
HOUSEHOLD_1_408,HOUSEHOLD_1,HOUSEHOLD,2855,15987.880000000001,1141,0.0006965096432629838,0.44340074741526114,A,1141,1.7011393514461,0.4487911709737077,Intermittent
HOBBIES_1_321,HOBBIES_1,HOBBIES,2401,15979.64,1194,0.0006961506688736033,0.4440968980841348,A,1194,1.6256281407035176,0.3927902189117795,Intermittent
FOODS_2_013,FOODS_2,FOODS,7978,15956.4,1776,0.0006951382216880208,0.4447920363058228,A,1776,1.0929054054054055,0.33809573079718086,Smooth
FOODS_3_086,FOODS_3,FOODS,15209,15918.41,1664,0.0006934831929195061,0.4454855194987423,A,1664,1.1664663461538463,0.6617023169201864,Erratic
FOODS_2_368,FOODS_2,FOODS,2064,15913.0,907,0.0006932475070643425,0.44617876700580666,A,907,2.1400220507166483,0.5220018034105309,Lumpy
FOODS_2_266,FOODS_2,FOODS,1704,15905.19,599,0.0006929072655617866,0.4468716742713684,A,599,3.2404006677796326,0.487371782293775,Intermittent
HOBBIES_1_384,HOBBIES_1,HOBBIES,1413,15826.74,707,0.0006894896028376492,0.4475611638742061,A,707,2.7454031117397455,0.29680726493097764,Intermittent
HOUSEHOLD_2_437,HOUSEHOLD_2,HOUSEHOLD,2007,15697.89,1094,0.0006838762715182725,0.44824504014572436,A,1094,1.7742230347349177,0.37380014790916466,Intermittent
HOUSEHOLD_1_344,HOUSEHOLD_1,HOUSEHOLD,1971,15690.630000000001,969,0.0006835599906849108,0.4489286001364093,A,969,2.003095975232198,0.48436522374153507,Intermittent
HOUSEHOLD_1_376,HOUSEHOLD_1,HOUSEHOLD,3113,15685.34,1424,0.0006833295326121167,0.4496119296690214,A,1424,1.363061797752809,0.2981654097448353,Intermittent
HOUSEHOLD_1_086,HOUSEHOLD_1,HOUSEHOLD,3166,15643.199999999999,1181,0.0006814937097033195,0.45029342337872474,A,1181,1.6435224386113463,0.47176631168297994,Intermittent
HOUSEHOLD_1_358,HOUSEHOLD_1,HOUSEHOLD,1564,15593.080000000002,787,0.0006793102392669427,0.4509727336179917,A,787,2.466327827191868,0.33112567154419853,Intermittent
FOODS_3_505,FOODS_3,FOODS,4476,15570.76,1274,0.0006783378717461938,0.4516510714897379,A,1274,1.5235478806907379,0.5628497064643853,Lumpy
HOBBIES_1_100,HOBBIES_1,HOBBIES,1387,15471.9,924,0.0006740310503706906,0.45232510254010855,A,924,2.1006493506493507,0.27455199535467195,Intermittent
HOBBIES_1_021,HOBBIES_1,HOBBIES,1296,15393.79,775,0.0006706281996966007,0.45299573073980515,A,775,2.504516129032258,0.41061403428449444,Intermittent
HOBBIES_1_040,HOBBIES_1,HOBBIES,1182,15353.330000000002,701,0.000668865565740978,0.4536645963055461,A,701,2.768901569186876,0.2949228517194715,Intermittent
FOODS_2_104,FOODS_2,FOODS,2136,15351.74,961,0.0006687962976245805,0.4543333926031707,A,961,2.019771071800208,0.4744847315117277,Intermittent
FOODS_3_023,FOODS_3,FOODS,3898,15326.039999999999,1438,0.0006676766809004208,0.4550010692840711,A,1438,1.3497913769123784,0.34412881108835003,Intermittent
HOUSEHOLD_2_465,HOUSEHOLD_2,HOUSEHOLD,2109,15297.39,1160,0.0006664285478596746,0.4556674978319308,A,1160,1.6732758620689656,0.33792602294038626,Intermittent
HOBBIES_1_157,HOBBIES_1,HOBBIES,1365,15240.54,941,0.0006639518859620684,0.45633144971789286,A,941,2.0626992561105206,0.25023573573959346,Intermittent
FOODS_3_242,FOODS_3,FOODS,1543,15233.34,974,0.0006636382190198913,0.45699508793691274,A,974,1.9928131416837782,0.29837354041509645,Intermittent
HOBBIES_1_004,HOBBIES_1,HOBBIES,3337,15219.679999999998,1316,0.0006630431231268166,0.45765813106003955,A,1316,1.4749240121580547,0.5834626028543124,Lumpy
HOUSEHOLD_1_387,HOUSEHOLD_1,HOUSEHOLD,5133,15211.740000000002,1530,0.0006626972181933604,0.4583208282782329,A,1530,1.268627450980392,0.3633053880881478,Smooth
HOBBIES_1_275,HOBBIES_1,HOBBIES,1183,15145.08,728,0.0006597931850870378,0.4589806214633199,A,728,2.666208791208791,0.29724164313096707,Intermittent
FOODS_3_632,FOODS_3,FOODS,3787,15090.41,1444,0.0006574114945691463,0.4596380329578891,A,1444,1.3441828254847645,0.41787204402182115,Intermittent
HOUSEHOLD_1_259,HOUSEHOLD_1,HOUSEHOLD,1705,15058.390000000001,945,0.0006560165479735201,0.4602940495058626,A,945,2.0539682539682538,0.33283300505686153,Intermittent
HOBBIES_1_160,HOBBIES_1,HOBBIES,743,15050.58,584,0.0006556763064709642,0.46094972581233357,A,584,3.3236301369863015,0.1607664733392876,Intermittent
HOUSEHOLD_1_016,HOUSEHOLD_1,HOUSEHOLD,3088,15030.22,1197,0.0006547893260622523,0.46160451513839584,A,1197,1.6215538847117794,0.4728349227487631,Intermittent
FOODS_3_578,FOODS_3,FOODS,4863,15022.56,1334,0.0006544556192876584,0.4622589707576835,A,1334,1.4550224887556222,1.3167398178504073,Lumpy
FOODS_3_115,FOODS_3,FOODS,3531,14992.28,1397,0.0006531364755363917,0.4629121072332199,A,1397,1.3894058697208302,0.414444257298866,Intermittent
FOODS_3_140,FOODS_3,FOODS,5001,14942.7,1421,0.0006509765301206782,0.4635630837633406,A,1421,1.365939479239972,0.4278350095588322,Intermittent
HOBBIES_1_153,HOBBIES_1,HOBBIES,2424,14932.779999999999,1062,0.000650544366778123,0.46421362813011874,A,1062,1.8276836158192091,0.40655623568534416,Intermittent
HOBBIES_1_235,HOBBIES_1,HOBBIES,1166,14928.51,771,0.0006503583448554709,0.46486398647497423,A,771,2.517509727626459,0.3240244418221643,Intermittent
FOODS_1_183,FOODS_1,FOODS,5048,14926.94,1411,0.000650289948036135,0.46551427642301035,A,1411,1.3756201275691,0.3804661117764636,Intermittent
FOODS_2_359,FOODS_2,FOODS,7388,14922.68,1607,0.0006501043617620137,0.46616438078477235,A,1607,1.2078406969508402,0.44574448435861663,Smooth
FOODS_2_164,FOODS_2,FOODS,4918,14819.94,1509,0.0006456285087565595,0.4668100092935289,A,1509,1.286282306163022,0.4394945076248301,Smooth
FOODS_2_315,FOODS_2,FOODS,5910,14812.2,1342,0.0006452913167937193,0.4674553006103226,A,1342,1.446348733233979,0.4136152015583754,Intermittent
FOODS_3_087,FOODS_3,FOODS,5899,14770.0,1019,0.0006434528799937371,0.4680987534903163,A,1019,1.9048086359175662,0.2769867016817885,Intermittent
HOBBIES_1_330,HOBBIES_1,HOBBIES,1930,14737.44,1085,0.0006420344083774476,0.4687407878986938,A,1085,1.7889400921658987,0.3944439207808543,Intermittent
FOODS_3_271,FOODS_3,FOODS,3330,14728.500000000002,1270,0.0006416449385909112,0.4693824328372847,A,1270,1.5283464566929135,0.49499246866827123,Lumpy
FOODS_1_088,FOODS_1,FOODS,3061,14647.880000000001,1147,0.0006381327401355899,0.4700205655774203,A,1147,1.6922406277244988,1.3382028810674576,Lumpy
FOODS_1_032,FOODS_1,FOODS,14863,14605.5,1444,0.0006362864616620533,0.4706568520390823,A,1444,1.3441828254847645,0.7071724572826222,Lumpy
FOODS_3_404,FOODS_3,FOODS,14576,14577.92,1546,0.000635084943014103,0.4712919369820964,A,1546,1.2554980595084089,0.7144821240959235,Erratic
HOUSEHOLD_1_146,HOUSEHOLD_1,HOUSEHOLD,2403,14552.95,1344,0.0006339971286326917,0.47192593411072914,A,1344,1.4441964285714286,0.30619419988421215,Intermittent
FOODS_3_146,FOODS_3,FOODS,2740,14505.1,1095,0.0006319125504128068,0.4725578466611419,A,1095,1.7726027397260273,0.47412364976555665,Intermittent
HOUSEHOLD_1_127,HOUSEHOLD_1,HOUSEHOLD,1817,14499.660000000002,855,0.0006316755576120509,0.473189522218754,A,855,2.270175438596491,0.3981486558017136,Intermittent
FOODS_1_152,FOODS_1,FOODS,1816,14485.630000000001,995,0.0006310643427233364,0.4738205865614773,A,995,1.9507537688442211,0.4299396347275754,Intermittent
FOODS_3_655,FOODS_3,FOODS,7218,14473.039999999999,1260,0.0006305158612230573,0.47445110242270033,A,1260,1.5404761904761906,0.6163027400470351,Lumpy
FOODS_1_177,FOODS_1,FOODS,1674,14452.59,975,0.0006296249599775684,0.4750807273826779,A,975,1.9907692307692308,0.41232879496605623,Intermittent
FOODS_3_746,FOODS_3,FOODS,7292,14438.16,1669,0.0006289963191476219,0.47570972370182557,A,1669,1.1629718394248052,0.3248290878913082,Smooth
HOBBIES_1_237,HOBBIES_1,HOBBIES,1806,14411.550000000001,1079,0.0006278370584071593,0.4763375607602327,A,1079,1.7988878591288229,0.30568157333275037,Intermittent
HOUSEHOLD_1_118,HOUSEHOLD_1,HOUSEHOLD,14842,14396.74,1804,0.0006271918629330423,0.47696475262316573,A,1804,1.0759423503325942,0.46714290694011534,Smooth
HOUSEHOLD_2_483,HOUSEHOLD_2,HOUSEHOLD,2931,14378.369999999999,1317,0.00062639157658196,0.4775911441997477,A,1317,1.4738041002277904,0.3666790216729081,Intermittent
FOODS_3_346,FOODS_3,FOODS,7258,14370.84,1629,0.0006260635332382665,0.4782172077329859,A,1629,1.1915285451197053,0.6262127884607006,Erratic
HOBBIES_1_201,HOBBIES_1,HOBBIES,2493,14364.45,1328,0.0006257851538270844,0.47884299288681303,A,1328,1.4615963855421688,0.384689380390615,Intermittent
HOUSEHOLD_1_437,HOUSEHOLD_1,HOUSEHOLD,4493,14312.16,1092,0.0006235071476595236,0.47946650003447255,A,1092,1.7774725274725274,0.38998014485965177,Intermittent
FOODS_2_184,FOODS_2,FOODS,2862,14294.74,1084,0.0006227482479188675,0.4800892482823914,A,1084,1.790590405904059,0.38568738916364986,Intermittent
HOUSEHOLD_1_438,HOUSEHOLD_1,HOUSEHOLD,1962,14274.650000000001,1090,0.0006218730300204875,0.4807111213124119,A,1090,1.7807339449541284,0.31924180072328234,Intermittent
HOUSEHOLD_1_056,HOUSEHOLD_1,HOUSEHOLD,1190,14273.300000000001,677,0.0006218142174688293,0.4813329355298807,A,677,2.8670605612998523,0.3592157203988449,Intermittent
FOODS_2_173,FOODS_2,FOODS,1623,14273.11,921,0.0006218059401467441,0.4819547414700275,A,921,2.1074918566775245,0.34754486372832377,Intermittent
FOODS_3_463,FOODS_3,FOODS,2367,14249.78,856,0.0006207895721243843,0.48257553104215184,A,856,2.267523364485981,0.6910542574377601,Lumpy
FOODS_3_734,FOODS_3,FOODS,8836,14230.31,1603,0.0006199413644349138,0.4831954724065868,A,1603,1.2108546475358704,0.40017404149549385,Smooth
FOODS_3_535,FOODS_3,FOODS,2316,14213.060000000001,1193,0.0006191898707192814,0.4838146622773061,A,1193,1.6269907795473595,0.4269252384250906,Intermittent
HOUSEHOLD_2_037,HOUSEHOLD_2,HOUSEHOLD,1287,14113.27,847,0.0006148425340304137,0.4844295048113365,A,847,2.291617473435655,0.2567133418197246,Intermittent
FOODS_3_503,FOODS_3,FOODS,5726,14104.48,1427,0.0006144595989718392,0.48504396441030834,A,1427,1.3601962158374212,0.6698470628550338,Lumpy
HOUSEHOLD_1_042,HOUSEHOLD_1,HOUSEHOLD,1364,14094.580000000002,683,0.0006140283069263459,0.4856579927172347,A,683,2.841874084919473,0.35367203406622844,Intermittent
HOBBIES_1_323,HOBBIES_1,HOBBIES,2694,14092.95,1401,0.0006139572962158252,0.4862719500134505,A,1401,1.385438972162741,0.3383813855798618,Intermittent
HOBBIES_1_195,HOBBIES_1,HOBBIES,1263,14086.24,885,0.0006136649760516573,0.48688561498950217,A,885,2.1932203389830507,0.24024980328826495,Intermittent
HOUSEHOLD_1_304,HOUSEHOLD_1,HOUSEHOLD,6703,14041.74,1162,0.000611726340089591,0.48749734132959177,A,1162,1.6703958691910499,0.26771744230388317,Intermittent
FOODS_3_169,FOODS_3,FOODS,3523,14021.539999999999,1405,0.000610846330057372,0.48810818765964914,A,1405,1.3814946619217081,0.3950331707939169,Intermittent
HOUSEHOLD_1_294,HOUSEHOLD_1,HOUSEHOLD,7032,14016.84,1716,0.0006106415752478953,0.488718829234897,A,1716,1.131118881118881,0.412281069001519,Smooth
HOBBIES_1_247,HOBBIES_1,HOBBIES,827,13959.759999999998,450,0.0006081548934340806,0.4893269841283311,A,450,4.3133333333333335,0.3542171104314441,Intermittent
HOBBIES_1_349,HOBBIES_1,HOBBIES,1196,13930.08,537,0.000606861888594662,0.48993384601692574,A,537,3.6145251396648046,0.42887831962712963,Intermittent
FOODS_3_292,FOODS_3,FOODS,3964,13898.6,791,0.000605490467019699,0.49053933648394543,A,791,2.4538558786346396,0.3138559077450606,Intermittent
HOBBIES_1_087,HOBBIES_1,HOBBIES,1085,13898.24,694,0.0006054747836725902,0.491144811267618,A,694,2.7968299711815563,0.27317155009992006,Intermittent
FOODS_3_273,FOODS_3,FOODS,6852,13876.32,1593,0.0006045198420930734,0.4917493311097111,A,1593,1.2184557438794728,0.5761285907290022,Erratic
FOODS_2_059,FOODS_2,FOODS,2315,13868.550000000001,1092,0.0006041813431846407,0.4923535124528957,A,1092,1.7774725274725274,0.38327556826457654,Intermittent
HOUSEHOLD_1_498,HOUSEHOLD_1,HOUSEHOLD,4400,13817.48,1608,0.0006019564861378377,0.4929554689390335,A,1608,1.2070895522388059,0.36553227974717983,Smooth
FOODS_1_217,FOODS_1,FOODS,4104,13814.98,1083,0.0006018475740051373,0.49355731651303864,A,1083,1.7922437673130194,0.6035665691107006,Lumpy
FOODS_2_304,FOODS_2,FOODS,3445,13732.09,1235,0.0005982364833333241,0.494155552996372,A,1235,1.57165991902834,0.3615162654422315,Intermittent
FOODS_1_023,FOODS_1,FOODS,2563,13663.93,802,0.0005952671029473815,0.49475082009931937,A,802,2.420199501246883,0.43472357768293496,Intermittent
HOUSEHOLD_1_345,HOUSEHOLD_1,HOUSEHOLD,3472,13626.0,1376,0.0005936146880700516,0.49534443478738943,A,1376,1.410610465116279,0.48195955434486687,Intermittent
HOUSEHOLD_1_539,HOUSEHOLD_1,HOUSEHOLD,3655,13601.35,1335,0.000592540814441626,0.49593697560183103,A,1335,1.4539325842696629,0.3570502275459463,Intermittent
FOODS_3_388,FOODS_3,FOODS,3335,13583.4,1161,0.0005917588253288375,0.4965287344271599,A,1161,1.6718346253229974,0.7216267507563481,Lumpy
FOODS_3_462,FOODS_3,FOODS,13570,13570.0,1625,0.0005911750562975635,0.49711990948345747,A,1625,1.1944615384615385,0.6817123450119179,Erratic
FOODS_1_046,FOODS_1,FOODS,13839,13569.14,1810,0.0005911375905239145,0.4977110470739814,A,1810,1.0723756906077349,0.5382943064745035,Erratic
FOODS_1_173,FOODS_1,FOODS,6826,13536.5,1202,0.0005897156337193786,0.4983007627077008,A,1202,1.6148086522462561,0.650372655591546,Lumpy
FOODS_3_053,FOODS_3,FOODS,3400,13532.0,1112,0.000589519591880518,0.4988902822995813,A,1112,1.745503597122302,0.41673185228557447,Intermittent
FOODS_3_807,FOODS_3,FOODS,6832,13527.36,1604,0.0005893174509622261,0.49947959975054357,A,1604,1.2100997506234414,0.4631121084589198,Smooth
FOODS_3_533,FOODS_3,FOODS,2707,13508.300000000001,1255,0.0005884871048625186,0.500068086855406,A,1255,1.5466135458167332,0.4473697749359655,Intermittent
FOODS_3_654,FOODS_3,FOODS,8624,13476.22,1804,0.0005870895443757075,0.5006551763997817,A,1804,1.0759423503325942,0.4569711547901441,Smooth
FOODS_3_551,FOODS_3,FOODS,2919,13474.48,1280,0.0005870137415313481,0.5012421901413131,A,1280,1.51640625,0.415292311323407,Intermittent
FOODS_3_077,FOODS_3,FOODS,5011,13471.8,608,0.0005868969877250933,0.5018290871290382,A,608,3.192434210526316,0.3243011249385914,Intermittent
FOODS_3_163,FOODS_3,FOODS,6619,13434.8,1703,0.0005852850881611279,0.5024143722171993,A,1703,1.1397533763945977,0.42181268602793764,Smooth
FOODS_3_738,FOODS_3,FOODS,9931,13410.71,1390,0.0005842356108504272,0.5029986078280497,A,1390,1.3964028776978417,0.5072342717919877,Lumpy
HOBBIES_1_179,HOBBIES_1,HOBBIES,1948,13382.76,1088,0.0005830179732068372,0.5035816258012565,A,1088,1.7840073529411764,0.3335330739336738,Intermittent
HOUSEHOLD_1_169,HOUSEHOLD_1,HOUSEHOLD,4503,13331.34,1095,0.0005807778684614562,0.504162403669718,A,1095,1.7726027397260273,0.37464024004702157,Intermittent
FOODS_3_250,FOODS_3,FOODS,3407,13313.96,1190,0.0005800207113149232,0.5047424243810329,A,1190,1.63109243697479,0.379912141314417,Intermittent
FOODS_3_631,FOODS_3,FOODS,3557,13219.6,1460,0.0005759099317782808,0.5053183343128111,A,1460,1.3294520547945206,0.45832348038960713,Intermittent
HOUSEHOLD_1_429,HOUSEHOLD_1,HOUSEHOLD,4426,13137.78,739,0.0005723454554992633,0.5058906797683104,A,739,2.6265223274695533,0.26933571753148217,Intermittent
FOODS_3_540,FOODS_3,FOODS,4296,13083.88,881,0.0005699973099182436,0.5064606770782286,A,881,2.203178206583428,0.48686530381370563,Intermittent
HOBBIES_1_317,HOBBIES_1,HOBBIES,1692,13068.79,1040,0.0005693399162852642,0.5070300169945139,A,1040,1.8663461538461539,0.2644428607513396,Intermittent
FOODS_3_066,FOODS_3,FOODS,4362,13066.46,862,0.0005692384101775874,0.5075992554046915,A,862,2.2517401392111367,0.39427832086526887,Intermittent
HOUSEHOLD_1_366,HOUSEHOLD_1,HOUSEHOLD,2191,13058.36,921,0.0005688855348676383,0.5081681409395592,A,921,2.1074918566775245,0.42844772765207373,Intermittent
HOUSEHOLD_1_249,HOUSEHOLD_1,HOUSEHOLD,1638,13054.86,819,0.0005687330578818578,0.508736873997441,A,819,2.36996336996337,0.3239608801955988,Intermittent
FOODS_3_308,FOODS_3,FOODS,2652,13042.460000000001,1008,0.000568192853703664,0.5093050668511447,A,1008,1.9255952380952381,0.5389552671033732,Lumpy
HOBBIES_1_098,HOBBIES_1,HOBBIES,886,12999.43,625,0.0005663182580756253,0.5098713851092204,A,625,3.1056,0.22648327066438764,Intermittent
FOODS_1_099,FOODS_1,FOODS,13232,12967.36,1141,0.0005649211332373451,0.5104363062424577,A,1141,1.7011393514461,0.39636410457985444,Intermittent
HOUSEHOLD_1_087,HOUSEHOLD_1,HOUSEHOLD,3024,12965.13,1398,0.0005648239836149764,0.5110011302260727,A,1398,1.388412017167382,0.3871817159218722,Intermittent
HOUSEHOLD_1_124,HOUSEHOLD_1,HOUSEHOLD,3245,12915.1,1147,0.0005626444340153768,0.5115637746600881,A,1147,1.6922406277244988,0.32254140792687896,Intermittent
HOUSEHOLD_1_248,HOUSEHOLD_1,HOUSEHOLD,1439,12907.830000000002,860,0.0005623277175334842,0.5121261023776216,A,860,2.2569767441860464,0.2807403657452602,Intermittent
FOODS_3_258,FOODS_3,FOODS,7570,12863.58,1461,0.0005603999727846877,0.5126865023504062,A,1461,1.3285420944558521,0.3278615569631296,Intermittent
FOODS_3_569,FOODS_3,FOODS,3165,12859.039999999999,1156,0.0005602021883517038,0.513246704538758,A,1156,1.6790657439446366,0.47766423945144115,Intermittent
HOBBIES_1_068,HOBBIES_1,HOBBIES,1825,12857.4,1012,0.0005601307419926524,0.5138068352807507,A,1012,1.91798418972332,0.3503378518785392,Intermittent
FOODS_3_561,FOODS_3,FOODS,4314,12855.72,981,0.0005600575530394777,0.5143668928337901,A,981,1.9785932721712538,0.3717318963270784,Intermittent
FOODS_2_014,FOODS_2,FOODS,4381,12810.85,1450,0.0005581027980817717,0.5149249956318719,A,1450,1.3386206896551724,0.4864351306060413,Intermittent
HOBBIES_1_415,HOBBIES_1,HOBBIES,1927,12808.76,1077,0.0005580117475388342,0.5154830073794108,A,1077,1.8022284122562675,0.3922481446649816,Intermittent
FOODS_2_103,FOODS_2,FOODS,1824,12778.0,933,0.0005566716926580889,0.5160396790720688,A,933,2.080385852090032,0.41664253115043115,Intermittent
FOODS_2_295,FOODS_2,FOODS,991,12754.050000000001,554,0.0005556283144268195,0.5165953073864956,A,554,3.503610108303249,0.5065192294651919,Lumpy
HOBBIES_1_228,HOBBIES_1,HOBBIES,1854,12736.98,1099,0.0005548846623847413,0.5171501920488804,A,1099,1.7661510464058234,0.310520536270239,Intermittent
FOODS_2_325,FOODS_2,FOODS,10846,12716.14,1618,0.0005539767708465512,0.5177041688197269,A,1618,1.1996291718170582,0.4410382423303599,Smooth
HOUSEHOLD_1_334,HOUSEHOLD_1,HOUSEHOLD,12948,12662.539999999999,1386,0.0005516416947214553,0.5182558105144484,A,1386,1.4004329004329004,0.45894429378273616,Intermittent
FOODS_3_818,FOODS_3,FOODS,4248,12659.039999999999,1215,0.0005514892177356748,0.518807299732184,A,1215,1.5975308641975308,0.35065487889777747,Intermittent
FOODS_3_098,FOODS_3,FOODS,2977,12658.76,1293,0.0005514770195768125,0.5193587767517608,A,1293,1.5011600928074247,0.3844045870326177,Intermittent
FOODS_1_162,FOODS_1,FOODS,6845,12656.6,1180,0.0005513829194941593,0.519910159671255,A,1180,1.6449152542372882,0.6877245304105036,Lumpy
HOUSEHOLD_1_079,HOUSEHOLD_1,HOUSEHOLD,2603,12653.85,1127,0.0005512631161481889,0.5204614227874031,A,1127,1.722271517302573,0.3291176749254854,Intermittent
FOODS_3_769,FOODS_3,FOODS,11087,12612.3,1255,0.0005494529965027089,0.5210108757839058,A,1255,1.5466135458167332,0.5585875422824462,Lumpy
FOODS_3_657,FOODS_3,FOODS,3904,12595.08,1101,0.0005487028097326688,0.5215595785936384,A,1101,1.762942779291553,0.4373621128870088,Intermittent
HOUSEHOLD_1_457,HOUSEHOLD_1,HOUSEHOLD,1243,12543.210000000001,674,0.0005464431008034017,0.5221060216944419,A,674,2.879821958456973,0.3873566209752116,Intermittent
FOODS_3_787,FOODS_3,FOODS,5687,12534.96,1154,0.0005460836907654905,0.5226521053852073,A,1154,1.6819757365684576,0.7926319909631591,Lumpy
HOBBIES_1_342,HOBBIES_1,HOBBIES,619,12524.199999999999,504,0.0005456149329463481,0.5231977203181537,A,504,3.8511904761904763,0.14070840238698085,Intermittent
FOODS_3_276,FOODS_3,FOODS,2826,12501.380000000001,1221,0.0005446207829990594,0.5237423411011528,A,1221,1.5896805896805897,0.4583084391930099,Intermittent
FOODS_2_047,FOODS_2,FOODS,4272,12497.14,1509,0.0005444360680219994,0.5242867771691748,A,1509,1.286282306163022,0.3753003244520993,Smooth
FOODS_2_139,FOODS_2,FOODS,4178,12463.58,1250,0.0005429740315526298,0.5248297512007275,A,1250,1.5528,0.4530411133709348,Intermittent
FOODS_3_659,FOODS_3,FOODS,3919,12458.619999999999,1219,0.0005427579498813522,0.5253725091506088,A,1219,1.5922887612797374,0.3755419254308091,Intermittent
FOODS_2_311,FOODS_2,FOODS,4259,12442.63,1228,0.0005420613478806008,0.5259145704984894,A,1228,1.5806188925081432,0.35691350926790166,Intermittent
HOUSEHOLD_2_509,HOUSEHOLD_2,HOUSEHOLD,1387,12441.390000000001,907,0.0005420073274627814,0.5264565778259522,A,907,2.1400220507166483,0.2926227941318059,Intermittent
HOUSEHOLD_1_293,HOUSEHOLD_1,HOUSEHOLD,1006,12434.560000000001,403,0.0005417097795162441,0.5269982876054685,A,403,4.816377171215881,0.48093125273560655,Intermittent
FOODS_2_282,FOODS_2,FOODS,1786,12433.84,948,0.0005416784128220263,0.5275399660182906,A,948,2.0474683544303796,0.4436599741745393,Intermittent
HOUSEHOLD_1_513,HOUSEHOLD_1,HOUSEHOLD,1219,12431.93,660,0.0005415952039526433,0.5280815612222433,A,660,2.940909090909091,0.34142733803206765,Intermittent
FOODS_3_398,FOODS_3,FOODS,2112,12398.720000000001,1019,0.0005401484151818516,0.5286217096374252,A,1019,1.9048086359175662,0.35641396142957565,Intermittent
FOODS_2_128,FOODS_2,FOODS,14589,12339.68,1295,0.0005375763462559999,0.5291592859836811,A,1295,1.4988416988416988,0.424987507608911,Intermittent
HOUSEHOLD_1_412,HOUSEHOLD_1,HOUSEHOLD,682,12330.599999999999,521,0.0005371807773900321,0.5296964667610712,A,521,3.72552783109405,0.18545498702413843,Intermittent
FOODS_3_201,FOODS_3,FOODS,4923,12296.28,1492,0.0005356856316323216,0.5302321523927035,A,1492,1.3009383378016086,0.40455038815465905,Smooth
FOODS_3_410,FOODS_3,FOODS,4622,12277.800000000001,1345,0.0005348805531474006,0.5307670329458509,A,1345,1.4431226765799257,0.405309208306823,Intermittent
FOODS_2_109,FOODS_2,FOODS,4100,12252.9,1370,0.0005337957883057049,0.5313008287341566,A,1370,1.4167883211678831,0.4237727378004239,Intermittent
FOODS_3_020,FOODS_3,FOODS,11954,12234.3,1325,0.0005329854820384142,0.531833814216195,A,1325,1.4649056603773585,0.6915372113972998,Lumpy
HOUSEHOLD_2_421,HOUSEHOLD_2,HOUSEHOLD,2536,12163.22,1267,0.0005298888922814775,0.5323637031084765,A,1267,1.531965272296764,0.3253150376157429,Intermittent
HOUSEHOLD_1_381,HOUSEHOLD_1,HOUSEHOLD,2521,12156.86,1316,0.0005296118198158878,0.5328933149282924,A,1316,1.4749240121580547,0.32609567679418844,Intermittent
FOODS_3_091,FOODS_3,FOODS,2058,12144.34,1035,0.0005290663878553244,0.5334223813161477,A,1035,1.8753623188405797,0.3634524205882516,Intermittent
HOUSEHOLD_1_048,HOUSEHOLD_1,HOUSEHOLD,4276,12143.84,1401,0.0005290446054287844,0.5339514259215765,A,1401,1.385438972162741,0.4006595062622144,Intermittent
HOUSEHOLD_1_506,HOUSEHOLD_1,HOUSEHOLD,3435,12126.65,1291,0.0005282957256043366,0.5344797216471808,A,1291,1.5034856700232377,0.4889557458617082,Intermittent
HOUSEHOLD_1_129,HOUSEHOLD_1,HOUSEHOLD,3079,12125.72,1490,0.0005282552102909721,0.5350079768574718,A,1490,1.3026845637583893,0.35047409857380246,Smooth
FOODS_3_356,FOODS_3,FOODS,4054,12124.539999999999,1408,0.0005282038037643375,0.5355361806612361,A,1408,1.3785511363636365,0.40478216196146294,Intermittent
FOODS_2_141,FOODS_2,FOODS,1729,12105.6,916,0.0005273786854469996,0.536063559346683,A,916,2.118995633187773,0.40534061796004095,Intermittent
HOUSEHOLD_2_450,HOUSEHOLD_2,HOUSEHOLD,1252,12090.960000000001,856,0.0005267408959979063,0.536590300242681,A,856,2.267523364485981,0.2508416822865383,Intermittent
HOUSEHOLD_1_473,HOUSEHOLD_1,HOUSEHOLD,5727,12071.28,1154,0.000525883539689289,0.5371161837823702,A,1154,1.6819757365684576,0.2626124136716039,Intermittent
FOODS_2_078,FOODS_2,FOODS,1216,12069.79,636,0.0005258186280581997,0.5376420024104285,A,636,3.05188679245283,0.3356211965886537,Intermittent
FOODS_3_035,FOODS_3,FOODS,3149,12052.32,1350,0.0005250575500748895,0.5381670599605034,A,1350,1.4377777777777778,0.45854427122442276,Intermittent
HOBBIES_1_327,HOBBIES_1,HOBBIES,1534,12047.47,885,0.0005248462605374508,0.5386919062210409,A,885,2.1932203389830507,0.2933311467509171,Intermittent
HOUSEHOLD_2_438,HOUSEHOLD_2,HOUSEHOLD,1351,12030.97,895,0.0005241274404616284,0.5392160336615025,A,895,2.1687150837988827,0.2708174531755501,Intermittent
FOODS_2_318,FOODS_2,FOODS,2411,12017.4,869,0.0005235362654053309,0.5397395699269079,A,869,2.2336018411967777,0.4543573343457754,Intermittent
FOODS_3_767,FOODS_3,FOODS,12010,12016.0,1355,0.0005234752746110186,0.5402630452015189,A,1355,1.4324723247232471,0.7662728321799267,Lumpy
FOODS_3_448,FOODS_3,FOODS,3858,12005.86,1321,0.000523033527000786,0.5407860787285197,A,1321,1.469341408024224,0.640089837335598,Lumpy
HOUSEHOLD_1_241,HOUSEHOLD_1,HOUSEHOLD,1512,12005.28,894,0.0005230082593859995,0.5413090869879057,A,894,2.1711409395973154,0.2884462295556521,Intermittent
FOODS_3_524,FOODS_3,FOODS,11969,11972.54,1390,0.0005215819460961555,0.5418306689340019,A,1390,1.3964028776978417,0.7971812870281133,Lumpy
HOBBIES_1_260,HOBBIES_1,HOBBIES,930,11908.960000000001,625,0.00051881209273732,0.5423494810267392,A,625,3.1056,0.24041240872666464,Intermittent
HOUSEHOLD_2_076,HOUSEHOLD_2,HOUSEHOLD,1325,11885.250000000002,865,0.0005177791700707898,0.54286726019681,A,865,2.2439306358381503,0.2700052740529777,Intermittent
HOBBIES_1_394,HOBBIES_1,HOBBIES,1512,11821.66,734,0.0005150088810634233,0.5433822690778733,A,734,2.6444141689373297,0.3573059608586217,Intermittent
FOODS_2_374,FOODS_2,FOODS,5899,11778.11,1679,0.000513111631711783,0.5438953807095851,A,1679,1.1560452650387134,0.40686351776629415,Smooth
FOODS_2_316,FOODS_2,FOODS,1102,11775.44,525,0.000512995313554059,0.5444083760231392,A,525,3.697142857142857,0.36073698615229993,Intermittent
FOODS_2_198,FOODS_2,FOODS,1246,11756.84,725,0.0005121850072867684,0.544920561030426,A,725,2.677241379310345,0.4230164765234615,Intermittent
FOODS_3_028,FOODS_3,FOODS,3120,11751.06,1245,0.0005119332024359651,0.5454324942328619,A,1245,1.5590361445783132,0.45480934223919733,Intermittent
FOODS_3_424,FOODS_3,FOODS,3122,11740.58,1250,0.0005114766427756852,0.5459439708756376,A,1250,1.5528,0.48137122547026173,Intermittent
HOUSEHOLD_1_051,HOUSEHOLD_1,HOUSEHOLD,3953,11700.88,1075,0.0005097471181084034,0.546453717993746,A,1075,1.805581395348837,0.33320682560989046,Intermittent
HOUSEHOLD_1_468,HOUSEHOLD_1,HOUSEHOLD,2347,11687.7,1242,0.0005091729333448072,0.5469628909270908,A,1242,1.5628019323671498,0.2951316690504049,Intermittent
FOODS_3_674,FOODS_3,FOODS,3901,11624.98,1469,0.0005064405457596205,0.5474693314728505,A,1469,1.3213070115724983,0.4147611492719995,Intermittent
FOODS_3_793,FOODS_3,FOODS,3897,11613.06,1550,0.0005059212527109051,0.5479752527255614,A,1550,1.252258064516129,0.36043414735357726,Smooth
FOODS_3_154,FOODS_3,FOODS,3897,11613.06,1294,0.0005059212527109051,0.5484811739782722,A,1294,1.5,0.8019734425089897,Lumpy
HOUSEHOLD_1_090,HOUSEHOLD_1,HOUSEHOLD,3921,11606.16,1117,0.0005056206552246521,0.5489867946334969,A,1117,1.73769024171889,0.45646733105539333,Intermittent
FOODS_2_074,FOODS_2,FOODS,4596,11602.0,1107,0.0005054394254358388,0.5494922340589327,A,1107,1.7533875338753389,0.5157559054555609,Lumpy
FOODS_1_104,FOODS_1,FOODS,3434,11595.22,1156,0.0005051440557319553,0.5499973781146646,A,1156,1.6790657439446366,0.7029902424471597,Lumpy
FOODS_3_797,FOODS_3,FOODS,2907,11569.86,1047,0.0005040392510578429,0.5505014173657224,A,1047,1.853868194842407,0.5572831149522315,Lumpy
FOODS_1_178,FOODS_1,FOODS,1249,11564.91,843,0.0005038236050350962,0.5510052409707575,A,843,2.302491103202847,0.3043082235310278,Intermittent
HOUSEHOLD_1_510,HOUSEHOLD_1,HOUSEHOLD,2330,11549.67,1076,0.0005031596766741547,0.5515084006474317,A,1076,1.803903345724907,0.3790212255084437,Intermittent
FOODS_3_459,FOODS_3,FOODS,6205,11545.099999999999,1349,0.0005029605852955785,0.5520113612327272,A,1349,1.4388435878428465,0.7248189978338582,Lumpy
FOODS_3_788,FOODS_3,FOODS,3051,11473.98,1057,0.0004998622529445186,0.5525112234856717,A,1057,1.836329233680227,0.5528773854368169,Lumpy
FOODS_3_121,FOODS_3,FOODS,3839,11440.22,1062,0.0004983915035045329,0.5530096149891762,A,1062,1.8276836158192091,0.46662406335801226,Intermittent
HOUSEHOLD_1_436,HOUSEHOLD_1,HOUSEHOLD,1092,11435.240000000002,534,0.0004981745505361939,0.5535077895397125,A,534,3.634831460674157,0.38984367795987696,Intermittent
HOUSEHOLD_1_243,HOUSEHOLD_1,HOUSEHOLD,5786,11398.42,1775,0.0004965704926457829,0.5540043600323582,A,1775,1.0935211267605633,0.31486668404210544,Smooth
HOBBIES_1_074,HOBBIES_1,HOBBIES,3095,11358.65,1185,0.0004948379184387856,0.5544991979507969,A,1185,1.6379746835443039,0.43253007327312926,Intermittent
FOODS_1_080,FOODS_1,FOODS,1517,11321.960000000001,826,0.000493239523979275,0.5549924374747762,A,826,2.3498789346246975,0.3819812393151945,Intermittent
FOODS_1_144,FOODS_1,FOODS,1625,11320.0,979,0.0004931541368672379,0.5554855916116435,A,979,1.982635342185904,0.35321134410280575,Intermittent
HOBBIES_1_213,HOBBIES_1,HOBBIES,1367,11314.46,857,0.0004929127875811739,0.5559785043992246,A,857,2.26487747957993,0.3216315383442665,Intermittent
HOUSEHOLD_1_415,HOUSEHOLD_1,HOUSEHOLD,900,11311.630000000001,651,0.0004927894990469572,0.5564712938982715,A,651,2.9815668202764978,0.2477286837606838,Intermittent
HOUSEHOLD_2_411,HOUSEHOLD_2,HOUSEHOLD,1935,11300.4,1034,0.0004923002657468671,0.5569635941640184,A,1034,1.877176015473888,0.3526898431005497,Intermittent
FOODS_2_083,FOODS_2,FOODS,1615,11286.74,920,0.0004917051698537923,0.5574552993338722,A,920,2.109782608695652,0.32344294281823904,Intermittent
FOODS_3_211,FOODS_3,FOODS,2542,11283.06,1084,0.0004915448511944574,0.5579468441850666,A,1084,1.790590405904059,0.6160590747166242,Lumpy
FOODS_3_653,FOODS_3,FOODS,2864,11280.06,878,0.000491414156635217,0.5584382583417018,A,878,2.210706150341686,0.5297852490930867,Lumpy
HOUSEHOLD_1_361,HOUSEHOLD_1,HOUSEHOLD,6068,11278.48,1057,0.0004913453241673503,0.5589296036658692,A,1057,1.836329233680227,0.3848901001025124,Intermittent
FOODS_2_388,FOODS_2,FOODS,3784,11275.03,1223,0.0004911950254242239,0.5594207986912935,A,1223,1.5870809484873263,0.43187575152204216,Intermittent
HOUSEHOLD_1_045,HOUSEHOLD_1,HOUSEHOLD,4218,11275.0,1487,0.0004911937184786314,0.5599119924097721,A,1487,1.3053127101546738,0.38215424180286933,Smooth
FOODS_3_041,FOODS_3,FOODS,3771,11237.58,1120,0.0004895635216763724,0.5604015559314485,A,1120,1.7330357142857142,0.5727945899241065,Lumpy
FOODS_1_150,FOODS_1,FOODS,2341,11226.26,1074,0.0004890703675395052,0.560890626298988,A,1074,1.8072625698324023,0.5685281500418197,Lumpy
FOODS_3_672,FOODS_3,FOODS,4641,11220.64,1147,0.0004888255330651948,0.5613794518320532,A,1147,1.6922406277244988,0.8254177208450352,Lumpy
HOBBIES_1_060,HOBBIES_1,HOBBIES,369,11212.49,300,0.0004884704795125916,0.5618679223115658,A,300,6.47,0.15282174193795137,Intermittent
FOODS_3_113,FOODS_3,FOODS,10054,11179.94,1628,0.0004870524435448329,0.5623549747551106,A,1628,1.1922604422604424,0.5245874759289967,Erratic
HOUSEHOLD_1_282,HOUSEHOLD_1,HOUSEHOLD,2892,11170.76,1174,0.00048665251819355714,0.5628416272733042,A,1174,1.6533219761499147,0.3307000295323687,Intermittent
HOBBIES_1_148,HOBBIES_1,HOBBIES,2281,11131.28,982,0.0004849325777939531,0.5633265598510981,A,982,1.9765784114052953,0.30581688370567855,Intermittent
HOBBIES_1_276,HOBBIES_1,HOBBIES,1457,11118.730000000001,999,0.00048438583888779727,0.5638109456899859,A,999,1.942942942942943,0.25438764939676295,Intermittent
HOUSEHOLD_1_109,HOUSEHOLD_1,HOUSEHOLD,2906,11111.65,1468,0.00048407739972798977,0.5642950230897139,A,1468,1.3222070844686649,0.3766745574438247,Intermittent
HOUSEHOLD_2_514,HOUSEHOLD_2,HOUSEHOLD,588,11092.85,499,0.0004832583804900831,0.564778281470204,A,499,3.8897795591182365,0.13178336930488385,Intermittent
FOODS_3_596,FOODS_3,FOODS,3884,11090.9,1538,0.0004831734290265768,0.5652614548992306,A,1538,1.2620286085825747,0.3264103910888129,Smooth
FOODS_3_342,FOODS_3,FOODS,9557,11071.31,1233,0.00048231999355473674,0.5657437748927854,A,1233,1.5742092457420924,0.4097007878583312,Intermittent
HOUSEHOLD_1_416,HOUSEHOLD_1,HOUSEHOLD,3104,11059.97,1257,0.0004818259681208079,0.5662256008609062,A,1257,1.5441527446300716,0.6292175073860593,Lumpy
FOODS_3_259,FOODS_3,FOODS,6499,11044.34,1435,0.00048114504946716527,0.5667067459103734,A,1435,1.3526132404181184,0.36513011515783533,Intermittent
HOBBIES_1_332,HOBBIES_1,HOBBIES,1407,11025.7,818,0.0004803330006057514,0.5671870789109792,A,818,2.3728606356968216,0.33712889942454005,Intermittent
HOUSEHOLD_1_219,HOUSEHOLD_1,HOUSEHOLD,1661,10988.28,813,0.00047870280380349237,0.5676657817147827,A,813,2.3874538745387452,0.500243965405602,Lumpy
HOBBIES_1_137,HOBBIES_1,HOBBIES,1161,10968.81,749,0.0004778545961140219,0.5681436363108967,A,749,2.5914552736982643,0.2967756163465797,Intermittent
FOODS_3_334,FOODS_3,FOODS,3951,10934.84,1151,0.0004763746980548894,0.5686200110089515,A,1151,1.686359687228497,0.5428900211273012,Lumpy
FOODS_3_810,FOODS_3,FOODS,4358,10931.72,1139,0.00047623877571327934,0.5690962497846648,A,1139,1.704126426690079,0.4016607828606016,Intermittent
HOUSEHOLD_1_343,HOUSEHOLD_1,HOUSEHOLD,2210,10929.8,1011,0.00047615513119536547,0.5695724049158601,A,1011,1.9198813056379822,0.4253965056545381,Intermittent
FOODS_3_132,FOODS_3,FOODS,4123,10928.460000000001,1383,0.0004760967542922381,0.5700485016701524,A,1383,1.403470715835141,0.48194279803987117,Intermittent
HOBBIES_1_198,HOBBIES_1,HOBBIES,1303,10919.140000000001,763,0.0004756907298615312,0.570524192400014,A,763,2.543905635648755,0.3050158845375192,Intermittent
FOODS_3_285,FOODS_3,FOODS,9564,10919.05,1234,0.0004756868090247539,0.5709998792090387,A,1234,1.572933549432739,0.5218284724484976,Lumpy
HOUSEHOLD_1_309,HOUSEHOLD_1,HOUSEHOLD,1603,10912.64,897,0.00047540755831651017,0.5714752867673553,A,897,2.1638795986622075,0.41808137548497476,Intermittent
HOBBIES_1_348,HOBBIES_1,HOBBIES,23006,10855.64,1541,0.0004729243616909419,0.5719482111290463,A,1541,1.2595717066839713,0.8912814483472257,Erratic
HOBBIES_1_371,HOBBIES_1,HOBBIES,22891,10853.66,1569,0.00047283810328184326,0.5724210492323281,A,1569,1.2370936902485659,0.6862778243680978,Erratic
FOODS_1_206,FOODS_1,FOODS,5441,10819.039999999999,1413,0.0004713298880682086,0.5728923791203963,A,1413,1.3736730360934182,0.7953262644497149,Lumpy
FOODS_3_775,FOODS_3,FOODS,2969,10812.42,1322,0.0004710414887408181,0.573363420609137,A,1322,1.4682299546142208,0.5119580999087854,Lumpy
HOUSEHOLD_2_200,HOUSEHOLD_2,HOUSEHOLD,1554,10784.76,929,0.0004698364849046213,0.5738332570940416,A,929,2.0893433799784713,0.29827346193550736,Intermittent
HOUSEHOLD_1_062,HOUSEHOLD_1,HOUSEHOLD,2165,10781.7,878,0.00046970317645419606,0.5743029602704959,A,878,2.210706150341686,0.3732762443842162,Intermittent
HOBBIES_1_105,HOBBIES_1,HOBBIES,1617,10764.84,974,0.00046896867303126483,0.5747719289435271,A,974,1.9928131416837782,0.34996608733625323,Intermittent
FOODS_1_044,FOODS_1,FOODS,3924,10745.18,992,0.0004681121880197092,0.5752400411315468,A,992,1.9566532258064515,0.6664417300450763,Lumpy
HOUSEHOLD_2_256,HOUSEHOLD_2,HOUSEHOLD,1857,10742.64,943,0.00046800153329288555,0.5757080426648397,A,943,2.0583244962884413,0.39258218131491834,Intermittent
FOODS_2_063,FOODS_2,FOODS,3678,10740.46,1207,0.00046790656191317086,0.5761759492267529,A,1207,1.608119304059652,0.36597245370808923,Intermittent
HOBBIES_1_254,HOBBIES_1,HOBBIES,15204,10720.26,1697,0.00046702655188095196,0.5766429757786338,A,1697,1.1437831467295227,0.980260100274248,Erratic
HOUSEHOLD_2_222,HOUSEHOLD_2,HOUSEHOLD,2102,10718.94,1088,0.0004669690462748862,0.5771099448249086,A,1088,1.7840073529411764,0.3477600203488407,Intermittent
FOODS_2_291,FOODS_2,FOODS,1528,10710.800000000001,779,0.0004666144283708138,0.5775765592532794,A,779,2.491655969191271,0.4399295769009314,Intermittent
HOUSEHOLD_1_119,HOUSEHOLD_1,HOUSEHOLD,3062,10679.81,977,0.0004652643535738601,0.5780418236068533,A,977,1.9866939611054248,0.36398547269407416,Intermittent
HOUSEHOLD_1_188,HOUSEHOLD_1,HOUSEHOLD,2678,10658.44,1311,0.00046433337266353744,0.5785061569795168,A,1311,1.4805491990846682,0.32044230407226104,Intermittent
HOUSEHOLD_2_453,HOUSEHOLD_2,HOUSEHOLD,1647,10656.09,1019,0.0004642309952587991,0.5789703879747756,A,1019,1.9048086359175662,0.3478090200956107,Intermittent
FOODS_1_103,FOODS_1,FOODS,2745,10623.42,1092,0.0004628077315086707,0.5794331957062843,A,1092,1.7774725274725274,0.6517069169654155,Lumpy
FOODS_1_024,FOODS_1,FOODS,2288,10609.12,1138,0.0004621847541096247,0.5798953804603939,A,1138,1.7056239015817223,0.48951963043783114,Intermittent
FOODS_1_067,FOODS_1,FOODS,5344,10587.53,1223,0.0004612441889316244,0.5803566246493256,A,1223,1.5870809484873263,0.6743089591508623,Lumpy
FOODS_3_617,FOODS_3,FOODS,4171,10569.18,1441,0.0004604447738776037,0.5808170694232032,A,1441,1.3469812630117974,0.4515642307880894,Intermittent
HOUSEHOLD_1_160,HOUSEHOLD_1,HOUSEHOLD,1031,10541.570000000002,540,0.00045924194828406097,0.5812763113714873,A,540,3.5944444444444446,0.37894610909048887,Intermittent
FOODS_3_405,FOODS_3,FOODS,2765,10541.5,1209,0.00045923889874434527,0.5817355502702316,A,1209,1.6054590570719602,0.4326129929301199,Intermittent
HOUSEHOLD_1_287,HOUSEHOLD_1,HOUSEHOLD,2271,10514.73,1201,0.0004580726676273898,0.582193622937859,A,1201,1.6161532056619483,0.33903711614603627,Intermittent
FOODS_3_291,FOODS_3,FOODS,3904,10512.16,1314,0.0004579607059549738,0.582651583643814,A,1314,1.4771689497716896,0.360379912091947,Intermittent
FOODS_2_016,FOODS_2,FOODS,8967,10501.85,1441,0.0004575115523197176,0.5831090951961337,A,1441,1.3469812630117974,0.5315114202803688,Lumpy
FOODS_2_153,FOODS_2,FOODS,3595,10497.44,1225,0.00045731943131763415,0.5835664146274514,A,1225,1.5844897959183672,0.4719179079171767,Intermittent
HOBBIES_1_378,HOBBIES_1,HOBBIES,3222,10439.28,1279,0.00045478569946249295,0.5840212003269138,A,1279,1.5175918686473808,0.5076561340916418,Lumpy
FOODS_3_096,FOODS_3,FOODS,2433,10434.74,1169,0.00045458791502950903,0.5844757882419434,A,1169,1.660393498716852,0.3591895914692028,Intermittent
FOODS_1_058,FOODS_1,FOODS,5699,10434.42,1236,0.0004545739742765234,0.5849303622162199,A,1236,1.5703883495145632,0.6125784739945132,Lumpy
FOODS_3_192,FOODS_3,FOODS,1872,10417.86,711,0.00045385254030951624,0.5853842147565294,A,711,2.729957805907173,0.3590478894074506,Intermittent
HOBBIES_1_409,HOBBIES_1,HOBBIES,1838,10398.12,1119,0.0004529925701097142,0.585837207326639,A,1119,1.7345844504021448,0.2847922718258483,Intermittent
HOBBIES_1_329,HOBBIES_1,HOBBIES,2617,10388.94,1341,0.00045259264475843846,0.5862897999713974,A,1341,1.447427293064877,0.3585590198248706,Intermittent
FOODS_3_819,FOODS_3,FOODS,5182,10384.76,1127,0.00045241054367256344,0.5867422105150699,A,1127,1.722271517302573,0.6235802620010652,Lumpy
HOUSEHOLD_1_418,HOUSEHOLD_1,HOUSEHOLD,10616,10374.28,1324,0.00045195398401228355,0.5871941644990822,A,1324,1.466012084592145,0.4893657607935122,Intermittent
FOODS_2_112,FOODS_2,FOODS,3124,10365.76,861,0.00045158281146404067,0.5876457473105463,A,861,2.254355400696864,0.48270457283906376,Intermittent
HOBBIES_1_421,HOBBIES_1,HOBBIES,1247,10344.3,704,0.0004506479097169407,0.5880963952202632,A,704,2.757102272727273,0.3917973527309688,Intermittent
HOUSEHOLD_1_162,HOUSEHOLD_1,HOUSEHOLD,1838,10341.43,1048,0.00045052287858860076,0.5885469180988518,A,1048,1.8520992366412214,0.40382214157372504,Intermittent
HOUSEHOLD_1_318,HOUSEHOLD_1,HOUSEHOLD,3539,10339.98,1209,0.0004504597095516345,0.5889973778084034,A,1209,1.6054590570719602,0.4575083961215492,Intermittent
HOUSEHOLD_1_369,HOUSEHOLD_1,HOUSEHOLD,2757,10325.92,1166,0.0004498471877173277,0.5894472249961208,A,1166,1.6646655231560892,0.3558999658900141,Intermittent
HOUSEHOLD_1_204,HOUSEHOLD_1,HOUSEHOLD,5483,10308.039999999999,1422,0.00044906824814425466,0.5898962932442651,A,1422,1.3649789029535866,0.7787992200498844,Lumpy
FOODS_2_348,FOODS_2,FOODS,1717,10272.560000000001,935,0.00044752256715697124,0.590343815811422,A,935,2.0759358288770056,0.4933743952129645,Lumpy
FOODS_3_705,FOODS_3,FOODS,2741,10270.28,1191,0.00044742323929194847,0.590791239050714,A,1191,1.6297229219143576,0.540192452169688,Lumpy
HOBBIES_1_028,HOBBIES_1,HOBBIES,1367,10265.0,860,0.0004471932168676853,0.5912384322675817,A,860,2.2569767441860464,0.2903221666890953,Intermittent
FOODS_1_219,FOODS_1,FOODS,4800,10259.550000000001,1171,0.00044695578841839857,0.591685388056,A,1171,1.6575576430401366,0.3858095048373695,Intermittent
HOUSEHOLD_2_135,HOUSEHOLD_2,HOUSEHOLD,1007,10254.45,726,0.0004467336076676898,0.5921321216636677,A,726,2.6735537190082646,0.22241890303811415,Intermittent
HOBBIES_1_416,HOBBIES_1,HOBBIES,2062,10248.14,1171,0.000446458713444754,0.5925785803771124,A,1171,1.6575576430401366,0.3095630998096373,Intermittent
FOODS_2_021,FOODS_2,FOODS,12538,10239.9,1365,0.00044609973905537363,0.5930246801161678,A,1365,1.421978021978022,0.4553998405340697,Intermittent
FOODS_3_594,FOODS_3,FOODS,10231,10231.6,1423,0.0004457381507748085,0.5934704182669426,A,1423,1.3640196767392831,0.6686856967948723,Lumpy
HOBBIES_1_242,HOBBIES_1,HOBBIES,3866,10221.64,1385,0.0004453042448381302,0.5939157225117807,A,1385,1.4014440433212996,0.4999016851809583,Lumpy
FOODS_3_750,FOODS_3,FOODS,4679,10216.16,1277,0.000445065509443251,0.5943607880212239,A,1277,1.5199686765857479,0.42326831447015184,Intermittent
HOBBIES_1_393,HOBBIES_1,HOBBIES,356,10195.91,296,0.0004441833211683781,0.5948049713423923,A,296,6.5574324324324325,0.14022882746785534,Intermittent
FOODS_2_250,FOODS_2,FOODS,929,10191.130000000001,403,0.00044397508117065504,0.595248946423563,A,403,4.816377171215881,0.372366362445058,Intermittent
HOUSEHOLD_1_477,HOUSEHOLD_1,HOUSEHOLD,781,10185.91,479,0.00044374767263757664,0.5956926940962005,A,479,4.052192066805845,0.38842914155997293,Intermittent
FOODS_1_197,FOODS_1,FOODS,2156,10169.78,1086,0.0004430449715573939,0.596135739067758,A,1086,1.787292817679558,0.39327607003575343,Intermittent
HOUSEHOLD_2_115,HOUSEHOLD_2,HOUSEHOLD,2813,10151.73,1100,0.00044225862595929726,0.5965779976937172,A,1100,1.7645454545454546,0.3580586166069896,Intermittent
FOODS_3_274,FOODS_3,FOODS,7494,10138.67,1221,0.00044168966897807063,0.5970196873626953,A,1221,1.5896805896805897,0.6140655610760911,Lumpy
FOODS_3_302,FOODS_3,FOODS,6773,10131.82,1356,0.0004413912497344716,0.5974610786124298,A,1356,1.4314159292035398,0.47120019302542043,Intermittent
HOUSEHOLD_1_151,HOUSEHOLD_1,HOUSEHOLD,10938,10118.890000000001,1672,0.0004408279561841454,0.597901906568614,A,1672,1.1608851674641147,0.36437269730204697,Smooth
FOODS_3_450,FOODS_3,FOODS,3336,10103.58,1483,0.00044016097828348833,0.5983420675468974,A,1483,1.308833445718139,0.40133160719164984,Smooth
HOUSEHOLD_1_091,HOUSEHOLD_1,HOUSEHOLD,1453,10090.71,876,0.00043960029862434683,0.5987816678455218,A,876,2.2157534246575343,0.3651154142348904,Intermittent
HOUSEHOLD_1_003,HOUSEHOLD_1,HOUSEHOLD,1122,10064.34,676,0.00043845149344862345,0.5992201193389705,A,676,2.871301775147929,0.29564166356868493,Intermittent
HOUSEHOLD_1_362,HOUSEHOLD_1,HOUSEHOLD,1260,10042.199999999999,888,0.000437486967601429,0.5996576063065718,A,888,2.185810810810811,0.23415635777046617,Intermittent
HOBBIES_1_173,HOBBIES_1,HOBBIES,913,10015.61,641,0.000436328578158028,0.6000939348847298,A,641,3.0280811232449296,0.2576884494564939,Intermittent
HOBBIES_1_069,HOBBIES_1,HOBBIES,742,10007.91,564,0.0004359931287893109,0.6005299280135191,A,564,3.4414893617021276,0.2255872398919514,Intermittent
HOUSEHOLD_1_291,HOUSEHOLD_1,HOUSEHOLD,2672,10004.32,1129,0.00043583673096675316,0.6009657647444858,A,1129,1.7192205491585475,0.4245169698406567,Intermittent
HOBBIES_1_339,HOBBIES_1,HOBBIES,1252,9990.960000000001,534,0.00043525470452960245,0.6014010194490155,A,534,3.634831460674157,0.5722369734562238,Lumpy
FOODS_3_133,FOODS_3,FOODS,12219,9988.24,1579,0.00043513620812922444,0.6018361556571447,A,1579,1.2292590246991766,0.519121485754631,Erratic
HOUSEHOLD_1_321,HOUSEHOLD_1,HOUSEHOLD,3363,9985.79,1370,0.0004350294742391781,0.6022711851313838,A,1370,1.4167883211678831,0.4530933765665211,Intermittent
FOODS_2_116,FOODS_2,FOODS,5073,9963.6,1358,0.0004340627701493297,0.6027052479015331,A,1358,1.4293078055964654,0.549090270326579,Lumpy
FOODS_3_142,FOODS_3,FOODS,2468,9949.14,965,0.00043343282237379074,0.6031386807239069,A,965,2.01139896373057,0.6331172228462936,Lumpy
HOBBIES_1_392,HOBBIES_1,HOBBIES,766,9942.68,443,0.00043315139342289306,0.6035718321173298,A,443,4.381489841986456,0.35072933721414945,Intermittent
FOODS_2_396,FOODS_2,FOODS,3324,9938.07,1326,0.00043295055945019356,0.6040047826767799,A,1326,1.4638009049773755,0.3717674628937863,Intermittent
FOODS_2_283,FOODS_2,FOODS,6644,9927.52,1446,0.0004324909502501981,0.6044372736270301,A,1446,1.342323651452282,0.7810343022008529,Lumpy
HOUSEHOLD_1_377,HOUSEHOLD_1,HOUSEHOLD,1134,9910.11,802,0.0004317324861580728,0.6048690061131882,A,802,2.420199501246883,0.2326432853955406,Intermittent
HOUSEHOLD_1_285,HOUSEHOLD_1,HOUSEHOLD,3590,9864.48,1218,0.0004297446219120257,0.6052987507351002,A,1218,1.5935960591133005,0.3693140063719069,Intermittent
FOODS_3_269,FOODS_3,FOODS,3314,9861.38,1358,0.00042960957086747727,0.6057283603059677,A,1358,1.4293078055964654,0.4032319016384991,Intermittent
HOBBIES_1_200,HOBBIES_1,HOBBIES,1254,9842.98,770,0.0004288079775708026,0.6061571682835385,A,770,2.520779220779221,0.2646488006112515,Intermittent
FOODS_3_183,FOODS_3,FOODS,3291,9825.76,1312,0.0004280577908007625,0.6065852260743393,A,1312,1.4794207317073171,0.45896465749253434,Intermittent
FOODS_2_022,FOODS_2,FOODS,1389,9742.12,741,0.00042441402648913924,0.6070096401008285,A,741,2.619433198380567,0.4143316657952636,Intermittent
HOUSEHOLD_1_050,HOUSEHOLD_1,HOUSEHOLD,2642,9735.53,841,0.0004241269341073411,0.6074337670349358,A,841,2.3079667063020213,0.35659501423639617,Intermittent
FOODS_3_795,FOODS_3,FOODS,3266,9727.28,887,0.0004237675240694299,0.6078575345590053,A,887,2.188275084554679,0.31904045338891135,Intermittent
HOBBIES_1_301,HOBBIES_1,HOBBIES,1586,9722.82,875,0.0004235732248246924,0.6082811077838299,A,875,2.2182857142857144,0.36959050422777945,Intermittent
FOODS_2_255,FOODS_2,FOODS,3635,9716.6,990,0.00042330225143853397,0.6087044100352684,A,990,1.9606060606060607,4.365813354864089,Lumpy
FOODS_2_149,FOODS_2,FOODS,1386,9708.02,785,0.0004229284649991063,0.6091273385002676,A,785,2.472611464968153,0.41197491072976966,Intermittent
FOODS_3_812,FOODS_3,FOODS,3425,9697.92,1334,0.00042248845998299684,0.6095498269602506,A,1334,1.4550224887556222,0.38846429655258624,Intermittent
HOUSEHOLD_1_236,HOUSEHOLD_1,HOUSEHOLD,3850,9680.800000000001,1350,0.0004217426296982648,0.6099715695899489,A,1350,1.4377777777777778,0.4169322153013775,Intermittent
HOUSEHOLD_1_459,HOUSEHOLD_1,HOUSEHOLD,9883,9676.5,1339,0.0004215553008300201,0.6103931248907789,A,1339,1.4495892457057507,0.5156997177053906,Lumpy
FOODS_1_137,FOODS_1,FOODS,4886,9672.58,1013,0.000421384526605946,0.6108145094173848,A,1013,1.9160908193484698,0.6159429549439353,Lumpy
HOUSEHOLD_1_235,HOUSEHOLD_1,HOUSEHOLD,2696,9666.25,1184,0.00042110876108594867,0.6112356181784707,A,1184,1.6393581081081081,0.4612459615172302,Intermittent
FOODS_2_357,FOODS_2,FOODS,4830,9650.08,1558,0.0004204043174116427,0.6116560224958824,A,1558,1.2458279845956355,0.4154220890188245,Smooth
HOUSEHOLD_1_359,HOUSEHOLD_1,HOUSEHOLD,1434,9646.59,773,0.00042025227607439303,0.6120762747719567,A,773,2.5109961190168177,0.34393896580093625,Intermittent
FOODS_3_332,FOODS_3,FOODS,4868,9638.64,1332,0.0004199059354924058,0.6124961807074492,A,1332,1.4572072072072073,0.8007390945198666,Lumpy
HOUSEHOLD_1_411,HOUSEHOLD_1,HOUSEHOLD,3071,9608.53,1368,0.0004185941977661627,0.6129147749052153,A,1368,1.418859649122807,0.3679729330601822,Intermittent
HOUSEHOLD_1_256,HOUSEHOLD_1,HOUSEHOLD,1620,9605.4,1022,0.00041845783977602184,0.6133332327449913,A,1022,1.8992172211350293,0.2767972829683491,Intermittent
FOODS_3_021,FOODS_3,FOODS,4432,9602.06,1116,0.0004183123331667341,0.613751545078158,A,1116,1.739247311827957,0.6858676264205614,Lumpy
FOODS_3_065,FOODS_3,FOODS,2539,9593.12,1062,0.0004179228633801977,0.6141694679415381,A,1062,1.8276836158192091,0.6795053818141362,Lumpy
FOODS_2_119,FOODS_2,FOODS,3737,9576.95,1216,0.00041721841970589175,0.614586686361244,A,1216,1.596217105263158,0.4608674509190061,Intermittent
FOODS_1_038,FOODS_1,FOODS,1053,9570.6,696,0.0004169417828888328,0.6150036281441329,A,696,2.788793103448276,0.3444016705694541,Intermittent
FOODS_3_585,FOODS_3,FOODS,2402,9559.96,1112,0.00041647825285206006,0.615420106396985,A,1112,1.745503597122302,0.38224794816577956,Intermittent
HOUSEHOLD_1_130,HOUSEHOLD_1,HOUSEHOLD,1480,9559.1,702,0.00041644078707841114,0.6158365471840633,A,702,2.764957264957265,0.3786438344887663,Intermittent
FOODS_2_201,FOODS_2,FOODS,1770,9556.9,561,0.0004163449444016348,0.616252892128465,A,561,3.4598930481283423,0.3690903578610414,Intermittent
FOODS_3_392,FOODS_3,FOODS,2459,9543.119999999999,1274,0.0004157446207261904,0.6166686367491913,A,1274,1.5235478806907379,0.3649521352596268,Intermittent
FOODS_3_238,FOODS_3,FOODS,2656,9539.44,1010,0.0004155843020668555,0.6170842210512582,A,1010,1.9217821782178217,0.4444966305482476,Intermittent
FOODS_3_661,FOODS_3,FOODS,2904,9525.119999999999,717,0.00041496045337074776,0.6174991815046289,A,717,2.707112970711297,0.3269527966396119,Intermittent
FOODS_3_571,FOODS_3,FOODS,1157,9524.52,667,0.0004149343144588998,0.6179141158190878,A,667,2.9100449775112445,0.6637005122530459,Lumpy
FOODS_1_045,FOODS_1,FOODS,5161,9491.54,1376,0.0004134975456043166,0.6183276133646921,A,1376,1.410610465116279,0.4498425576362223,Intermittent
HOUSEHOLD_1_186,HOUSEHOLD_1,HOUSEHOLD,3126,9460.52,1079,0.0004121461638617705,0.6187397595285539,A,1079,1.7988878591288229,0.41529293523478544,Intermittent
FOODS_3_272,FOODS_3,FOODS,994,9459.22,712,0.00041208952955276625,0.6191518490581066,A,712,2.726123595505618,0.22825965234848905,Intermittent
HOUSEHOLD_2_257,HOUSEHOLD_2,HOUSEHOLD,1603,9442.02,872,0.0004113402140797878,0.6195631892721863,A,872,2.2259174311926606,0.37718052642084104,Intermittent
HOUSEHOLD_1_301,HOUSEHOLD_1,HOUSEHOLD,1905,9432.36,907,0.0004109193775990336,0.6199741086497854,A,907,2.1400220507166483,0.34024658713040745,Intermittent
HOBBIES_1_328,HOBBIES_1,HOBBIES,1467,9424.18,973,0.000410563017100838,0.6203846716668863,A,973,1.9948612538540595,0.33002071121911375,Intermittent
HOUSEHOLD_1_203,HOUSEHOLD_1,HOUSEHOLD,1900,9421.61,1031,0.0004104510554284221,0.6207951227223147,A,1031,1.8826382153249273,0.33805753274345834,Intermittent
FOODS_3_355,FOODS_3,FOODS,9092,9412.38,1405,0.0004100489518344923,0.6212051716741492,A,1405,1.3814946619217081,0.5897890631774586,Lumpy
FOODS_3_629,FOODS_3,FOODS,1838,9394.140000000001,1010,0.0004092543289143105,0.6216144260030636,A,1010,1.9217821782178217,0.726983489498251,Lumpy
FOODS_2_152,FOODS_2,FOODS,3916,9381.5,1363,0.00040870366917137744,0.6220231296722349,A,1363,1.4240645634629494,0.5593887403687676,Lumpy
HOUSEHOLD_2_139,HOUSEHOLD_2,HOUSEHOLD,1606,9379.039999999999,955,0.00040859649963280025,0.6224317261718677,A,955,2.032460732984293,0.3177344484500839,Intermittent
HOUSEHOLD_1_196,HOUSEHOLD_1,HOUSEHOLD,4811,9376.33,1566,0.0004084784388809531,0.6228402046107486,A,1566,1.239463601532567,0.4667916048826994,Smooth
FOODS_3_348,FOODS_3,FOODS,11536,9376.140000000001,1539,0.0004084701615588679,0.6232486747723075,A,1539,1.2612085769980508,0.44527781196875504,Smooth
HOUSEHOLD_2_195,HOUSEHOLD_2,HOUSEHOLD,627,9372.85,496,0.0004083268331922342,0.6236570016054998,A,496,3.913306451612903,0.1850835144944711,Intermittent
HOUSEHOLD_1_517,HOUSEHOLD_1,HOUSEHOLD,9644,9372.02,1141,0.0004082906743641777,0.624065292279864,A,1141,1.7011393514461,0.26338584189383735,Intermittent
FOODS_3_109,FOODS_3,FOODS,9372,9372.0,1590,0.00040828980306711606,0.624473582082931,A,1590,1.2207547169811321,0.7135008886541412,Erratic
HOUSEHOLD_1_516,HOUSEHOLD_1,HOUSEHOLD,4758,9368.2,1674,0.00040812425662541157,0.6248817063395564,A,1674,1.1594982078853047,0.36138843811456267,Smooth
FOODS_3_439,FOODS_3,FOODS,3145,9367.0,901,0.00040807197880171533,0.6252897783183581,A,901,2.1542730299667037,0.33004619754890074,Intermittent
FOODS_2_075,FOODS_2,FOODS,3921,9343.75,1197,0.000407059095967602,0.6256968374143257,A,1197,1.6215538847117794,0.3700561864036762,Intermittent
FOODS_2_307,FOODS_2,FOODS,3705,9340.619999999999,1032,0.0004069227379774611,0.6261037601523032,A,1032,1.880813953488372,0.5074781433004457,Lumpy
HOUSEHOLD_1_303,HOUSEHOLD_1,HOUSEHOLD,9677,9334.08,1640,0.00040663782383831696,0.6265103979761415,A,1640,1.1835365853658537,0.4803752774469689,Smooth
HOUSEHOLD_1_082,HOUSEHOLD_1,HOUSEHOLD,2677,9315.96,1119,0.0004058484287005047,0.626916246404842,A,1119,1.7345844504021448,0.4564777009825095,Intermittent
HOBBIES_1_387,HOBBIES_1,HOBBIES,9135,9315.1,802,0.00040581096292685587,0.6273220573677689,A,802,2.420199501246883,0.8983686399201867,Lumpy
FOODS_3_786,FOODS_3,FOODS,4659,9310.22,1219,0.0004055983664438247,0.6277276557342127,A,1219,1.5922887612797374,0.5774706780143382,Lumpy
FOODS_3_683,FOODS_3,FOODS,3712,9301.42,905,0.00040521499573671946,0.6281328707299495,A,905,2.1447513812154697,0.34077244094547277,Intermittent
HOUSEHOLD_1_180,HOUSEHOLD_1,HOUSEHOLD,3172,9291.619999999999,1209,0.000404788060176534,0.628537658790126,A,1209,1.6054590570719602,0.39225796490653536,Intermittent
HOUSEHOLD_1_460,HOUSEHOLD_1,HOUSEHOLD,2366,9275.210000000001,1171,0.0004040731609374889,0.6289417319510635,A,1171,1.6575576430401366,0.43746419121856195,Intermittent
FOODS_3_420,FOODS_3,FOODS,1093,9268.640000000001,744,0.00040378693985275237,0.6293455188909163,A,744,2.6088709677419355,0.35252283289745795,Intermittent
FOODS_3_679,FOODS_3,FOODS,2417,9251.39,1066,0.0004030354461371198,0.6297485543370533,A,1066,1.820825515947467,0.4235215666063923,Intermittent
FOODS_3_432,FOODS_3,FOODS,2493,9249.86,1090,0.0004029687919119072,0.6301515231289653,A,1090,1.7807339449541284,0.5643879996028384,Lumpy
HOUSEHOLD_2_369,HOUSEHOLD_2,HOUSEHOLD,1424,9240.28,872,0.00040255144061939943,0.6305540745695847,A,872,2.2259174311926606,0.3171087015854468,Intermittent
FOODS_2_375,FOODS_2,FOODS,1855,9237.900000000001,993,0.00040244775626906875,0.6309565223258538,A,993,1.9546827794561934,0.43033143315089695,Intermittent
FOODS_3_625,FOODS_3,FOODS,3089,9226.82,1199,0.00040196505769694065,0.6313584873835507,A,1199,1.6188490408673895,0.4314564783183334,Intermittent
HOUSEHOLD_2_324,HOUSEHOLD_2,HOUSEHOLD,646,9213.4,527,0.0004013804173686051,0.6317598678009193,A,527,3.683111954459203,0.18488724813835675,Intermittent
FOODS_3_352,FOODS_3,FOODS,2260,9209.18,954,0.0004011965736886069,0.632161064374608,A,954,2.0345911949685536,0.4618546310471065,Intermittent
FOODS_2_062,FOODS_2,FOODS,1706,9208.62,1013,0.0004011721773708821,0.6325622365519789,A,1013,1.9160908193484698,0.3751987600005184,Intermittent
HOUSEHOLD_1_094,HOUSEHOLD_1,HOUSEHOLD,2546,9202.05,921,0.00040088595628614545,0.632963122508265,A,921,2.1074918566775245,0.3641102156067287,Intermittent
HOUSEHOLD_1_447,HOUSEHOLD_1,HOUSEHOLD,9399,9192.039999999999,1377,0.0004004498721068132,0.6333635723803719,A,1377,1.4095860566448801,0.38073374062947446,Intermittent
FOODS_1_174,FOODS_1,FOODS,1913,9181.28,1020,0.0003999811142876709,0.6337635534946595,A,1020,1.9029411764705881,0.43388926768276603,Intermittent
FOODS_1_081,FOODS_1,FOODS,1700,9178.15,667,0.00039984475629753003,0.634163398250957,A,667,2.9100449775112445,0.5342085247877634,Lumpy
FOODS_2_376,FOODS_2,FOODS,4664,9158.36,1258,0.000398982607855074,0.6345623808588121,A,1258,1.5429252782193958,0.5107303124112029,Lumpy
HOUSEHOLD_1_519,HOUSEHOLD_1,HOUSEHOLD,1885,9156.62,973,0.00039890680501071453,0.6349612876638229,A,973,1.9948612538540595,0.33364912944818875,Intermittent
HOBBIES_1_308,HOBBIES_1,HOBBIES,810,9099.800000000001,527,0.00039643145005870074,0.6353577191138816,A,527,3.683111954459203,0.25513127751670084,Intermittent
FOODS_3_771,FOODS_3,FOODS,3635,9099.32,1103,0.0003964105389292222,0.6357541296528109,A,1103,1.759746146872167,0.33351307272958897,Intermittent
FOODS_1_140,FOODS_1,FOODS,1310,9089.2,778,0.0003959696626160512,0.6361500993154269,A,778,2.494858611825193,0.389575969036373,Intermittent
HOBBIES_1_268,HOBBIES_1,HOBBIES,19129,9071.42,1543,0.0003951950795282862,0.6365452943949551,A,1543,1.2579390797148413,1.3722865962948503,Erratic
FOODS_3_372,FOODS_3,FOODS,2765,9069.199999999999,620,0.00039509836555444823,0.6369403927605095,A,620,3.1306451612903228,0.3138619509888575,Intermittent
HOUSEHOLD_1_126,HOUSEHOLD_1,HOUSEHOLD,1033,9061.91,763,0.000394780777775494,0.637335173538285,A,763,2.543905635648755,0.2337320359542978,Intermittent
FOODS_2_373,FOODS_2,FOODS,1580,9054.44,848,0.00039445534832298535,0.6377296288866079,A,848,2.2889150943396226,0.3931891912547698,Intermittent
HOUSEHOLD_1_112,HOUSEHOLD_1,HOUSEHOLD,3044,9040.68,1319,0.00039385589594460255,0.6381234847825525,A,1319,1.4715693707354056,0.539490225583595,Lumpy
FOODS_1_166,FOODS_1,FOODS,4222,9033.53,1192,0.0003935444072450795,0.6385170291897976,A,1192,1.6283557046979866,0.42003017579547497,Intermittent
HOUSEHOLD_1_445,HOUSEHOLD_1,HOUSEHOLD,4624,9025.49,1492,0.00039319414582631514,0.6389102233356239,A,1492,1.3009383378016086,0.3549537096382488,Smooth
HOUSEHOLD_1_479,HOUSEHOLD_1,HOUSEHOLD,1199,9022.48,782,0.00039306301561854387,0.6393032863512425,A,782,2.4820971867007673,0.2835684603563132,Intermittent
HOUSEHOLD_1_268,HOUSEHOLD_1,HOUSEHOLD,1082,8991.05,759,0.00039169377228623494,0.6396949801235287,A,759,2.5573122529644268,0.2749530230031799,Intermittent
FOODS_3_212,FOODS_3,FOODS,3045,8990.5,1327,0.00039166981161704086,0.6400866499351457,A,1327,1.4626978146194423,0.47548257210544015,Intermittent
HOUSEHOLD_1_103,HOUSEHOLD_1,HOUSEHOLD,1814,8989.39,885,0.0003916214546301219,0.6404782713897759,A,885,2.1932203389830507,0.41836784890510603,Intermittent
FOODS_3_496,FOODS_3,FOODS,2257,8982.86,871,0.0003913369761395086,0.6408696083659153,A,871,2.2284730195177955,0.653993490258431,Lumpy
HOBBIES_1_287,HOBBIES_1,HOBBIES,1596,8981.640000000001,909,0.0003912838270187508,0.641260892192934,A,909,2.1353135313531353,0.3250226066972609,Intermittent
HOUSEHOLD_1_046,HOUSEHOLD_1,HOUSEHOLD,2386,8958.92,1212,0.0003902940335567699,0.6416511862264908,A,1212,1.6014851485148516,0.47829906472138595,Intermittent
FOODS_3_665,FOODS_3,FOODS,3002,8945.96,687,0.0003897294330608512,0.6420409156595516,A,687,2.8253275109170306,0.9055849711034545,Lumpy
FOODS_3_612,FOODS_3,FOODS,2143,8931.18,996,0.0003890855445323267,0.6424300012040839,A,996,1.9487951807228916,0.38949303749541125,Intermittent
HOBBIES_1_249,HOBBIES_1,HOBBIES,1817,8907.82,1130,0.00038806786956437447,0.6428180690736482,A,1130,1.7176991150442478,0.31562217665288406,Intermittent
HOUSEHOLD_1_350,HOUSEHOLD_1,HOUSEHOLD,3094,8905.72,1340,0.0003879763833729062,0.6432060454570212,A,1340,1.4485074626865673,0.42838970357376915,Intermittent
HOUSEHOLD_1_465,HOUSEHOLD_1,HOUSEHOLD,9112,8903.83,1307,0.00038789404580058474,0.6435939395028217,A,1307,1.4850803366488141,0.6561693511731242,Lumpy
HOUSEHOLD_1_122,HOUSEHOLD_1,HOUSEHOLD,3935,8893.099999999999,1473,0.00038742659492703473,0.6439813660977488,A,1473,1.3177189409368635,0.3296526186679335,Smooth
FOODS_3_494,FOODS_3,FOODS,2969,8871.46,1171,0.0003864838515063804,0.6443678499492552,A,1171,1.6575576430401366,0.4905113513807521,Lumpy
FOODS_3_383,FOODS_3,FOODS,6981,8870.56,1204,0.0003864446431386083,0.6447542945923939,A,1204,1.6121262458471761,1.341576676427294,Lumpy
HOUSEHOLD_1_316,HOUSEHOLD_1,HOUSEHOLD,2235,8866.93,1164,0.0003862865027219274,0.6451405810951157,A,1164,1.6675257731958764,0.6468599421303753,Lumpy
FOODS_1_112,FOODS_1,FOODS,4478,8866.44,1387,0.00038626515594391815,0.6455268462510596,A,1387,1.3994232155731796,0.5287281147116765,Lumpy
HOUSEHOLD_1_138,HOUSEHOLD_1,HOUSEHOLD,1788,8863.74,956,0.0003861475308406017,0.6459129937819003,A,956,2.030334728033473,0.3220741567359134,Intermittent
HOUSEHOLD_1_538,HOUSEHOLD_1,HOUSEHOLD,2536,8825.28,1168,0.0003844720265911394,0.6462974658084913,A,1168,1.6618150684931507,0.3413146218845884,Intermittent
HOUSEHOLD_1_223,HOUSEHOLD_1,HOUSEHOLD,931,8816.570000000002,570,0.00038409257672081135,0.6466815583852121,A,570,3.405263157894737,0.2940558598533563,Intermittent
FOODS_3_222,FOODS_3,FOODS,2084,8798.86,1096,0.00038332104317276197,0.6470648794283849,A,1096,1.770985401459854,0.3782135724508629,Intermittent
HOUSEHOLD_1_404,HOUSEHOLD_1,HOUSEHOLD,3257,8795.6,1324,0.0003831790217517207,0.6474480584501365,A,1324,1.466012084592145,0.43502971290573206,Intermittent
FOODS_3_112,FOODS_3,FOODS,2947,8782.06,1022,0.0003825891536410155,0.6478306476037775,A,1022,1.8992172211350293,0.45245599597809627,Intermittent
HOBBIES_1_372,HOBBIES_1,HOBBIES,1314,8766.24,785,0.0003818999576652876,0.6482125475614428,A,785,2.472611464968153,0.33346390758439903,Intermittent
HOUSEHOLD_1_290,HOUSEHOLD_1,HOUSEHOLD,887,8746.28,531,0.00038103040319780796,0.6485935779646406,A,531,3.6553672316384183,0.4160744599653174,Intermittent
FOODS_3_774,FOODS_3,FOODS,1387,8733.66,822,0.0003804806147519365,0.6489740585793925,A,822,2.3613138686131387,0.260383855737656,Intermittent
FOODS_3_651,FOODS_3,FOODS,2024,8715.119999999999,933,0.00037967292237583056,0.6493537315017683,A,933,2.080385852090032,0.42800310735373415,Intermittent
HOBBIES_1_420,HOBBIES_1,HOBBIES,1524,8705.02,956,0.0003792329173597212,0.6497329644191281,A,956,2.030334728033473,0.2746378267625645,Intermittent
HOUSEHOLD_1_482,HOUSEHOLD_1,HOUSEHOLD,2702,8696.24,1156,0.0003788504179496775,0.6501118148370778,A,1156,1.6790657439446366,0.39530613139065085,Intermittent
HOUSEHOLD_1_521,HOUSEHOLD_1,HOUSEHOLD,9010,8681.619999999999,1567,0.0003782134997976457,0.6504900283368754,A,1567,1.2386726228462028,0.5123121414588102,Erratic
HOUSEHOLD_2_201,HOUSEHOLD_2,HOUSEHOLD,1433,8677.19,943,0.00037802050749850076,0.6508680488443739,A,943,2.0583244962884413,0.27830001997770204,Intermittent
FOODS_3_468,FOODS_3,FOODS,7567,8659.6,1304,0.00037725420173282103,0.6512453030461067,A,1304,1.4884969325153374,0.5991832292759351,Lumpy
HOBBIES_1_177,HOBBIES_1,HOBBIES,2079,8645.18,910,0.0003766259965514053,0.6516219290426581,A,910,2.132967032967033,0.40705791491981236,Intermittent
HOUSEHOLD_1_083,HOUSEHOLD_1,HOUSEHOLD,8825,8636.71,1535,0.00037625700224581645,0.651998186044904,A,1535,1.2644951140065146,0.4099210552773346,Smooth
HOBBIES_1_194,HOBBIES_1,HOBBIES,3112,8631.96,1208,0.0003760500691936858,0.6523742361140977,A,1208,1.6067880794701987,0.3766359565259595,Intermittent
FOODS_3_423,FOODS_3,FOODS,2888,8606.24,983,0.00037492958117246446,0.6527491656952702,A,983,1.9745676500508647,0.5128758557652665,Lumpy
HOUSEHOLD_1_324,HOUSEHOLD_1,HOUSEHOLD,1463,8598.11,930,0.0003745753989169229,0.6531237410941871,A,930,2.087096774193548,0.27208729022505546,Intermittent
HOUSEHOLD_1_142,HOUSEHOLD_1,HOUSEHOLD,1428,8579.94,825,0.00037378382553645667,0.6534975249197236,A,825,2.3527272727272726,0.3095753935497672,Intermittent
HOUSEHOLD_1_399,HOUSEHOLD_1,HOUSEHOLD,8362,8558.64,1500,0.00037285589416584955,0.6538703808138894,A,1500,1.294,0.36116551020348586,Smooth
FOODS_1_172,FOODS_1,FOODS,4506,8544.02,1549,0.0003722189760138179,0.6542425997899032,A,1549,1.2530664945125887,0.4415604809708177,Smooth
FOODS_3_194,FOODS_3,FOODS,2895,8537.5,1255,0.00037193493317173534,0.654614534723075,A,1255,1.5466135458167332,0.37389064964937657,Intermittent
FOODS_3_195,FOODS_3,FOODS,3178,8498.5,1091,0.00037023590390160966,0.6549847706269766,A,1091,1.7791017415215398,0.47473552201864033,Intermittent
FOODS_3_590,FOODS_3,FOODS,3239,8485.66,816,0.0003696765311880606,0.6553544471581646,A,816,2.3786764705882355,0.5407856562326587,Lumpy
FOODS_3_460,FOODS_3,FOODS,4278,8470.44,1408,0.00036901347412418085,0.6557234606322888,A,1408,1.3785511363636365,0.47424783458014463,Intermittent
FOODS_1_201,FOODS_1,FOODS,3987,8463.51,1213,0.00036871156969233543,0.6560921722019811,A,1213,1.6001648804616653,0.5245259929221211,Lumpy
HOUSEHOLD_2_119,HOUSEHOLD_2,HOUSEHOLD,1449,8462.16,901,0.0003686527571406772,0.6564608249591218,A,901,2.1542730299667037,0.29243244576257893,Intermittent
FOODS_3_686,FOODS_3,FOODS,2277,8455.53,1119,0.0003683639221647559,0.6568291888812866,A,1119,1.7345844504021448,0.41424717781640014,Intermittent
HOBBIES_1_320,HOBBIES_1,HOBBIES,1887,8452.29,965,0.0003682227720407762,0.6571974116533273,A,965,2.01139896373057,0.350258167052262,Intermittent
HOUSEHOLD_1_212,HOUSEHOLD_1,HOUSEHOLD,1830,8451.87,935,0.00036820447480248256,0.6575656161281298,A,935,2.0759358288770056,0.3913738206600871,Intermittent
FOODS_1_207,FOODS_1,FOODS,2564,8442.08,1219,0.0003677779748908279,0.6579333941030207,A,1219,1.5922887612797374,0.4849082096626932,Intermittent
HOUSEHOLD_1_067,HOUSEHOLD_1,HOUSEHOLD,1979,8423.32,953,0.0003669606982470444,0.6583003548012677,A,953,2.036726128016789,0.36864923993471643,Intermittent
HOBBIES_1_094,HOBBIES_1,HOBBIES,649,8414.54,458,0.0003665781988370008,0.6586669330001047,A,458,4.237991266375546,0.24775070486287953,Intermittent
FOODS_3_031,FOODS_3,FOODS,1870,8413.199999999999,1110,0.0003665198219338733,0.6590334528220386,A,1110,1.7486486486486486,0.3582626487595447,Intermittent
FOODS_2_302,FOODS_2,FOODS,786,8397.08,441,0.0003658175565022214,0.6593992703785408,A,441,4.401360544217687,0.3613753569139331,Intermittent
FOODS_2_170,FOODS_2,FOODS,2738,8382.26,958,0.00036517192537957366,0.6597644423039204,A,958,2.0260960334029225,0.4327277949700146,Intermittent
FOODS_3_537,FOODS_3,FOODS,2105,8377.9,979,0.0003649819826201442,0.6601294242865405,A,979,1.982635342185904,0.5778959945344491,Lumpy
HOUSEHOLD_1_528,HOUSEHOLD_1,HOUSEHOLD,2868,8374.06,1342,0.0003648146935843165,0.6604942389801248,A,1342,1.446348733233979,0.38022872846137623,Intermittent
FOODS_3_502,FOODS_3,FOODS,3345,8371.32,858,0.00036469532588687684,0.6608589343060117,A,858,2.262237762237762,0.4654041126945388,Intermittent
FOODS_3_249,FOODS_3,FOODS,3281,8367.54,842,0.000364530650742234,0.661223464956754,A,842,2.3052256532066506,0.4947617109979945,Lumpy
HOBBIES_1_124,HOBBIES_1,HOBBIES,1398,8360.04,628,0.00036420391434413286,0.6615876688710981,A,628,3.090764331210191,0.4749981301788343,Intermittent
FOODS_2_389,FOODS_2,FOODS,656,8359.25,465,0.00036416949811019953,0.6619518383692083,A,465,4.174193548387096,0.22366474424475377,Intermittent
HOBBIES_1_132,HOBBIES_1,HOBBIES,2005,8344.34,1002,0.00036351994615077456,0.6623153583153591,A,1002,1.937125748502994,0.3630239743651976,Intermittent
HOUSEHOLD_1_029,HOUSEHOLD_1,HOUSEHOLD,1227,8339.68,578,0.0003633169339354211,0.6626786752492946,A,578,3.358131487889273,0.45776158507816356,Intermittent
FOODS_2_081,FOODS_2,FOODS,3270,8339.12,1265,0.00036329253761769627,0.6630419677869123,A,1265,1.5343873517786562,0.4396193784862096,Intermittent
HOUSEHOLD_1_030,HOUSEHOLD_1,HOUSEHOLD,1682,8337.1,851,0.0003632045366144743,0.6634051723235267,A,851,2.280846063454759,0.3491967457480289,Intermittent
FOODS_3_042,FOODS_3,FOODS,5187,8332.46,1325,0.00036300239569618244,0.6637681747192229,A,1325,1.4649056603773585,0.47842354677546917,Intermittent
FOODS_1_076,FOODS_1,FOODS,1527,8331.96,973,0.00036298061326964237,0.6641311553324926,A,973,1.9948612538540595,0.3352453878663074,Intermittent
FOODS_3_673,FOODS_3,FOODS,1393,8330.140000000001,628,0.0003629013252370366,0.6644940566577296,A,628,3.090764331210191,0.41333121701753645,Intermittent
HOBBIES_1_123,HOBBIES_1,HOBBIES,1045,8320.550000000001,642,0.000362483538295998,0.6648565401960257,A,642,3.0233644859813085,0.3085550642098486,Intermittent
FOODS_1_106,FOODS_1,FOODS,2528,8309.56,1182,0.0003620047605606471,0.6652185449565864,A,1182,1.6421319796954315,0.4585639794631965,Intermittent
HOUSEHOLD_1_275,HOUSEHOLD_1,HOUSEHOLD,2792,8292.24,1200,0.00036125021730529905,0.6655797951738917,A,1200,1.6175,0.4246032264211117,Intermittent
FOODS_1_002,FOODS_1,FOODS,934,8251.720000000001,650,0.00035948496945849165,0.6659392801433501,A,650,2.986153846153846,0.27008064539546595,Intermittent
HOUSEHOLD_1_453,HOUSEHOLD_1,HOUSEHOLD,3962,8250.9,1101,0.00035944924627896583,0.6662987293896291,A,1101,1.762942779291553,0.34052161404574705,Intermittent
HOBBIES_1_015,HOBBIES_1,HOBBIES,11673,8243.42,1556,0.0003591233811779264,0.666657852770807,A,1556,1.2474293059125965,0.9904845482648722,Erratic
HOUSEHOLD_1_011,HOUSEHOLD_1,HOUSEHOLD,1771,8199.73,992,0.0003572200327468548,0.6670150728035539,A,992,1.9566532258064515,0.3334650095288144,Intermittent
FOODS_1_019,FOODS_1,FOODS,7957,8198.7,1029,0.00035717516094818235,0.667372247964502,A,1029,1.8862973760932944,0.4173358100703924,Intermittent
HOUSEHOLD_1_288,HOUSEHOLD_1,HOUSEHOLD,1006,8168.650000000001,687,0.000355866037113124,0.6677281140016151,A,687,2.8253275109170306,0.2371727733397333,Intermittent
FOODS_3_236,FOODS_3,FOODS,3262,8165.98,809,0.0003557497189554,0.6680838637205705,A,809,2.3992583436341164,0.5037205787507232,Lumpy
FOODS_3_789,FOODS_3,FOODS,5436,8154.0,980,0.0003552278120154998,0.668439091532586,A,980,1.9806122448979593,0.5072917681701682,Lumpy
HOUSEHOLD_1_019,HOUSEHOLD_1,HOUSEHOLD,8303,8130.93,1305,0.0003542227708549409,0.6687933143034409,A,1305,1.4873563218390804,0.5287207419328686,Lumpy
FOODS_3_063,FOODS_3,FOODS,3243,8111.04,1203,0.0003533562659271768,0.669146670569368,A,1203,1.6134663341645885,0.48043592264018736,Intermittent
FOODS_3_429,FOODS_3,FOODS,1356,8108.880000000001,583,0.00035326216584452374,0.6694999327352126,A,583,3.3293310463121784,0.4910507736810444,Lumpy
FOODS_3_181,FOODS_3,FOODS,2718,8099.639999999999,1115,0.00035285962660206317,0.6698527923618146,A,1115,1.7408071748878924,0.40189768670858184,Intermittent
FOODS_3_742,FOODS_3,FOODS,7032,8049.5199999999995,1215,0.0003506761561656863,0.6702034685179803,A,1215,1.5975308641975308,0.4826527897134543,Intermittent
FOODS_2_334,FOODS_2,FOODS,750,8042.400000000001,421,0.0003503659744117557,0.670553834492392,A,421,4.610451306413301,0.3540284783068779,Intermittent
FOODS_2_285,FOODS_2,FOODS,2180,8038.51,1013,0.00035019650713327395,0.6709040309995253,A,1013,1.9160908193484698,0.4695309239217763,Intermittent
FOODS_3_413,FOODS_3,FOODS,8036,8036.0,1356,0.00035008715935204275,0.6712541181588774,A,1356,1.4314159292035398,0.5323293703879018,Lumpy
FOODS_2_247,FOODS_2,FOODS,3639,8027.42,1195,0.0003497133729126151,0.6716038315317899,A,1195,1.6242677824267782,0.4506398643178537,Intermittent
HOUSEHOLD_1_013,HOUSEHOLD_1,HOUSEHOLD,1620,8025.06,806,0.000349610559859346,0.6719534420916493,A,806,2.4081885856079404,0.41817467228238325,Intermittent
FOODS_2_061,FOODS_2,FOODS,4057,8018.599999999999,1395,0.0003493291309084482,0.6723027712225578,A,1395,1.3913978494623656,0.4571776101054921,Intermittent
HOUSEHOLD_1_194,HOUSEHOLD_1,HOUSEHOLD,1609,8012.820000000001,897,0.000349077326057645,0.6726518485486154,A,897,2.1638795986622075,0.331899346839978,Intermittent
HOUSEHOLD_2_409,HOUSEHOLD_2,HOUSEHOLD,2030,8002.740000000001,1139,0.00034863819233859716,0.6730004867409539,A,1139,1.704126426690079,0.33030722681128133,Intermittent
HOUSEHOLD_2_492,HOUSEHOLD_2,HOUSEHOLD,1349,8002.28,860,0.0003486181525061803,0.6733491048934601,A,860,2.2569767441860464,0.3146084250014577,Intermittent
FOODS_3_446,FOODS_3,FOODS,7141,7996.179999999999,1285,0.00034835240690239135,0.6736974573003625,A,1285,1.5105058365758754,0.48896706148758207,Intermittent
HOUSEHOLD_1_228,HOUSEHOLD_1,HOUSEHOLD,853,7994.51,607,0.00034827965359774754,0.6740457369539602,A,607,3.197693574958814,0.22419836185999284,Intermittent
FOODS_3_411,FOODS_3,FOODS,2680,7986.4,1147,0.0003479263426392676,0.6743936632965994,A,1147,1.6922406277244988,0.38394021433817094,Intermittent
HOUSEHOLD_1_478,HOUSEHOLD_1,HOUSEHOLD,3021,7985.82,1334,0.0003479010750244811,0.6747415643716239,A,1334,1.4550224887556222,0.4022054876225203,Intermittent
HOBBIES_1_075,HOBBIES_1,HOBBIES,1129,7963.64,739,0.0003469348065831635,0.6750884991782071,A,739,2.6265223274695533,0.31244476724748804,Intermittent
FOODS_2_192,FOODS_2,FOODS,4124,7959.21,1388,0.00034674181428401843,0.6754352409924912,A,1388,1.3984149855907781,0.4499102518244958,Intermittent
HOBBIES_1_296,HOBBIES_1,HOBBIES,1116,7945.5,797,0.00034614454014828965,0.6757813855326394,A,797,2.435382685069009,0.27251533114887827,Intermittent
HOUSEHOLD_1_481,HOUSEHOLD_1,HOUSEHOLD,1599,7922.49,870,0.0003451421128789155,0.6761265276455184,A,870,2.231034482758621,0.33662310261357914,Intermittent
HOUSEHOLD_1_386,HOUSEHOLD_1,HOUSEHOLD,2665,7888.4,1010,0.0003436569870374134,0.6764701846325558,A,1010,1.9217821782178217,0.38478515860066625,Intermittent
HOUSEHOLD_2_388,HOUSEHOLD_2,HOUSEHOLD,1130,7871.48,757,0.00034291986972329736,0.6768131045022792,A,757,2.5640686922060767,0.2856588977686948,Intermittent
FOODS_1_040,FOODS_1,FOODS,4287,7862.79,1352,0.0003425412911500309,0.6771556457934292,A,1352,1.4356508875739644,0.5105882717575757,Lumpy
FOODS_3_708,FOODS_3,FOODS,2743,7853.5,1206,0.00034213657366491634,0.6774977823670941,A,1206,1.609452736318408,0.3872762068464032,Intermittent
HOUSEHOLD_2_510,HOUSEHOLD_2,HOUSEHOLD,1989,7842.910000000001,1133,0.00034167522187079766,0.6778394575889649,A,1133,1.7131509267431597,0.3397535932516567,Intermittent
FOODS_3_014,FOODS_3,FOODS,3893,7826.94,984,0.0003409794911671077,0.678180437080132,A,984,1.9725609756097562,0.9055580138216466,Lumpy
HOUSEHOLD_2_160,HOUSEHOLD_2,HOUSEHOLD,1982,7821.360000000001,1083,0.00034073639928692054,0.6785211734794189,A,1083,1.7922437673130194,0.3771445537202196,Intermittent
HOUSEHOLD_1_088,HOUSEHOLD_1,HOUSEHOLD,1309,7814.73,884,0.00034044756431099915,0.6788616210437298,A,884,2.1957013574660635,0.2761549609220623,Intermittent
HOBBIES_1_193,HOBBIES_1,HOBBIES,894,7804.04,585,0.0003399818560315724,0.6792016028997614,A,585,3.317948717948718,0.3107198753233997,Intermittent
FOODS_3_076,FOODS_3,FOODS,7368,7777.65,1573,0.00033883217955878734,0.6795404350793202,A,1573,1.2339478703115068,0.6155962286187493,Erratic
FOODS_3_748,FOODS_3,FOODS,1988,7764.24,948,0.0003382479748789826,0.6798786830541992,A,948,2.0474683544303796,0.44688630701685406,Intermittent
FOODS_2_216,FOODS_2,FOODS,1300,7761.000000000001,847,0.000338106824755003,0.6802167898789542,A,847,2.291617473435655,0.2823605844419266,Intermittent
HOUSEHOLD_2_294,HOUSEHOLD_2,HOUSEHOLD,1627,7758.0199999999995,620,0.00033797700149282414,0.680554766880447,A,620,3.1306451612903228,0.4779713148072904,Intermittent
FOODS_2_382,FOODS_2,FOODS,2201,7744.86,1060,0.00033740368802628943,0.6808921705684733,A,1060,1.8311320754716982,0.4184978936984938,Intermittent
FOODS_3_490,FOODS_3,FOODS,2246,7743.08,1043,0.0003373261425878068,0.6812294967110611,A,1043,1.8609779482262703,0.3877258498850883,Intermittent
FOODS_3_675,FOODS_3,FOODS,3854,7724.22,1091,0.00033650450945871523,0.6815660012205199,A,1091,1.7791017415215398,0.7548632921213619,Lumpy
HOUSEHOLD_1_107,HOUSEHOLD_1,HOUSEHOLD,2219,7722.12,1080,0.00033641302326724694,0.6819024142437872,A,1080,1.7972222222222223,0.3235513324993327,Intermittent
FOODS_3_357,FOODS_3,FOODS,1918,7719.4,962,0.00033629452686686893,0.6822387087706541,A,962,2.0176715176715176,0.4565272570911264,Intermittent
FOODS_3_069,FOODS_3,FOODS,2591,7702.66,646,0.0003355652512263073,0.6825742740218804,A,646,3.0046439628482973,3.3815498446259964,Lumpy
FOODS_3_520,FOODS_3,FOODS,1916,7691.38,1035,0.0003350738396835633,0.682909347861564,A,1035,1.8753623188405797,0.37846504738111364,Intermittent
HOUSEHOLD_1_339,HOUSEHOLD_1,HOUSEHOLD,7859,7690.3,1280,0.00033502678964223673,0.6832443746512062,A,1280,1.51640625,0.471426119411771,Intermittent
FOODS_3_196,FOODS_3,FOODS,1721,7690.000000000001,971,0.0003350137201863127,0.6835793883713925,A,971,1.9989701338825954,0.376974282055006,Intermittent
HOUSEHOLD_1_265,HOUSEHOLD_1,HOUSEHOLD,1715,7670.18,1032,0.0003341502647982642,0.6839135386361908,A,1032,1.880813953488372,0.3445329504730481,Intermittent
HOUSEHOLD_1_520,HOUSEHOLD_1,HOUSEHOLD,1366,7669.14,734,0.0003341049573510609,0.6842476435935418,A,734,2.6444141689373297,0.38989299639921043,Intermittent
HOBBIES_1_027,HOBBIES_1,HOBBIES,383,7664.1900000000005,272,0.0003338893113283142,0.6845815329048701,A,272,7.136029411764706,0.27861158377619366,Intermittent
FOODS_3_480,FOODS_3,FOODS,2936,7662.88,1295,0.00033383224137077916,0.6849153651462409,A,1295,1.4988416988416988,0.3920366513696106,Intermittent
FOODS_1_153,FOODS_1,FOODS,4040,7648.799999999999,1455,0.0003332188482394107,0.6852485839944803,A,1455,1.334020618556701,0.4569543383291583,Intermittent
FOODS_3_134,FOODS_3,FOODS,1098,7646.540000000001,314,0.0003331203916714496,0.6855817043861517,A,314,6.181528662420382,0.3899632592258476,Intermittent
FOODS_2_053,FOODS_2,FOODS,1048,7640.75,752,0.00033286815117211557,0.6859145725373238,A,752,2.581117021276596,0.23824000646807703,Intermittent
HOUSEHOLD_1_071,HOUSEHOLD_1,HOUSEHOLD,3597,7638.4,1075,0.0003327657737673772,0.6862473383110912,A,1075,1.805581395348837,0.3058140065443617,Intermittent
HOUSEHOLD_1_467,HOUSEHOLD_1,HOUSEHOLD,646,7635.02,417,0.00033261852456396634,0.6865799568356552,A,417,4.654676258992806,0.27970150548154993,Intermittent
FOODS_3_591,FOODS_3,FOODS,2693,7628.56,1211,0.0003323370956130686,0.6869122939312683,A,1211,1.6028075970272502,0.4131816762423776,Intermittent
FOODS_1_064,FOODS_1,FOODS,2915,7625.72,1307,0.000332213371430321,0.6872445073026986,A,1307,1.4850803366488141,0.43896682313413804,Intermittent
FOODS_3_336,FOODS_3,FOODS,2923,7621.0,945,0.0003320077453237827,0.6875765150480224,A,945,2.0539682539682538,0.4995561860059658,Lumpy
FOODS_3_560,FOODS_3,FOODS,2644,7614.72,975,0.0003317341580464394,0.6879082492060689,A,975,1.9907692307692308,0.6698675132992783,Lumpy
FOODS_3_825,FOODS_3,FOODS,1866,7610.26,962,0.00033153985880170195,0.6882397890648706,A,962,2.0176715176715176,0.4774972169917787,Intermittent
FOODS_3_794,FOODS_3,FOODS,2709,7609.12,1312,0.0003314901948691906,0.6885712792597398,A,1312,1.4794207317073171,0.37670449215069357,Intermittent
FOODS_3_174,FOODS_3,FOODS,1241,7593.02,725,0.0003307888007346003,0.6889020680604744,A,725,2.677241379310345,0.4038761167118208,Intermittent
FOODS_3_765,FOODS_3,FOODS,2624,7591.42,1237,0.00033071909696967203,0.6892327871574441,A,1237,1.5691188358932902,0.37934711449300024,Intermittent
HOBBIES_1_231,HOBBIES_1,HOBBIES,1104,7584.4800000000005,749,0.00033041675688929586,0.6895632039143333,A,749,2.5914552736982643,0.26505831740132907,Intermittent
HOBBIES_1_042,HOBBIES_1,HOBBIES,998,7581.240000000001,635,0.0003302756067653162,0.6898934795210987,A,635,3.056692913385827,0.3342760826838179,Intermittent
FOODS_3_102,FOODS_3,FOODS,3786,7576.28,1098,0.0003300595250940386,0.6902235390461927,A,1098,1.7677595628415301,0.5953996149988724,Lumpy
HOBBIES_1_178,HOBBIES_1,HOBBIES,15973,7574.28,1478,0.00032997239538787835,0.6905535114415806,A,1478,1.3132611637347766,0.8245041400601693,Erratic
FOODS_3_820,FOODS_3,FOODS,3857,7573.72,1553,0.00032994799907015346,0.6908834594406508,A,1553,1.2498390212491952,0.41301901944919583,Smooth
FOODS_3_287,FOODS_3,FOODS,1240,7573.14,747,0.000329922731455367,0.6912133821721061,A,747,2.5983935742971886,0.38510841205123153,Intermittent
HOUSEHOLD_1_336,HOUSEHOLD_1,HOUSEHOLD,1554,7567.9800000000005,897,0.0003296979368134735,0.6915430801089196,A,897,2.1638795986622075,0.394087814545102,Intermittent
FOODS_3_026,FOODS_3,FOODS,3820,7563.599999999999,1399,0.0003295071227569824,0.6918725872316767,A,1399,1.387419585418156,0.4604570077417765,Intermittent
HOBBIES_1_016,HOBBIES_1,HOBBIES,10723,7555.5199999999995,1541,0.0003291551187440948,0.6922017423504208,A,1541,1.2595717066839713,1.3476071401428147,Erratic
FOODS_2_240,FOODS_2,FOODS,3512,7546.740000000001,822,0.0003287726193340512,0.6925305149697548,A,822,2.3613138686131387,0.4524624666313932,Intermittent
FOODS_2_251,FOODS_2,FOODS,998,7546.5,596,0.00032876216376931193,0.6928592771335241,A,596,3.2567114093959733,0.4452633732799629,Intermittent
FOODS_1_005,FOODS_1,FOODS,2266,7542.04,901,0.0003285678645245745,0.6931878449980488,A,901,2.1542730299667037,0.8521632649687294,Lumpy
FOODS_3_515,FOODS_3,FOODS,2617,7536.96,802,0.00032834655507092735,0.6935161915531197,A,802,2.420199501246883,0.4522861679616033,Intermittent
HOBBIES_1_093,HOBBIES_1,HOBBIES,371,7510.94,328,0.00032721299759378195,0.6938434045507135,A,328,5.9176829268292686,0.10365004186865863,Intermittent
HOUSEHOLD_2_308,HOUSEHOLD_2,HOUSEHOLD,2163,7490.76,887,0.0003263338588586247,0.6941697384095721,A,887,2.188275084554679,0.5964336420134589,Lumpy
HOUSEHOLD_1_443,HOUSEHOLD_1,HOUSEHOLD,2965,7479.05,1186,0.00032582371442905616,0.6944955621240011,A,1186,1.636593591905565,0.37380590717299605,Intermittent
HOUSEHOLD_1_251,HOUSEHOLD_1,HOUSEHOLD,3776,7476.48,1553,0.0003257117527566402,0.6948212738767577,A,1553,1.2498390212491952,0.4452189100911823,Smooth
HOBBIES_1_023,HOBBIES_1,HOBBIES,2189,7471.88,1040,0.00032551135443247155,0.6951467852311902,A,1040,1.8663461538461539,0.3566322321185129,Intermittent
HOUSEHOLD_1_397,HOUSEHOLD_1,HOUSEHOLD,2693,7464.19,1097,0.0003251763407122852,0.6954719615719025,A,1097,1.7693710118505013,0.4769170074705042,Intermittent
HOUSEHOLD_1_125,HOUSEHOLD_1,HOUSEHOLD,1304,7458.88,855,0.00032494501134242964,0.6957969065832449,A,855,2.270175438596491,0.2996325054123141,Intermittent
FOODS_1_167,FOODS_1,FOODS,1617,7457.05,937,0.000324865287661293,0.6961217718709062,A,937,2.0715048025613663,0.39910509384402854,Intermittent
HOUSEHOLD_1_028,HOUSEHOLD_1,HOUSEHOLD,2575,7453.46,1235,0.0003247088898387353,0.6964464807607449,A,1235,1.57165991902834,0.4015361777323403,Intermittent
HOBBIES_1_256,HOBBIES_1,HOBBIES,15649,7452.7,1477,0.00032467578055039436,0.6967711565412953,A,1477,1.3141503046716316,0.8139367867886054,Erratic
FOODS_3_403,FOODS_3,FOODS,4966,7449.0,722,0.00032451459059399784,0.6970956711318893,A,722,2.688365650969529,0.5913110175478513,Lumpy
HOUSEHOLD_1_214,HOUSEHOLD_1,HOUSEHOLD,4036,7436.530000000001,988,0.00032397133687608843,0.6974196424687654,A,988,1.964574898785425,0.3266976246260364,Intermittent
FOODS_3_792,FOODS_3,FOODS,7424,7424.0,1433,0.0003234254692669942,0.6977430679380324,A,1433,1.3545010467550593,0.5841604020474723,Lumpy
FOODS_3_588,FOODS_3,FOODS,1914,7420.6,720,0.00032327734876652175,0.6980663452867989,A,720,2.6958333333333333,0.4270728493482893,Intermittent
HOUSEHOLD_1_181,HOUSEHOLD_1,HOUSEHOLD,1838,7418.17,1114,0.00032317148617353695,0.6983895167729725,A,1114,1.7423698384201076,0.2876299781716291,Intermittent
HOBBIES_1_278,HOBBIES_1,HOBBIES,13415,7417.37,1124,0.00032313663429107286,0.6987126534072635,A,1124,1.7268683274021353,1.498692321351734,Lumpy
HOBBIES_1_031,HOBBIES_1,HOBBIES,675,7411.110000000001,558,0.0003228639183107912,0.6990355173255743,A,558,3.478494623655914,0.1674309196090167,Intermittent
HOUSEHOLD_1_522,HOUSEHOLD_1,HOUSEHOLD,4182,7409.74,1371,0.00032280423446207133,0.6993583215600364,A,1371,1.4157549234135667,0.48148163437455627,Intermittent
FOODS_3_138,FOODS_3,FOODS,3736,7397.28,1277,0.00032226141639269274,0.6996805829764291,A,1277,1.5199686765857479,0.5872753611518443,Lumpy
HOBBIES_1_133,HOBBIES_1,HOBBIES,576,7386.64,460,0.00032179788635592,0.700002380862785,A,460,4.219565217391304,0.17611588531160075,Intermittent
FOODS_1_216,FOODS_1,FOODS,1491,7374.860000000001,882,0.00032128469238663595,0.7003236655551717,A,882,2.2006802721088436,0.7437514087096485,Lumpy
HOBBIES_1_020,HOBBIES_1,HOBBIES,617,7371.18,492,0.000321124373727301,0.700644789928899,A,492,3.9451219512195124,0.1932720562581195,Intermittent
FOODS_2_224,FOODS_2,FOODS,1277,7362.52,770,0.00032074710209962695,0.7009655370309986,A,770,2.520779220779221,0.3343468410305566,Intermittent
HOUSEHOLD_2_391,HOUSEHOLD_2,HOUSEHOLD,649,7358.29,531,0.0003205628227710979,0.7012860998537698,A,531,3.6553672316384183,0.21191330110712614,Intermittent
HOUSEHOLD_2_223,HOUSEHOLD_2,HOUSEHOLD,491,7350.27,432,0.00032021343264939517,0.7016063132864192,A,432,4.493055555555555,0.09868081518480683,Intermittent
FOODS_2_174,FOODS_2,FOODS,2659,7338.9,964,0.00031971810026987387,0.7019260313866891,A,964,2.013485477178423,0.5280247985807888,Lumpy
FOODS_3_620,FOODS_3,FOODS,1116,7338.18,702,0.0003196867335756562,0.7022457181202647,A,702,2.764957264957265,0.3272959248049094,Intermittent
FOODS_2_038,FOODS_2,FOODS,1214,7329.52,813,0.00031930946194798213,0.7025650275822127,A,813,2.3874538745387452,0.28897883909500166,Intermittent
HOBBIES_1_351,HOBBIES_1,HOBBIES,1271,7323.36,836,0.0003190411024530084,0.7028840686846657,A,836,2.3217703349282295,0.35577311498637615,Intermittent
FOODS_3_381,FOODS_3,FOODS,2460,7309.8,676,0.00031845036304524167,0.7032025190477109,A,676,2.871301775147929,0.5750114917879076,Lumpy
HOBBIES_1_407,HOBBIES_1,HOBBIES,2629,7282.34,1150,0.0003172540721796609,0.7035197731198906,A,1150,1.6878260869565218,0.4081464894435152,Intermittent
FOODS_3_814,FOODS_3,FOODS,4232,7277.759999999999,1225,0.00031705454515255384,0.7038368276650431,A,1225,1.5844897959183672,0.48052965068714376,Intermittent
HOUSEHOLD_1_157,HOUSEHOLD_1,HOUSEHOLD,1666,7277.049999999999,670,0.0003170236141068669,0.70415385127915,A,670,2.8970149253731345,0.5172032475585315,Lumpy
HOUSEHOLD_2_152,HOUSEHOLD_2,HOUSEHOLD,586,7261.97,463,0.0003163666561224184,0.7044702179352724,A,463,4.1922246220302375,0.2247396125251429,Intermittent
FOODS_2_204,FOODS_2,FOODS,7140,7256.86,1382,0.0003161440397231788,0.7047863619749956,A,1382,1.4044862518089725,0.5853172513201728,Lumpy
FOODS_2_024,FOODS_2,FOODS,2894,7253.32,1164,0.0003159898201432751,0.7051023517951388,A,1164,1.6675257731958764,0.42464372406784745,Intermittent
HOUSEHOLD_1_173,HOUSEHOLD_1,HOUSEHOLD,7469,7244.93,1595,0.00031562431102593274,0.7054179761061647,A,1595,1.2169278996865205,0.5881934412477385,Erratic
FOODS_2_353,FOODS_2,FOODS,2467,7235.24,830,0.00031520216759958606,0.7057331782737644,A,830,2.33855421686747,0.5855376968008589,Lumpy
FOODS_3_244,FOODS_3,FOODS,732,7223.240000000001,561,0.0003146793893626244,0.7060478576631269,A,561,3.4598930481283423,0.19810462817215038,Intermittent
HOBBIES_1_058,HOBBIES_1,HOBBIES,860,7214.75,623,0.00031430952375997395,0.7063621671868869,A,623,3.115569823434992,0.28419332427887484,Intermittent
FOODS_3_103,FOODS_3,FOODS,2215,7214.099999999999,1205,0.0003142812066054718,0.7066764483934924,A,1205,1.6107883817427386,0.374969902718171,Intermittent
FOODS_3_721,FOODS_3,FOODS,3585,7182.5,1145,0.00031290455724813926,0.7069893529507405,A,1145,1.6951965065502184,0.7361980953829834,Lumpy
FOODS_2_321,FOODS_2,FOODS,2402,7161.21,1169,0.000311977061526063,0.7073013300122666,A,1169,1.660393498716852,0.40486352364554856,Intermittent
HOUSEHOLD_1_234,HOUSEHOLD_1,HOUSEHOLD,7382,7160.54,1687,0.0003119478730744993,0.7076132778853411,A,1687,1.1505631298162418,0.42993780307689156,Smooth
FOODS_1_021,FOODS_1,FOODS,7300,7154.0,985,0.00031166295893535515,0.7079249408442765,A,985,1.9705583756345177,1.011839408009862,Lumpy
HOUSEHOLD_2_248,HOUSEHOLD_2,HOUSEHOLD,791,7148.070000000001,349,0.00031140461935658993,0.7082363454636331,A,349,5.56160458452722,0.4375687698959077,Intermittent
FOODS_3_387,FOODS_3,FOODS,2728,7145.0,817,0.00031127087525763383,0.7085476163388907,A,817,2.375764993880049,0.49826345228716984,Lumpy
FOODS_3_656,FOODS_3,FOODS,2085,7143.5,896,0.00031120552797801363,0.7088588218668688,A,896,2.166294642857143,0.4397464054880456,Intermittent
FOODS_3_015,FOODS_3,FOODS,4137,7137.76,1441,0.0003109554657213336,0.7091697773325901,A,1441,1.3469812630117974,0.7148166524089999,Lumpy
FOODS_2_367,FOODS_2,FOODS,1447,7136.75,828,0.00031091146521972264,0.7094806887978099,A,828,2.3442028985507246,0.4316604635296095,Intermittent
HOUSEHOLD_1_059,HOUSEHOLD_1,HOUSEHOLD,2403,7135.610000000001,1008,0.0003108618012872113,0.7097915505990972,A,1008,1.9255952380952381,0.425731852233902,Intermittent
HOUSEHOLD_1_421,HOUSEHOLD_1,HOUSEHOLD,1154,7132.0,647,0.000310704532167592,0.7101022551312648,A,647,3.0,0.3920497715431605,Intermittent
FOODS_3_593,FOODS_3,FOODS,1106,7131.43,680,0.00031067970020133627,0.7104129348314662,A,680,2.8544117647058824,0.3290910291300976,Intermittent
FOODS_2_102,FOODS_2,FOODS,650,7130.500000000001,322,0.00031063918488797177,0.7107235740163541,A,322,6.027950310559007,0.3653476377444744,Intermittent
FOODS_3_598,FOODS_3,FOODS,3728,7112.74,1089,0.0003098654730972684,0.7110334394894514,A,1089,1.7823691460055096,0.6038890910100596,Lumpy
FOODS_3_267,FOODS_3,FOODS,3347,7110.36,1045,0.0003097617887469376,0.7113432012781984,A,1045,1.8574162679425836,0.6010402902704338,Lumpy
HOBBIES_1_126,HOBBIES_1,HOBBIES,742,7108.360000000001,465,0.00030967465904077737,0.7116528759372391,A,465,4.174193548387096,0.27761477008279145,Intermittent
FOODS_3_386,FOODS_3,FOODS,2839,7106.74,1008,0.0003096040839787875,0.711962480021218,A,1008,1.9255952380952381,0.3674310159207645,Intermittent
HOUSEHOLD_1_505,HOUSEHOLD_1,HOUSEHOLD,2836,7102.740000000001,1122,0.000309429824566467,0.7122719098457845,A,1122,1.7299465240641712,0.3358914238694228,Intermittent
FOODS_3_712,FOODS_3,FOODS,1945,7094.22,958,0.0003090586520182241,0.7125809684978027,A,958,2.0260960334029225,0.4299688462174741,Intermittent
HOUSEHOLD_1_375,HOUSEHOLD_1,HOUSEHOLD,890,7093.3,653,0.00030901857235339036,0.7128899870701562,A,653,2.972434915773354,0.22373866781089047,Intermittent
HOUSEHOLD_2_500,HOUSEHOLD_2,HOUSEHOLD,1213,7083.92,801,0.00030860993403149863,0.7131985970041876,A,801,2.4232209737827715,0.2769425752479494,Intermittent
FOODS_3_731,FOODS_3,FOODS,2377,7083.46,890,0.00030858989419908176,0.7135071868983868,A,890,2.1808988764044943,0.4072555591995014,Intermittent
HOBBIES_1_120,HOBBIES_1,HOBBIES,645,7082.1,483,0.00030853064599889273,0.7138157175443857,A,483,4.0186335403726705,0.19971400936695638,Intermittent
HOUSEHOLD_1_328,HOUSEHOLD_1,HOUSEHOLD,1505,7074.3099999999995,631,0.0003081912757933984,0.7141239088201791,A,631,3.076069730586371,0.40610047578226754,Intermittent
HOBBIES_1_084,HOBBIES_1,HOBBIES,1683,7067.23,993,0.00030788283663359096,0.7144317916568127,A,993,1.9546827794561934,0.2865484621248249,Intermittent
FOODS_1_031,FOODS_1,FOODS,2089,7063.3,951,0.000307711626760986,0.7147395032835737,A,951,2.0410094637223977,0.7736194037667649,Lumpy
HOUSEHOLD_1_327,HOUSEHOLD_1,HOUSEHOLD,7295,7059.099999999999,1426,0.00030752865437804936,0.7150470319379517,A,1426,1.3611500701262271,0.5696498783263502,Lumpy
FOODS_3_289,FOODS_3,FOODS,2519,7057.82,1274,0.00030747289136610683,0.7153545048293178,A,1274,1.5235478806907379,0.3822453654330784,Intermittent
FOODS_3_367,FOODS_3,FOODS,2675,7049.8,1083,0.0003071235012444041,0.7156616283305622,A,1083,1.7922437673130194,0.46412921390998746,Intermittent
FOODS_2_346,FOODS_2,FOODS,2978,7032.54,455,0.00030637157188024075,0.7159679999024425,A,455,4.265934065934066,0.3869136371989912,Intermittent
HOUSEHOLD_2_051,HOUSEHOLD_2,HOUSEHOLD,707,7032.34,467,0.00030636285890962476,0.7162743627613521,A,467,4.1563169164882225,0.35266143937700983,Intermittent
FOODS_3_108,FOODS_3,FOODS,7027,7027.0,1459,0.00030613022259417676,0.7165804929839463,A,1459,1.3303632625085675,0.4292232132664872,Intermittent
FOODS_1_154,FOODS_1,FOODS,4761,7021.1,1113,0.0003058731899610039,0.7168863661739073,A,1113,1.743935309973046,0.7596619400103498,Lumpy
FOODS_2_217,FOODS_2,FOODS,1760,7006.62,884,0.00030524237088840343,0.7171916085447957,A,884,2.1957013574660635,0.33139761144857394,Intermittent
HOBBIES_1_159,HOBBIES_1,HOBBIES,2162,7004.88,1002,0.000305166568044044,0.7174967751128397,A,1002,1.937125748502994,0.49591364819752526,Lumpy
FOODS_2_332,FOODS_2,FOODS,1875,7004.0599999999995,954,0.0003051308448645182,0.7178019059577042,A,954,2.0345911949685536,0.46827709649527866,Intermittent
FOODS_1_026,FOODS_1,FOODS,1007,7003.860000000001,657,0.0003051221318939022,0.7181070280895981,A,657,2.954337899543379,0.3539970731678453,Intermittent
FOODS_2_317,FOODS_2,FOODS,550,6990.7,397,0.0003045488184273675,0.7184115769080255,A,397,4.889168765743073,0.27371424993739046,Intermittent
HOBBIES_1_370,HOBBIES_1,HOBBIES,14676,6988.320000000001,1357,0.0003044451340770368,0.7187160220421025,A,1357,1.4303610906411202,1.0819530008624836,Lumpy
HOUSEHOLD_1_255,HOUSEHOLD_1,HOUSEHOLD,750,6987.3,539,0.000304400697926895,0.7190204227400294,A,539,3.601113172541744,0.31142578438661705,Intermittent
HOUSEHOLD_1_009,HOUSEHOLD_1,HOUSEHOLD,388,6972.36,285,0.00030374983902187766,0.7193241725790513,A,285,6.810526315789474,0.23514860285103106,Intermittent
HOUSEHOLD_1_278,HOUSEHOLD_1,HOUSEHOLD,1143,6968.41,853,0.0003035777578522111,0.7196277503369035,A,853,2.275498241500586,0.20617550091530942,Intermittent
HOUSEHOLD_1_179,HOUSEHOLD_1,HOUSEHOLD,7238,6966.19,1552,0.00030348104387837313,0.7199312313807819,A,1552,1.2506443298969072,0.5546490284015547,Erratic
HOBBIES_1_143,HOBBIES_1,HOBBIES,796,6954.849999999999,572,0.00030298701844444433,0.7202342183992263,A,572,3.3933566433566433,0.29868383712470603,Intermittent
FOODS_3_126,FOODS_3,FOODS,1975,6940.099999999999,1063,0.00030234443686151215,0.7205365628360878,A,1063,1.825964252116651,0.38285630429475676,Intermittent
FOODS_3_110,FOODS_3,FOODS,664,6929.72,436,0.0003018922336865403,0.7208384550697743,A,436,4.451834862385321,0.30009677263269935,Intermittent
HOUSEHOLD_1_351,HOUSEHOLD_1,HOUSEHOLD,7077,6922.45,1177,0.00030157551720464765,0.721140030586979,A,1177,1.64910790144435,0.4675602369890952,Intermittent
FOODS_3_566,FOODS_3,FOODS,6916,6916.0,859,0.0003012945239022807,0.7214413251108812,A,859,2.2596041909196742,1.0253933807033704,Lumpy
FOODS_3_800,FOODS_3,FOODS,3214,6912.79,982,0.0003011546807238934,0.7217424797916051,A,982,1.9765784114052953,0.6962848364133053,Lumpy
FOODS_1_061,FOODS_1,FOODS,3200,6907.120000000001,1226,0.00030090766800692907,0.722043387459612,A,1226,1.5831973898858076,0.44738014477040844,Intermittent
FOODS_2_175,FOODS_2,FOODS,2837,6894.44,868,0.00030035526566987275,0.7223437427252819,A,868,2.236175115207373,0.5018920526877497,Lumpy
FOODS_3_073,FOODS_3,FOODS,2349,6889.7,291,0.0003001487682662729,0.7226438914935481,A,291,6.670103092783505,0.5729932668267039,Lumpy
HOUSEHOLD_1_039,HOUSEHOLD_1,HOUSEHOLD,2439,6887.89,1023,0.00030006991588219786,0.7229439614094303,A,1023,1.8973607038123168,0.4083153915644561,Intermittent
HOUSEHOLD_2_246,HOUSEHOLD_2,HOUSEHOLD,873,6870.51,679,0.00029931275873566494,0.7232432741681659,A,679,2.858615611192931,0.17895771878072753,Intermittent
FOODS_2_289,FOODS_2,FOODS,2734,6861.0,1021,0.00029889845698287274,0.7235421726251487,A,1021,1.901077375122429,0.5358311130759292,Lumpy
HOUSEHOLD_2_511,HOUSEHOLD_2,HOUSEHOLD,2412,6859.52,1070,0.00029883398100031416,0.723841006606149,A,1070,1.814018691588785,0.3414644218113997,Intermittent
HOUSEHOLD_1_431,HOUSEHOLD_1,HOUSEHOLD,919,6857.1900000000005,406,0.00029873247489263743,0.7241397390810417,A,406,4.780788177339901,0.5738587748436654,Lumpy
HOBBIES_1_203,HOBBIES_1,HOBBIES,525,6849.5,388,0.0002983974611724511,0.7244381365422141,A,388,5.002577319587629,0.2210540807537485,Intermittent
HOBBIES_1_298,HOBBIES_1,HOBBIES,1653,6848.099999999999,913,0.00029833647037813885,0.7247364730125923,A,913,2.1259583789704273,0.3814075672047064,Intermittent
HOUSEHOLD_1_329,HOUSEHOLD_1,HOUSEHOLD,1383,6847.92,734,0.0002983286287045845,0.7250348016412969,A,734,2.6444141689373297,0.37934107605085876,Intermittent
HOBBIES_1_253,HOBBIES_1,HOBBIES,534,6847.5,354,0.0002983103314662908,0.7253331119727632,A,354,5.483050847457627,0.3740735800019525,Intermittent
HOUSEHOLD_1_224,HOUSEHOLD_1,HOUSEHOLD,828,6844.99,566,0.0002982009836850596,0.7256313129564482,A,566,3.429328621908127,0.2635932066030597,Intermittent
FOODS_3_116,FOODS_3,FOODS,6078,6840.48,1390,0.00029800450619766813,0.7259293174626459,A,1390,1.3964028776978417,0.5059493296314632,Lumpy
FOODS_3_012,FOODS_3,FOODS,3093,6838.5,1019,0.0002979182477885695,0.7262272357104345,A,1019,1.9048086359175662,0.4845612285487191,Intermittent
HOUSEHOLD_1_093,HOUSEHOLD_1,HOUSEHOLD,1726,6825.88,751,0.00029736845934269805,0.7265246041697772,A,751,2.5845539280958723,0.3956016151764283,Intermittent
HOUSEHOLD_1_113,HOUSEHOLD_1,HOUSEHOLD,1167,6822.61,609,0.00029722600227312596,0.7268218301720503,A,609,3.187192118226601,0.5010882451352118,Lumpy
FOODS_2_309,FOODS_2,FOODS,2601,6820.18,1132,0.00029712013968014126,0.7271189503117305,A,1132,1.7146643109540636,0.43119309396517513,Intermittent
HOBBIES_1_151,HOBBIES_1,HOBBIES,1370,6813.5,953,0.00029682912646156586,0.727415779438192,A,953,2.036726128016789,0.2361164809575592,Intermittent
HOUSEHOLD_1_508,HOUSEHOLD_1,HOUSEHOLD,1411,6809.64,756,0.00029666096612867654,0.7277124404043207,A,756,2.5674603174603177,0.415019959264019,Intermittent
HOUSEHOLD_2_403,HOUSEHOLD_2,HOUSEHOLD,1337,6804.74,825,0.0002964474983485838,0.7280088879026693,A,825,2.3527272727272726,0.31248196315126825,Intermittent
FOODS_3_664,FOODS_3,FOODS,3151,6800.53,947,0.0002962640903171164,0.7283051519929864,A,947,2.0496304118268216,0.7694269469364069,Lumpy
FOODS_3_609,FOODS_3,FOODS,2281,6797.38,834,0.00029612686102991394,0.7286012788540163,A,834,2.327338129496403,0.5421911664141554,Lumpy
HOBBIES_1_309,HOBBIES_1,HOBBIES,1329,6795.4800000000005,795,0.0002960440878090617,0.7288973229418253,A,795,2.4415094339622643,0.3818631660983099,Intermittent
HOUSEHOLD_1_511,HOUSEHOLD_1,HOUSEHOLD,1130,6792.7699999999995,747,0.00029592602705721445,0.7291932489688825,A,747,2.5983935742971886,0.2522603229965669,Intermittent
HOUSEHOLD_2_172,HOUSEHOLD_2,HOUSEHOLD,1097,6787.01,738,0.00029567509350347283,0.729488924062386,A,738,2.630081300813008,0.3158660625067594,Intermittent
HOUSEHOLD_1_205,HOUSEHOLD_1,HOUSEHOLD,1139,6785.91,748,0.00029562717216508467,0.7297845512345511,A,748,2.5949197860962565,0.3352141766740231,Intermittent
FOODS_3_559,FOODS_3,FOODS,2378,6779.08,1261,0.0002953296242185473,0.7300798808587696,A,1261,1.5392545598731167,0.3123389740031209,Intermittent
FOODS_2_208,FOODS_2,FOODS,968,6778.200000000001,583,0.0002952912871478368,0.7303751721459175,A,583,3.3293310463121784,0.33951925534634025,Intermittent
HOUSEHOLD_1_456,HOUSEHOLD_1,HOUSEHOLD,971,6767.87,506,0.0002948412622155189,0.7306700134081331,A,506,3.83596837944664,0.605320416624535,Lumpy
HOBBIES_1_341,HOBBIES_1,HOBBIES,14316,6767.400000000001,1432,0.0002948207867345712,0.7309648341948677,A,1432,1.3554469273743017,1.0005727993086027,Lumpy
HOUSEHOLD_2_045,HOUSEHOLD_2,HOUSEHOLD,811,6762.58,559,0.0002946108041427249,0.7312594449990104,A,559,3.4722719141323792,0.3119606242820903,Intermittent
FOODS_3_283,FOODS_3,FOODS,2416,6760.78,1106,0.0002945323874071806,0.7315539773864176,A,1106,1.7549728752260398,0.4245085875808008,Intermittent
HOUSEHOLD_2_349,HOUSEHOLD_2,HOUSEHOLD,1409,6759.23,794,0.0002944648618849064,0.7318484422483025,A,794,2.4445843828715366,0.37667958958075526,Intermittent
FOODS_3_344,FOODS_3,FOODS,3290,6755.68,771,0.00029431020665647193,0.732142752454959,A,771,2.517509727626459,0.3759377505007162,Intermittent
FOODS_3_715,FOODS_3,FOODS,1697,6754.0599999999995,926,0.000294239631594482,0.7324369920865534,A,926,2.0961123110151187,0.3473442931880628,Intermittent
HOUSEHOLD_2_128,HOUSEHOLD_2,HOUSEHOLD,1145,6749.89,665,0.0002940579661571379,0.7327310500527106,A,665,2.918796992481203,0.4224196992006855,Intermittent
HOUSEHOLD_1_319,HOUSEHOLD_1,HOUSEHOLD,3429,6739.5,1422,0.0002936053273336352,0.7330246553800442,A,1422,1.3649789029535866,0.3255941384038531,Intermittent
HOUSEHOLD_1_007,HOUSEHOLD_1,HOUSEHOLD,4466,6735.5,1411,0.0002934310679213146,0.7333180864479656,A,1411,1.3756201275691,0.47195104678460686,Intermittent
HOUSEHOLD_1_089,HOUSEHOLD_1,HOUSEHOLD,1314,6735.24,847,0.0002934197410595137,0.7336115061890252,A,847,2.291617473435655,0.3396314675426865,Intermittent
HOUSEHOLD_1_075,HOUSEHOLD_1,HOUSEHOLD,2467,6734.91,1209,0.0002934053646579973,0.7339049115536832,A,1209,1.6054590570719602,0.38192484603899746,Intermittent
HOBBIES_1_403,HOBBIES_1,HOBBIES,503,6725.99,423,0.0002930167661685224,0.7341979283198518,A,423,4.588652482269503,0.13552506674218864,Intermittent
HOBBIES_1_048,HOBBIES_1,HOBBIES,14320,6723.52,1200,0.00029290916098141445,0.7344908374808332,A,1200,1.6175,0.6980591667384881,Lumpy
HOBBIES_1_046,HOBBIES_1,HOBBIES,356,6721.0,257,0.0002927993775516525,0.7347836368583849,A,257,7.552529182879377,0.23790651679475444,Intermittent
HOBBIES_1_008,HOBBIES_1,HOBBIES,14137,6711.4400000000005,1403,0.0002923828975562063,0.7350760197559411,A,1403,1.383464005702067,0.8706692970616959,Lumpy
HOUSEHOLD_2_356,HOUSEHOLD_2,HOUSEHOLD,680,6711.400000000001,535,0.00029238115496208313,0.7353684009109032,A,535,3.62803738317757,0.20134953766701677,Intermittent
FOODS_2_232,FOODS_2,FOODS,2736,6708.51,1223,0.0002922552525366815,0.7356606561634399,A,1223,1.5870809484873263,0.604215060108301,Lumpy
FOODS_2_206,FOODS_2,FOODS,623,6698.14,351,0.0002918034850102404,0.7359524596484501,A,351,5.52991452991453,0.35661943028514476,Intermittent
FOODS_2_327,FOODS_2,FOODS,3369,6694.48,1257,0.000291644037647967,0.736244103686098,A,1257,1.5441527446300716,0.5190910653694771,Lumpy
FOODS_3_225,FOODS_3,FOODS,3379,6690.42,1296,0.00029146716434446166,0.7365355708504425,A,1296,1.4976851851851851,0.49926578403667515,Lumpy
FOODS_3_328,FOODS_3,FOODS,1784,6684.42,985,0.0002912057752259808,0.7368267766256685,A,985,1.9705583756345177,0.3410566507768854,Intermittent
FOODS_1_074,FOODS_1,FOODS,2989,6684.14,1033,0.00029119357706711835,0.7371179702027356,A,1033,1.8789932236205227,0.42779405698860024,Intermittent
FOODS_3_616,FOODS_3,FOODS,2264,6683.22,1064,0.0002911534974022846,0.7374091237001379,A,1064,1.824248120300752,0.5399323450215728,Lumpy
FOODS_1_054,FOODS_1,FOODS,3541,6682.88,1418,0.0002911386853522374,0.7377002623854901,A,1418,1.3688293370944993,0.4882700607441502,Intermittent
FOODS_3_034,FOODS_3,FOODS,2669,6682.76,848,0.00029113345756986774,0.73799139584306,A,848,2.2889150943396226,0.3900323781907016,Intermittent
HOUSEHOLD_1_128,HOUSEHOLD_1,HOUSEHOLD,2497,6674.97,1149,0.0002907940873643734,0.7382821899304243,A,1149,1.6892950391644908,0.3313573563892433,Intermittent
HOUSEHOLD_1_325,HOUSEHOLD_1,HOUSEHOLD,1869,6673.89,982,0.0002907470373230469,0.7385729369677473,A,982,1.9765784114052953,0.45864031773743347,Intermittent
HOUSEHOLD_2_071,HOUSEHOLD_2,HOUSEHOLD,1036,6673.42,647,0.0002907265618420992,0.7388636635295894,A,647,3.0,0.3134176616707967,Intermittent
FOODS_2_157,FOODS_2,FOODS,1767,6672.35,985,0.0002906799474493035,0.7391543434770388,A,985,1.9705583756345177,0.3591097169754918,Intermittent
FOODS_2_298,FOODS_2,FOODS,520,6666.05,378,0.00029040548887489855,0.7394447489659137,A,378,5.134920634920635,0.4045910567702042,Intermittent
FOODS_2_305,FOODS_2,FOODS,770,6661.460000000001,580,0.00029020552619926074,0.739734954492113,A,580,3.3465517241379312,0.21142879281631746,Intermittent
FOODS_3_385,FOODS_3,FOODS,2235,6660.3,1065,0.0002901549909696877,0.7400251094830828,A,1065,1.8225352112676056,0.39835010480121363,Intermittent
FOODS_2_045,FOODS_2,FOODS,956,6658.04,528,0.00029005653440172655,0.7403151660174845,A,528,3.6761363636363638,0.33632788640326683,Intermittent
FOODS_1_036,FOODS_1,FOODS,3812,6656.7,1221,0.0002899981574985992,0.7406051641749831,A,1221,1.5896805896805897,0.43197621829535193,Intermittent
FOODS_3_492,FOODS_3,FOODS,2231,6648.38,1143,0.00028963569792097237,0.7408947998729041,A,1143,1.6981627296587927,0.37380245828726966,Intermittent
FOODS_3_032,FOODS_3,FOODS,2230,6645.4,922,0.00028950587465879354,0.7411843057475629,A,922,2.1052060737527114,0.4247410733821176,Intermittent
HOUSEHOLD_2_238,HOUSEHOLD_2,HOUSEHOLD,650,6639.4800000000005,501,0.00028924797072855913,0.7414735537182915,A,501,3.874251497005988,0.19329943668639077,Intermittent
HOUSEHOLD_1_428,HOUSEHOLD_1,HOUSEHOLD,833,6639.01,636,0.00028922749524761145,0.7417627812135391,A,636,3.05188679245283,0.24600966663948132,Intermittent
FOODS_2_306,FOODS_2,FOODS,1583,6631.009999999999,921,0.00028887897642297026,0.742051660189962,A,921,2.1074918566775245,0.3525412364720624,Intermittent
HOUSEHOLD_2_485,HOUSEHOLD_2,HOUSEHOLD,950,6621.5,532,0.0002884646746701781,0.7423401248646322,A,532,3.648496240601504,0.39189453860640294,Intermittent
HOUSEHOLD_1_123,HOUSEHOLD_1,HOUSEHOLD,738,6619.860000000001,492,0.0002883932283111267,0.7426285180929433,A,492,3.9451219512195124,0.27064946820547636,Intermittent
FOODS_1_037,FOODS_1,FOODS,2082,6618.150000000001,829,0.00028831873241235963,0.7429168368253556,A,829,2.341375150784077,0.8783333566703257,Lumpy
HOUSEHOLD_1_225,HOUSEHOLD_1,HOUSEHOLD,3965,6613.24,1119,0.0002881048289837361,0.7432049416543394,A,1119,1.7345844504021448,0.3144341230220052,Intermittent
FOODS_3_011,FOODS_3,FOODS,3283,6606.34,1166,0.0002878042314974831,0.7434927458858368,A,1166,1.6646655231560892,0.39859992953109014,Intermittent
HOUSEHOLD_2_375,HOUSEHOLD_2,HOUSEHOLD,1005,6602.65,688,0.0002876434771896173,0.7437803893630264,A,688,2.821220930232558,0.27623527124564584,Intermittent
HOUSEHOLD_1_298,HOUSEHOLD_1,HOUSEHOLD,1764,6599.72,905,0.00028751583217009256,0.7440679051951965,A,905,2.1447513812154697,0.40752541706419626,Intermittent
FOODS_3_770,FOODS_3,FOODS,1656,6590.88,764,0.0002871307188688641,0.7443550359140654,A,764,2.5405759162303663,0.5296203832244948,Lumpy
FOODS_2_267,FOODS_2,FOODS,3401,6590.18,1147,0.000287100223471708,0.744642136137537,A,1147,1.6922406277244988,0.4520429269429496,Intermittent
FOODS_1_047,FOODS_1,FOODS,1981,6581.74,964,0.00028673253611171155,0.7449288686736487,A,964,2.013485477178423,0.5154279289598136,Lumpy
HOUSEHOLD_1_313,HOUSEHOLD_1,HOUSEHOLD,1598,6572.72,879,0.00028633958113692866,0.7452152082547856,A,879,2.2081911262798637,0.36765766779664094,Intermittent
FOODS_3_396,FOODS_3,FOODS,637,6571.66,451,0.0002862934023926637,0.7455015016571782,A,451,4.303769401330377,0.2487321275569763,Intermittent
HOBBIES_1_187,HOBBIES_1,HOBBIES,935,6563.56,614,0.00028594052708271454,0.745787442184261,A,614,3.1612377850162865,0.4327686629178007,Intermittent
FOODS_3_335,FOODS_3,FOODS,2953,6563.04,1063,0.00028591787335911285,0.74607336005762,A,1063,1.825964252116651,0.38722908971795733,Intermittent
FOODS_3_435,FOODS_3,FOODS,5133,6562.84,1211,0.0002859091603884968,0.7463592692180085,A,1211,1.6028075970272502,0.8185302603651538,Lumpy
HOBBIES_1_083,HOBBIES_1,HOBBIES,392,6554.56,328,0.0002855484434049932,0.7466448176614136,A,328,5.9176829268292686,0.1359830957284618,Intermittent
HOUSEHOLD_1_389,HOUSEHOLD_1,HOUSEHOLD,6761,6524.41,1467,0.0002842349630846268,0.7469290526244982,A,1467,1.3231083844580778,0.7391980413068515,Lumpy
HOBBIES_1_381,HOBBIES_1,HOBBIES,9225,6518.759999999999,1435,0.000283988821664724,0.7472130414461629,A,1435,1.3526132404181184,0.9518274015531106,Lumpy
FOODS_3_074,FOODS_3,FOODS,1500,6508.0,713,0.00028352006384558165,0.7474965615100084,A,713,2.7223001402524543,0.3885182397003745,Intermittent
FOODS_2_126,FOODS_2,FOODS,1443,6504.22,745,0.00028335538870093873,0.7477799168987094,A,745,2.6053691275167785,0.3489646742949671,Intermittent
HOUSEHOLD_1_166,HOUSEHOLD_1,HOUSEHOLD,1313,6503.29,725,0.0002833148733875742,0.748063231772097,A,725,2.677241379310345,0.3912694456963116,Intermittent
HOUSEHOLD_1_175,HOUSEHOLD_1,HOUSEHOLD,1331,6483.76,693,0.00028246405180691896,0.7483456958239039,A,693,2.8008658008658007,0.45859122355346243,Intermittent
FOODS_3_286,FOODS_3,FOODS,1634,6479.82,801,0.0002822924062857832,0.7486279882301896,A,801,2.4232209737827715,0.3636764931706741,Intermittent
FOODS_1_006,FOODS_1,FOODS,2933,6453.31,1172,0.0002811375020306286,0.7489091257322202,A,1172,1.6561433447098977,0.5289238155221859,Lumpy
HOUSEHOLD_1_047,HOUSEHOLD_1,HOUSEHOLD,1592,6452.700000000001,862,0.0002811109274702497,0.7491902366596905,A,862,2.2517401392111367,0.37107927051432066,Intermittent
HOUSEHOLD_2_449,HOUSEHOLD_2,HOUSEHOLD,1142,6452.28,589,0.000281092630231956,0.7494713292899224,A,589,3.295415959252971,0.3509705213819881,Intermittent
FOODS_2_138,FOODS_2,FOODS,3379,6433.9,1212,0.0002802919082323429,0.7497516211981547,A,1212,1.6014851485148516,0.5002276207701595,Lumpy
HOUSEHOLD_2_507,HOUSEHOLD_2,HOUSEHOLD,922,6426.34,622,0.00027996255794305707,0.7500315837560978,A,622,3.120578778135048,0.2589272053069289,Intermittent
HOBBIES_1_343,HOBBIES_1,HOBBIES,1248,6423.360000000001,794,0.00027983273468087824,0.7503114164907787,A,794,2.4445843828715366,0.36057390469948697,Intermittent
HOUSEHOLD_2_368,HOUSEHOLD_2,HOUSEHOLD,1167,6406.77,790,0.00027910999376827865,0.7505905264845469,A,790,2.456962025316456,0.2852308171180196,Intermittent
HOUSEHOLD_2_347,HOUSEHOLD_2,HOUSEHOLD,696,6405.09,545,0.00027903680481510397,0.750869563289362,A,545,3.561467889908257,0.19517827986203426,Intermittent
FOODS_2_086,FOODS_2,FOODS,2523,6402.56,1097,0.00027892658573681125,0.7511484898750989,A,1097,1.7693710118505013,0.4064473635933495,Intermittent
HOUSEHOLD_1_425,HOUSEHOLD_1,HOUSEHOLD,3249,6400.53,1382,0.0002788381490850585,0.7514273280241839,A,1382,1.4044862518089725,0.4059903023553966,Intermittent
FOODS_2_381,FOODS_2,FOODS,2510,6382.54,1015,0.0002780544173781467,0.751705382441562,A,1015,1.9123152709359605,0.49815591042714397,Lumpy
FOODS_2_189,FOODS_2,FOODS,2548,6382.16,1029,0.00027803786273397624,0.751983420304296,A,1029,1.8862973760932944,0.48462142840697114,Intermittent
FOODS_3_646,FOODS_3,FOODS,2420,6377.0,808,0.0002778130680920827,0.752261233372388,A,808,2.402227722772277,0.5227178247976534,Lumpy
FOODS_2_263,FOODS_2,FOODS,1065,6369.42,651,0.0002774828465057352,0.7525387162188938,A,651,2.9815668202764978,0.31312795690720735,Intermittent
HOUSEHOLD_2_431,HOUSEHOLD_2,HOUSEHOLD,672,6363.84,507,0.000277239754625548,0.7528159559735194,A,507,3.828402366863905,0.2242012463952974,Intermittent
HOUSEHOLD_2_262,HOUSEHOLD_2,HOUSEHOLD,1276,6341.719999999999,833,0.0002762761000754152,0.7530922320735948,A,833,2.3301320528211282,0.2793740126988729,Intermittent
HOUSEHOLD_1_044,HOUSEHOLD_1,HOUSEHOLD,352,6325.44,256,0.0002755668642672704,0.753367798937862,A,256,7.58203125,0.22816399286987518,Intermittent
HOUSEHOLD_1_536,HOUSEHOLD_1,HOUSEHOLD,2132,6324.86,710,0.00027554159665248395,0.7536433405345144,A,710,2.7338028169014086,0.3228528087810299,Intermittent
HOUSEHOLD_1_198,HOUSEHOLD_1,HOUSEHOLD,6417,6274.18,1568,0.00027333372989838225,0.7539166742644128,A,1568,1.2378826530612246,0.44921865991889925,Smooth
HOUSEHOLD_2_355,HOUSEHOLD_2,HOUSEHOLD,561,6263.2300000000005,443,0.00027285669475715467,0.75418953095917,A,443,4.381489841986456,0.19549023532888224,Intermittent
HOUSEHOLD_1_439,HOUSEHOLD_1,HOUSEHOLD,6496,6248.11,1436,0.00027219799417858284,0.7544617289533485,A,1436,1.3516713091922006,0.5146950209110814,Lumpy
HOUSEHOLD_1_365,HOUSEHOLD_1,HOUSEHOLD,1553,6245.63,1030,0.00027208995334294413,0.7547338189066914,A,1030,1.8844660194174758,0.3007058691120081,Intermittent
FOODS_3_317,FOODS_3,FOODS,6053,6244.68,1280,0.000272048566732518,0.7550058674734239,A,1280,1.51640625,0.6732091369330447,Lumpy
HOBBIES_1_150,HOBBIES_1,HOBBIES,3541,6243.63,997,0.0002720028236367838,0.7552778702970607,A,997,1.946840521564694,0.7867518532496539,Lumpy
FOODS_3_687,FOODS_3,FOODS,2192,6242.099999999999,1208,0.00027193616941157116,0.7555498064664723,A,1208,1.6067880794701987,0.35641084474333073,Intermittent
FOODS_2_326,FOODS_2,FOODS,6100,6234.96,1269,0.00027162511636057894,0.7558214315828329,A,1269,1.529550827423168,0.6019175384911446,Lumpy
HOUSEHOLD_1_289,HOUSEHOLD_1,HOUSEHOLD,1224,6234.72,810,0.00027161466079583975,0.7560930462436287,A,810,2.3962962962962964,0.2524743264571155,Intermittent
HOUSEHOLD_1_136,HOUSEHOLD_1,HOUSEHOLD,1490,6232.3,707,0.00027150923385138576,0.75636455547748,A,707,2.7454031117397455,0.4055932758560631,Intermittent
HOUSEHOLD_1_070,HOUSEHOLD_1,HOUSEHOLD,1708,6227.6,986,0.0002713044790419091,0.7566358599565219,A,986,1.9685598377281948,0.433508456974901,Intermittent
FOODS_3_365,FOODS_3,FOODS,1451,6225.28,834,0.00027120340858276313,0.7569070633651047,A,834,2.327338129496403,0.3714307453378553,Intermittent
HOUSEHOLD_2_003,HOUSEHOLD_2,HOUSEHOLD,674,6221.66,477,0.000271045703814613,0.7571781090689194,A,477,4.069182389937107,0.2879311570184521,Intermittent
HOBBIES_1_163,HOBBIES_1,HOBBIES,660,6217.2,505,0.0002708514045698756,0.7574489604734892,A,505,3.8435643564356434,0.1735760381593716,Intermittent
FOODS_2_162,FOODS_2,FOODS,2114,6203.02,970,0.00027023365495319914,0.7577191941284424,A,970,2.0010309278350515,0.4342865490059055,Intermittent
HOBBIES_1_295,HOBBIES_1,HOBBIES,13115,6189.54,1465,0.0002696464007336788,0.757988840529176,A,1465,1.324914675767918,0.978218815675768,Lumpy
FOODS_2_018,FOODS_2,FOODS,882,6185.200000000001,543,0.000269457329271311,0.7582582978584473,A,543,3.574585635359116,0.4499006922597337,Intermittent
HOBBIES_1_246,HOBBIES_1,HOBBIES,563,6181.74,323,0.00026930659487965365,0.758527604453327,A,323,6.0092879256965945,0.3635648167408028,Intermittent
HOUSEHOLD_1_004,HOUSEHOLD_1,HOUSEHOLD,2639,6175.62,989,0.0002690399779788032,0.7587966444313058,A,989,1.9625884732052579,0.5636689108376142,Lumpy
FOODS_3_391,FOODS_3,FOODS,2220,6166.5599999999995,811,0.00026864528040989704,0.7590652897117157,A,811,2.3933415536374847,0.6559175336497657,Lumpy
FOODS_3_581,FOODS_3,FOODS,2039,6162.82,1102,0.0002684823478593773,0.7593337720595751,A,1102,1.7613430127041743,0.4601128581474575,Intermittent
HOBBIES_1_344,HOBBIES_1,HOBBIES,521,6159.0,311,0.00026831593012061115,0.7596020879896958,A,311,6.241157556270096,0.2829896498627219,Intermittent
HOBBIES_1_154,HOBBIES_1,HOBBIES,2176,6156.3,993,0.00026819830501729477,0.7598702862947131,A,993,1.9546827794561934,0.3908103276927737,Intermittent
HOUSEHOLD_2_250,HOUSEHOLD_2,HOUSEHOLD,884,6156.099999999999,644,0.0002681895920466787,0.7601384758867598,A,644,3.0139751552795033,0.23156901391040624,Intermittent
FOODS_3_451,FOODS_3,FOODS,4219,6151.92,1060,0.00026800749096080376,0.7604064833777205,A,1060,1.8311320754716982,0.673235421655799,Lumpy
FOODS_2_344,FOODS_2,FOODS,2196,6145.17,952,0.00026771342820251277,0.7606741968059231,A,952,2.0388655462184873,0.4395910216010481,Intermittent
FOODS_3_294,FOODS_3,FOODS,2473,6130.25,1001,0.000267063440594557,0.7609412602465176,A,1001,1.939060939060939,0.976712562312686,Lumpy
FOODS_3_614,FOODS_3,FOODS,6119,6119.96,1213,0.00026661515825636233,0.761207875404774,A,1213,1.6001648804616653,0.7010448845525663,Lumpy
FOODS_3_160,FOODS_3,FOODS,2360,6117.71,762,0.000266517137336932,0.7614743925421109,A,762,2.547244094488189,1.1826429470136548,Lumpy
HOBBIES_1_379,HOBBIES_1,HOBBIES,2811,6117.120000000001,1151,0.0002664914340736147,0.7617408839761846,A,1151,1.686359687228497,0.47643200127734436,Intermittent
HOUSEHOLD_1_422,HOUSEHOLD_1,HOUSEHOLD,1678,6116.4800000000005,1063,0.00026646355256764343,0.7620073475287522,A,1063,1.825964252116651,0.28310701642011127,Intermittent
FOODS_3_542,FOODS_3,FOODS,2448,6110.1,1206,0.0002661856088049921,0.7622735331375572,A,1206,1.609452736318408,0.4231509964249307,Intermittent
FOODS_3_692,FOODS_3,FOODS,7489,6103.200000000001,1413,0.0002658850113187391,0.7625394181488759,A,1413,1.3736730360934182,0.6523971143133902,Lumpy
FOODS_3_128,FOODS_3,FOODS,2023,6093.68,1019,0.0002654702739174161,0.7628048884227934,A,1019,1.9048086359175662,0.3840159208965512,Intermittent
HOBBIES_1_356,HOBBIES_1,HOBBIES,1090,6090.18,724,0.00026531779693163564,0.763070206219725,A,724,2.680939226519337,0.26909316373074,Intermittent
HOUSEHOLD_1_446,HOUSEHOLD_1,HOUSEHOLD,1555,6079.47,913,0.00026485121735514726,0.7633350574370802,A,913,2.1259583789704273,0.43868604887597723,Intermittent
HOUSEHOLD_1_531,HOUSEHOLD_1,HOUSEHOLD,748,6072.09,568,0.0002645297087394158,0.7635995871458197,A,568,3.4172535211267605,0.19623326742966044,Intermittent
FOODS_3_606,FOODS_3,FOODS,2108,6071.04,774,0.00026448396564368164,0.7638640711114634,A,774,2.507751937984496,0.36604872628052665,Intermittent
FOODS_1_050,FOODS_1,FOODS,1014,6063.72,581,0.000264165070919135,0.7641282361823825,A,581,3.3407917383820998,0.4043232331525147,Intermittent
FOODS_2_069,FOODS_2,FOODS,649,6060.02,518,0.0002640038809627385,0.7643922400633452,A,518,3.747104247104247,0.1895987148143759,Intermittent
HOBBIES_1_390,HOBBIES_1,HOBBIES,522,6057.71,425,0.0002639032461521233,0.7646561433094973,A,425,4.567058823529412,0.1545598799915687,Intermittent
HOBBIES_1_398,HOBBIES_1,HOBBIES,10865,6057.13,1237,0.00026387797853733686,0.7649200212880346,A,1237,1.5691188358932902,1.3731154692832723,Lumpy
HOUSEHOLD_1_221,HOUSEHOLD_1,HOUSEHOLD,500,6050.400000000001,358,0.0002635847870761075,0.7651836060751107,A,358,5.421787709497207,0.21780840336134438,Intermittent
FOODS_3_666,FOODS_3,FOODS,2321,6040.530000000001,837,0.00026315480197620645,0.765446760877087,A,837,2.3189964157706093,0.5240570657475098,Lumpy
HOUSEHOLD_1_419,HOUSEHOLD_1,HOUSEHOLD,677,6038.5,482,0.00026306636532445374,0.7657098272424114,A,482,4.026970954356846,0.3246963437176148,Intermittent
HOBBIES_1_413,HOBBIES_1,HOBBIES,1291,6034.860000000001,744,0.00026290778925924205,0.7659727350316706,A,744,2.6088709677419355,0.35886586449380775,Intermittent
HOUSEHOLD_1_346,HOUSEHOLD_1,HOUSEHOLD,1503,6033.77,824,0.00026286030356938465,0.76623559533524,A,824,2.3555825242718447,0.38838967725569196,Intermittent
FOODS_2_294,FOODS_2,FOODS,5206,6031.18,1118,0.0002627474705999071,0.76649834280584,A,1118,1.7361359570661896,0.44781228585385924,Intermittent
FOODS_3_277,FOODS_3,FOODS,3045,6029.099999999999,741,0.00026265685570550033,0.7667609996615454,A,741,2.619433198380567,0.4102239880687311,Intermittent
HOBBIES_1_032,HOBBIES_1,HOBBIES,10796,6024.57,1237,0.0002624595069210473,0.7670234591684665,A,1237,1.5691188358932902,1.141529750057493,Lumpy
FOODS_3_573,FOODS_3,FOODS,6018,6018.0,899,0.00026217328583631077,0.7672856324543028,A,899,2.1590656284760845,0.8510093131860382,Lumpy
FOODS_3_751,FOODS_3,FOODS,1208,6015.84,596,0.00026207918575365765,0.7675477116400564,A,596,3.2567114093959733,0.4007535420641655,Intermittent
HOUSEHOLD_2_311,HOUSEHOLD_2,HOUSEHOLD,1021,6013.33,649,0.0002619698379724265,0.7678096814780289,A,649,2.99075500770416,0.33469865618471617,Intermittent
HOUSEHOLD_1_153,HOUSEHOLD_1,HOUSEHOLD,3043,5994.71,1006,0.0002611586604080742,0.768070840138437,A,1006,1.9294234592445327,0.3558685065842724,Intermittent
FOODS_3_280,FOODS_3,FOODS,1389,5993.360000000001,907,0.00026109984785641603,0.7683319399862933,A,907,2.1400220507166483,0.25877936401907903,Intermittent
FOODS_1_120,FOODS_1,FOODS,3286,5985.24,1159,0.0002607461012494052,0.7685926860875427,A,1159,1.6747195858498707,0.580067653299663,Lumpy
HOBBIES_1_189,HOBBIES_1,HOBBIES,12595,5973.0,1416,0.0002602128674477043,0.7688528989549904,A,1416,1.3707627118644068,0.8337905584148121,Lumpy
FOODS_2_134,FOODS_2,FOODS,2000,5967.11,1012,0.0002599562704630622,0.7691128552254535,A,1012,1.91798418972332,0.3944197428288819,Intermittent
FOODS_3_488,FOODS_3,FOODS,1429,5965.400000000001,812,0.0002598817745642952,0.7693727370000177,A,812,2.3903940886699506,0.3034445003670872,Intermittent
FOODS_3_339,FOODS_3,FOODS,7351,5960.34,1360,0.00025966133640770964,0.7696323983364255,A,1360,1.4272058823529412,0.649751931949117,Lumpy
HOUSEHOLD_2_284,HOUSEHOLD_2,HOUSEHOLD,961,5957.97,682,0.0002595580877059097,0.7698919564241314,A,682,2.846041055718475,0.24321520198153831,Intermittent
HOUSEHOLD_2_197,HOUSEHOLD_2,HOUSEHOLD,1500,5955.0,893,0.00025942870009226164,0.7701513851242237,A,893,2.173572228443449,0.3021338913801694,Intermittent
HOBBIES_1_057,HOBBIES_1,HOBBIES,1227,5946.56,747,0.00025906101273226527,0.770410446136956,A,747,2.5983935742971886,0.32769641129605903,Intermittent
FOODS_2_330,FOODS_2,FOODS,1475,5932.58,854,0.0002584519760862048,0.7706688981130422,A,854,2.2728337236533958,0.32674445479108966,Intermittent
HOUSEHOLD_1_276,HOUSEHOLD_1,HOUSEHOLD,349,5931.299999999999,323,0.0002583962130742622,0.7709272943261164,A,323,6.0092879256965945,0.06359538399897893,Intermittent
FOODS_3_148,FOODS_3,FOODS,5830,5920.95,1024,0.0002579453168448827,0.7711852396429613,A,1024,1.8955078125,0.6442641155859847,Lumpy
FOODS_2_154,FOODS_2,FOODS,458,5920.47,335,0.0002579244057154043,0.7714431640486766,A,335,5.794029850746269,0.24321758458636214,Intermittent
FOODS_1_075,FOODS_1,FOODS,1772,5907.46,821,0.00025735762697683156,0.7717005216756535,A,821,2.364190012180268,0.5700150289720283,Lumpy
FOODS_2_003,FOODS_2,FOODS,2805,5896.0,1028,0.0002568583737605331,0.771957380049414,A,1028,1.8881322957198443,0.6736978206136965,Lumpy
FOODS_1_130,FOODS_1,FOODS,3339,5895.76,1282,0.0002568479181957939,0.7722142279676099,A,1282,1.5140405616224648,0.42423606478014375,Intermittent
FOODS_3_611,FOODS_3,FOODS,2325,5895.4,913,0.000256832234848685,0.7724710602024586,A,913,2.1259583789704273,0.6178764302941421,Lumpy
HOUSEHOLD_1_018,HOUSEHOLD_1,HOUSEHOLD,588,5878.360000000001,314,0.0002560898897521994,0.7727271500922108,A,314,6.181528662420382,0.33063788206813005,Intermittent
HOBBIES_1_129,HOBBIES_1,HOBBIES,1212,5872.56,806,0.00025583721360433455,0.7729829873058152,A,806,2.4081885856079404,0.27440672300426044,Intermittent
FOODS_2_144,FOODS_2,FOODS,2334,5858.84,1073,0.00025523950382007495,0.7732382268096353,A,1073,1.8089468779123952,0.5187209667831546,Lumpy
FOODS_2_025,FOODS_2,FOODS,1554,5851.78,985,0.0002549319359573291,0.7734931587455927,A,985,1.9705583756345177,0.27940061023449236,Intermittent
HOUSEHOLD_1_426,HOUSEHOLD_1,HOUSEHOLD,2336,5850.98,976,0.000254897084074865,0.7737480558296675,A,976,1.9887295081967213,0.5197375752414222,Lumpy
FOODS_3_043,FOODS_3,FOODS,2335,5845.18,996,0.00025464440792700017,0.7740027002375945,A,996,1.9487951807228916,0.3699062147211073,Intermittent
HOBBIES_1_303,HOBBIES_1,HOBBIES,654,5844.780000000001,425,0.00025462698198576813,0.7742573272195803,A,425,4.567058823529412,0.44382408041167165,Intermittent
FOODS_3_025,FOODS_3,FOODS,2028,5840.64,905,0.0002544466234940163,0.7745117738430743,A,905,2.1447513812154697,0.4677809085726816,Intermittent
HOBBIES_1_376,HOBBIES_1,HOBBIES,363,5835.38,285,0.00025421747236681477,0.7747659913154412,A,285,6.810526315789474,0.17071488420997957,Intermittent
HOUSEHOLD_1_132,HOUSEHOLD_1,HOUSEHOLD,2980,5833.97,1199,0.0002541560459239718,0.7750201473613652,A,1199,1.6188490408673895,0.5282866490169233,Lumpy
HOUSEHOLD_1_464,HOUSEHOLD_1,HOUSEHOLD,621,5831.070000000001,466,0.00025402970785003934,0.7752741770692152,A,466,4.165236051502146,0.3214466694510268,Intermittent
FOODS_2_146,FOODS_2,FOODS,2964,5822.2,1061,0.00025364328760321843,0.7755278203568184,A,1061,1.8294062205466541,0.4636860744469333,Intermittent
HOUSEHOLD_2_423,HOUSEHOLD_2,HOUSEHOLD,1635,5821.59,808,0.0002536167130428396,0.7757814370698612,A,808,2.402227722772277,0.40206162949408986,Intermittent
HOUSEHOLD_1_202,HOUSEHOLD_1,HOUSEHOLD,2939,5819.22,1003,0.0002535134643410396,0.7760349505342022,A,1003,1.9351944167497508,0.3562720043461342,Intermittent
HOUSEHOLD_1_058,HOUSEHOLD_1,HOUSEHOLD,896,5806.080000000001,509,0.0002529410221715665,0.7762878915563738,A,509,3.8133595284872297,0.35623089500548605,Intermittent
HOUSEHOLD_1_368,HOUSEHOLD_1,HOUSEHOLD,683,5804.34,532,0.00025286521932720707,0.776540756775701,A,532,3.648496240601504,0.21725163735560796,Intermittent
HOUSEHOLD_1_442,HOUSEHOLD_1,HOUSEHOLD,647,5803.59,399,0.00025283254568739694,0.7767935893213884,A,399,4.864661654135339,0.3323930652308384,Intermittent
FOODS_2_026,FOODS_2,FOODS,2367,5796.74,846,0.00025253412644379793,0.7770461234478322,A,846,2.2943262411347516,0.4877649383069222,Intermittent
HOBBIES_1_319,HOBBIES_1,HOBBIES,5833,5793.6,1004,0.0002523973328051263,0.7772985207806373,A,1004,1.9332669322709164,1.4704261848524025,Lumpy
HOUSEHOLD_1_261,HOUSEHOLD_1,HOUSEHOLD,964,5793.08,704,0.0002523746790815246,0.7775508954597189,A,704,2.757102272727273,0.25033406649461915,Intermittent
HOUSEHOLD_1_383,HOUSEHOLD_1,HOUSEHOLD,1664,5790.72,851,0.0002522718660282555,0.7778031673257472,A,851,2.280846063454759,0.36872302641239574,Intermittent
HOUSEHOLD_1_161,HOUSEHOLD_1,HOUSEHOLD,466,5786.43,373,0.0002520849728085417,0.7780552522985558,A,373,5.2037533512064345,0.16501533410300942,Intermittent
HOUSEHOLD_2_193,HOUSEHOLD_2,HOUSEHOLD,1168,5769.92,780,0.0002513657170841885,0.7783066180156399,A,780,2.4884615384615385,0.2856683619625796,Intermittent
HOBBIES_1_170,HOBBIES_1,HOBBIES,321,5768.37,275,0.00025129819156191423,0.7785579162072018,A,275,7.058181818181819,0.12939006562266311,Intermittent
FOODS_1_127,FOODS_1,FOODS,2916,5766.3,1178,0.0002512080123160384,0.7788091242195179,A,1178,1.6477079796264855,0.49968703580435486,Lumpy
HOBBIES_1_273,HOBBIES_1,HOBBIES,478,5758.23,416,0.00025085644395168155,0.7790599806634696,A,416,4.665865384615385,0.11454154708151766,Intermittent
FOODS_2_399,FOODS_2,FOODS,2882,5757.24,1102,0.00025081331474713223,0.7793107939782167,A,1102,1.7613430127041743,0.4518897541786734,Intermittent
FOODS_3_325,FOODS_3,FOODS,2296,5749.84,946,0.0002504909348343392,0.779561284913051,A,946,2.051797040169133,0.37930716152073723,Intermittent
HOUSEHOLD_2_212,HOUSEHOLD_2,HOUSEHOLD,2152,5745.84,1045,0.0002503166754220186,0.779811601588473,A,1045,1.8574162679425836,0.5263363883946128,Lumpy
FOODS_2_242,FOODS_2,FOODS,2290,5743.08,1108,0.0002501964364275174,0.7800617980249005,A,1108,1.7518050541516246,0.45405102825841864,Intermittent
FOODS_2_176,FOODS_2,FOODS,2066,5739.91,918,0.0002500583358432533,0.7803118563607437,A,918,2.1143790849673203,0.5469569888355534,Lumpy
FOODS_1_200,FOODS_1,FOODS,5852,5734.96,705,0.0002498426898205066,0.7805616990505643,A,705,2.753191489361702,0.6526964866102207,Lumpy
FOODS_3_279,FOODS_3,FOODS,2044,5734.82,1080,0.0002498365907410754,0.7808115356413053,A,1080,1.7972222222222223,0.34607585667951357,Intermittent
FOODS_2_143,FOODS_2,FOODS,1423,5733.89,871,0.0002497960754277109,0.7810613317167331,A,871,2.2284730195177955,0.3092666424864514,Intermittent
FOODS_3_689,FOODS_3,FOODS,2014,5732.22,772,0.000249723322123067,0.7813110550388561,A,772,2.5142487046632125,0.32928342248927744,Intermittent
FOODS_2_051,FOODS_2,FOODS,2281,5722.26,1073,0.00024928941618638877,0.7815603444550425,A,1073,1.8089468779123952,0.405001276225067,Intermittent
FOODS_3_565,FOODS_3,FOODS,2174,5670.4800000000005,1056,0.0002470336280938989,0.7818073780831364,A,1056,1.8380681818181819,0.44513106015084547,Intermittent
HOBBIES_1_355,HOBBIES_1,HOBBIES,1353,5668.87,869,0.00024696348868043986,0.7820543415718169,A,869,2.2336018411967777,0.2910589513897833,Intermittent
HOBBIES_1_103,HOBBIES_1,HOBBIES,8013,5661.92,1467,0.0002466607129515328,0.7823010022847684,A,1467,1.3231083844580778,0.9670801779663054,Lumpy
FOODS_2_391,FOODS_2,FOODS,2828,5658.18,1051,0.0002464977804010131,0.7825475000651694,A,1051,1.846812559467174,0.5070203915868308,Lumpy
FOODS_3_095,FOODS_3,FOODS,1104,5656.9800000000005,688,0.0002464455025773169,0.7827939455677467,A,688,2.821220930232558,0.5531301602326273,Lumpy
HOUSEHOLD_1_518,HOUSEHOLD_1,HOUSEHOLD,811,5652.67,443,0.0002462577380605415,0.7830402033058073,A,443,4.381489841986456,0.6523138058352742,Lumpy
HOBBIES_1_310,HOBBIES_1,HOBBIES,1057,5644.7,767,0.00024591052618149275,0.7832861138319888,A,767,2.530638852672751,0.2367089176777781,Intermittent
FOODS_2_333,FOODS_2,FOODS,1765,5643.08,932,0.0002458399511195029,0.7835319537831082,A,932,2.082618025751073,0.35894253905054957,Intermittent
FOODS_2_364,FOODS_2,FOODS,2117,5641.3,1066,0.00024576240568102025,0.7837777161887892,A,1066,1.820825515947467,0.3773066977640138,Intermittent
FOODS_3_246,FOODS_3,FOODS,2865,5636.58,1345,0.00024555677957448197,0.7840232729683637,A,1345,1.4431226765799257,0.36210994137123514,Intermittent
FOODS_3_685,FOODS_3,FOODS,2273,5636.56,928,0.0002455559082774204,0.7842688288766412,A,928,2.091594827586207,0.46348552388184516,Intermittent
HOUSEHOLD_1_033,HOUSEHOLD_1,HOUSEHOLD,1377,5635.14,653,0.0002454940461860466,0.7845143229228272,A,653,2.972434915773354,0.4736636518417614,Intermittent
FOODS_1_090,FOODS_1,FOODS,1692,5633.92,745,0.0002454408970652888,0.7847597638198924,A,745,2.6053691275167785,0.9040072781917399,Lumpy
FOODS_1_083,FOODS_1,FOODS,2840,5630.7699999999995,1052,0.0002453036677780863,0.7850050674876705,A,1052,1.8450570342205324,0.5589145448804107,Lumpy
FOODS_1_114,FOODS_1,FOODS,1683,5628.76,856,0.00024521610242339526,0.7852502835900939,A,856,2.267523364485981,0.40120140569691665,Intermittent
HOBBIES_1_067,HOBBIES_1,HOBBIES,10067,5626.26,1253,0.0002451071902906949,0.7854953907803846,A,1253,1.5490822027134876,1.2690104682386525,Lumpy
HOUSEHOLD_1_281,HOUSEHOLD_1,HOUSEHOLD,1149,5622.88,727,0.000244959941087284,0.7857403507214719,A,727,2.669876203576341,0.3590058933404372,Intermittent
HOBBIES_1_183,HOBBIES_1,HOBBIES,705,5602.4800000000005,433,0.00024407121808444907,0.7859844219395563,A,433,4.482678983833718,0.3590042512206887,Intermittent
FOODS_3_645,FOODS_3,FOODS,2390,5598.599999999999,904,0.00024390218645449805,0.7862283241260108,A,904,2.14712389380531,0.43844021811211026,Intermittent
HOBBIES_1_186,HOBBIES_1,HOBBIES,347,5597.5599999999995,223,0.00024385687900729472,0.7864721810050181,A,223,8.704035874439462,0.4558808158289924,Intermittent
HOUSEHOLD_1_207,HOUSEHOLD_1,HOUSEHOLD,702,5594.94,554,0.00024374273909222473,0.7867159237441104,A,554,3.503610108303249,0.18521919362194886,Intermittent
FOODS_2_361,FOODS_2,FOODS,1475,5591.4800000000005,763,0.00024359200470056749,0.786959515748811,A,763,2.543905635648755,0.3791135916686084,Intermittent
FOODS_3_509,FOODS_3,FOODS,2816,5575.68,922,0.0002429036800219012,0.7872024194288328,A,922,2.1052060737527114,0.5311471284237552,Lumpy
HOUSEHOLD_2_406,HOUSEHOLD_2,HOUSEHOLD,447,5571.2300000000005,368,0.00024270981642569454,0.7874451292452586,A,368,5.274456521739131,0.26231765232254567,Intermittent
HOUSEHOLD_1_277,HOUSEHOLD_1,HOUSEHOLD,5673,5556.79,1102,0.00024208073994721723,0.7876872099852058,A,1102,1.7613430127041743,0.5744435850923686,Lumpy
HOBBIES_1_180,HOBBIES_1,HOBBIES,278,5554.4400000000005,239,0.00024197836254247893,0.7879291883477483,A,239,8.121338912133892,0.11377244857883115,Intermittent
HOBBIES_1_306,HOBBIES_1,HOBBIES,397,5550.06,296,0.00024178754848598786,0.7881709758962343,A,296,6.5574324324324325,0.21960631818861756,Intermittent
HOBBIES_1_005,HOBBIES_1,HOBBIES,1888,5546.84,983,0.0002416472696590698,0.7884126231658933,A,983,1.9745676500508647,0.4007758886426152,Intermittent
FOODS_2_356,FOODS_2,FOODS,2211,5544.46,1042,0.00024154358530873905,0.788654166751202,A,1042,1.862763915547025,0.4197847183520601,Intermittent
HOUSEHOLD_1_414,HOUSEHOLD_1,HOUSEHOLD,5704,5540.34,900,0.00024136409811404886,0.7888955308493161,A,900,2.1566666666666667,0.686816960933698,Lumpy
HOBBIES_1_270,HOBBIES_1,HOBBIES,1144,5532.03,749,0.00024100207418495284,0.789136532923501,A,749,2.5914552736982643,0.28234674341775795,Intermittent
FOODS_1_020,FOODS_1,FOODS,2074,5523.76,1088,0.00024064179284998008,0.789377174716351,A,1088,1.7840073529411764,0.3312559784628235,Intermittent
HOUSEHOLD_2_191,HOUSEHOLD_2,HOUSEHOLD,1105,5522.25,765,0.00024057600992182903,0.7896177507262728,A,765,2.537254901960784,0.2778431797763254,Intermittent
HOBBIES_1_244,HOBBIES_1,HOBBIES,11655,5517.1,1435,0.0002403516509284663,0.7898581023772013,A,1435,1.3526132404181184,0.7809013733096807,Lumpy
HOBBIES_1_257,HOBBIES_1,HOBBIES,328,5515.360000000001,289,0.00024027584808410687,0.7900983782252854,A,289,6.716262975778546,0.11250633871620733,Intermittent
FOODS_3_754,FOODS_3,FOODS,908,5513.56,454,0.0002401974313485626,0.7903385756566339,A,454,4.275330396475771,0.5562913907284771,Lumpy
FOODS_3_261,FOODS_3,FOODS,1233,5495.34,704,0.00023940367972544234,0.7905779793363593,A,704,2.757102272727273,0.4505116333224086,Intermittent
FOODS_1_136,FOODS_1,FOODS,1191,5494.01,707,0.00023934573847084577,0.7908173250748302,A,707,2.7454031117397455,0.5843083693847955,Lumpy
HOBBIES_1_130,HOBBIES_1,HOBBIES,2043,5487.84,978,0.00023907694332734128,0.7910564020181575,A,978,1.9846625766871167,0.4619017785157518,Intermittent
FOODS_3_301,FOODS_3,FOODS,2772,5486.16,1336,0.0002390037543741666,0.7912954057725317,A,1336,1.4528443113772456,0.3352104791020426,Intermittent
FOODS_1_027,FOODS_1,FOODS,3005,5485.16,737,0.00023896018952108646,0.7915343659620527,A,737,2.633649932157395,0.7879014388351533,Lumpy
HOUSEHOLD_1_252,HOUSEHOLD_1,HOUSEHOLD,579,5483.13,438,0.00023887175286933378,0.791773237714922,A,438,4.431506849315069,0.2587722318716893,Intermittent
HOUSEHOLD_2_297,HOUSEHOLD_2,HOUSEHOLD,907,5481.51,674,0.00023880117780734396,0.7920120388927294,A,674,2.879821958456973,0.20878385630957122,Intermittent
HOUSEHOLD_1_063,HOUSEHOLD_1,HOUSEHOLD,536,5480.92,284,0.00023877547454402665,0.7922508143672734,A,284,6.834507042253521,0.36347073765710775,Intermittent
FOODS_1_123,FOODS_1,FOODS,1648,5477.16,781,0.0002386116706964453,0.7924894260379699,A,781,2.4852752880921893,0.7602985655548254,Lumpy
FOODS_3_644,FOODS_3,FOODS,3256,5475.88,908,0.00023855590768450272,0.7927279819456544,A,908,2.1376651982378854,0.6605851070850302,Lumpy
HOUSEHOLD_2_178,HOUSEHOLD_2,HOUSEHOLD,785,5471.01,580,0.00023834374685000243,0.7929663256925045,A,580,3.3465517241379312,0.23810780035638202,Intermittent
FOODS_3_759,FOODS_3,FOODS,1926,5467.08,616,0.00023817253697739745,0.7932044982294819,A,616,3.1509740259740258,0.5276231147743814,Lumpy
FOODS_3_497,FOODS_3,FOODS,2199,5465.92,961,0.0002381220017478245,0.7934426202312297,A,961,2.019771071800208,0.4573974469943517,Intermittent
FOODS_3_536,FOODS_3,FOODS,2023,5460.06,1080,0.00023786671170877486,0.7936804869429385,A,1080,1.7972222222222223,0.40614740820143275,Intermittent
HOUSEHOLD_1_540,HOUSEHOLD_1,HOUSEHOLD,3261,5456.759999999999,1081,0.00023772294769361033,0.7939182098906321,A,1081,1.7955596669750231,0.34591282609518426,Intermittent
HOUSEHOLD_2_035,HOUSEHOLD_2,HOUSEHOLD,878,5452.2300000000005,654,0.00023752559890915733,0.7941557354895412,A,654,2.967889908256881,0.22370120727650053,Intermittent
FOODS_3_809,FOODS_3,FOODS,5447,5447.0,1307,0.00023729775472754815,0.7943930332442688,A,1307,1.4850803366488141,0.652122352083026,Lumpy
FOODS_2_037,FOODS_2,FOODS,746,5445.08,556,0.00023721411020963427,0.7946302473544784,A,556,3.491007194244604,0.21525968608172905,Intermittent
HOUSEHOLD_2_439,HOUSEHOLD_2,HOUSEHOLD,972,5441.22,587,0.00023704594987674493,0.7948672933043551,A,587,3.3066439522998294,0.3351362916215182,Intermittent
HOUSEHOLD_2_486,HOUSEHOLD_2,HOUSEHOLD,914,5436.15,669,0.00023682507607162857,0.7951041183804267,A,669,2.901345291479821,0.24002476017469326,Intermittent
FOODS_1_113,FOODS_1,FOODS,5538,5427.24,966,0.00023643691323068449,0.7953405552936574,A,966,2.0093167701863353,0.7803966952243708,Lumpy
HOUSEHOLD_2_341,HOUSEHOLD_2,HOUSEHOLD,1023,5423.96,715,0.0002362940205125816,0.79557684931417,A,715,2.7146853146853145,0.32520072429480534,Intermittent
HOUSEHOLD_1_331,HOUSEHOLD_1,HOUSEHOLD,1116,5422.5199999999995,713,0.00023623128712414618,0.7958130806012942,A,713,2.7223001402524543,0.42378233804965976,Intermittent
FOODS_2_076,FOODS_2,FOODS,535,5417.37,410,0.00023600692813078347,0.7960490875294249,A,410,4.734146341463415,0.19943830842466886,Intermittent
FOODS_2_220,FOODS_2,FOODS,2708,5416.92,1038,0.00023598732394689739,0.7962850748533719,A,1038,1.869942196531792,0.5147635080402221,Lumpy
FOODS_3_062,FOODS_3,FOODS,1895,5405.4,1002,0.0002354854568394141,0.7965205603102112,A,1002,1.937125748502994,0.43212890144504384,Intermittent
HOUSEHOLD_2_457,HOUSEHOLD_2,HOUSEHOLD,835,5402.45,612,0.00023535694052282768,0.796755917250734,A,612,3.1715686274509802,0.2600182545030774,Intermittent
FOODS_3_185,FOODS_3,FOODS,2303,5397.28,800,0.00023513171023240335,0.7969910489609664,A,800,2.42625,0.5647139477775895,Lumpy
HOBBIES_1_109,HOBBIES_1,HOBBIES,885,5395.24,700,0.00023504283793211985,0.7972260917988985,A,700,2.7728571428571427,0.18983997010635809,Intermittent
FOODS_3_182,FOODS_3,FOODS,2706,5393.48,1068,0.00023496616379069878,0.7974610579626892,A,1068,1.8174157303370786,0.5185245887128928,Lumpy
HOUSEHOLD_2_468,HOUSEHOLD_2,HOUSEHOLD,586,5386.94,485,0.00023468124965155465,0.7976957392123407,A,485,4.002061855670103,0.15846485791071357,Intermittent
HOBBIES_1_266,HOBBIES_1,HOBBIES,1151,5382.46,704,0.00023448607910975562,0.7979302252914505,A,704,2.757102272727273,0.3071502825122225,Intermittent
HOBBIES_1_414,HOBBIES_1,HOBBIES,754,5381.23,564,0.00023443249434046702,0.798164657785791,A,564,3.4414893617021276,0.25043523928497297,Intermittent
FOODS_2_225,FOODS_2,FOODS,2145,5378.42,1018,0.00023431007710331182,0.7983989678628943,A,1018,1.9066797642436148,0.4131192860775964,Intermittent
HOUSEHOLD_1_267,HOUSEHOLD_1,HOUSEHOLD,552,5376.4800000000005,291,0.00023422556128833635,0.7986331934241827,A,291,6.670103092783505,0.35736384525128745,Intermittent
FOODS_3_081,FOODS_3,FOODS,1160,5367.4,782,0.0002338299924223686,0.7988670234166051,A,782,2.4820971867007673,0.27773030247205904,Intermittent
HOUSEHOLD_2_335,HOUSEHOLD_2,HOUSEHOLD,858,5353.92,414,0.00023324273820284828,0.7991002661548079,A,414,4.688405797101449,0.34152619929554867,Intermittent
HOBBIES_1_335,HOBBIES_1,HOBBIES,427,5352.64,233,0.0002331869751909057,0.7993334531299988,A,233,8.330472103004292,0.30092570440588523,Intermittent
HOUSEHOLD_1_349,HOUSEHOLD_1,HOUSEHOLD,1814,5347.5199999999995,678,0.00023296392314313532,0.7995664170531419,A,678,2.8628318584070795,0.4214852357213651,Intermittent
FOODS_2_080,FOODS_2,FOODS,2476,5342.280000000001,736,0.00023273564331299543,0.7997991526964549,A,736,2.6372282608695654,0.5126562683450928,Lumpy
HOUSEHOLD_2_025,HOUSEHOLD_2,HOUSEHOLD,984,5333.48,689,0.0002323522726058901,0.8000315049690607,B,689,2.8171262699564585,0.302646522248777,Intermittent
FOODS_1_094,FOODS_1,FOODS,1609,5330.44,925,0.00023221983545252648,0.8002637248045132,B,925,2.0983783783783783,0.6288833332061664,Lumpy
HOUSEHOLD_1_060,HOUSEHOLD_1,HOUSEHOLD,178,5327.66,158,0.00023209872516096367,0.8004958235296742,B,158,12.284810126582279,0.10773908267710525,Intermittent
HOBBIES_1_208,HOBBIES_1,HOBBIES,1644,5326.56,699,0.00023205080382257553,0.8007278743334968,B,699,2.776824034334764,0.422016711699671,Intermittent
HOUSEHOLD_1_176,HOUSEHOLD_1,HOUSEHOLD,1360,5321.76,866,0.00023184169252779083,0.8009597160260246,B,866,2.241339491916859,0.31134568074084407,Intermittent
FOODS_3_002,FOODS_3,FOODS,2125,5314.72,706,0.0002315349959621066,0.8011912510219866,B,706,2.7492917847025495,0.46546516761638346,Intermittent
HOUSEHOLD_1_114,HOUSEHOLD_1,HOUSEHOLD,5476,5311.72,1617,0.00023140430140286618,0.8014226553233895,B,1617,1.2003710575139146,0.5315583053656149,Erratic
FOODS_3_638,FOODS_3,FOODS,3533,5299.5,971,0.0002308719388982268,0.8016535272622878,B,971,1.9989701338825954,0.508044033763966,Lumpy
FOODS_3_532,FOODS_3,FOODS,1778,5296.34,787,0.00023073427396249355,0.8018842615362503,B,787,2.466327827191868,0.3447652537409245,Intermittent
HOUSEHOLD_1_385,HOUSEHOLD_1,HOUSEHOLD,2688,5295.36,932,0.000230691580406475,0.8021149531166567,B,932,2.082618025751073,0.33360269904596285,Intermittent
HOUSEHOLD_2_380,HOUSEHOLD_2,HOUSEHOLD,1029,5286.929999999999,702,0.00023032432869500935,0.8023452774453517,B,702,2.764957264957265,0.328434944589463,Intermittent
HOUSEHOLD_1_077,HOUSEHOLD_1,HOUSEHOLD,819,5279.06,506,0.00022998147330126865,0.8025752589186529,B,506,3.83596837944664,0.33362592548752873,Intermittent
HOUSEHOLD_2_512,HOUSEHOLD_2,HOUSEHOLD,1328,5272.16,779,0.00022968087581501565,0.8028049397944679,B,779,2.491655969191271,0.4989348635599175,Lumpy
HOBBIES_1_033,HOBBIES_1,HOBBIES,328,5271.9800000000005,261,0.00022967303414146123,0.8030346128286093,B,261,7.436781609195402,0.17485943005536994,Intermittent
HOUSEHOLD_1_299,HOUSEHOLD_1,HOUSEHOLD,1054,5271.98,572,0.0002296730341414612,0.8032642858627508,B,572,3.3933566433566433,0.39707699537187613,Intermittent
HOBBIES_1_238,HOBBIES_1,HOBBIES,892,5270.6,682,0.00022961291464421063,0.803493898777395,B,682,2.846041055718475,0.18999686081232844,Intermittent
HOUSEHOLD_1_232,HOUSEHOLD_1,HOUSEHOLD,1303,5269.21,777,0.00022955235949842924,0.8037234511368934,B,777,2.498069498069498,0.28498654387635236,Intermittent
HOUSEHOLD_1_356,HOUSEHOLD_1,HOUSEHOLD,884,5268.64,453,0.00022952752753217356,0.8039529786644255,B,453,4.28476821192053,0.4374303829583912,Intermittent
FOODS_2_339,FOODS_2,FOODS,1496,5265.57,750,0.0002293937834332175,0.8041823724478587,B,750,2.588,0.4033427747811423,Intermittent
FOODS_2_092,FOODS_2,FOODS,1513,5264.99,754,0.000229368515818431,0.8044117409636772,B,754,2.5742705570291777,0.4040119334245295,Intermittent
FOODS_2_297,FOODS_2,FOODS,1504,5257.29,778,0.0002290330664497139,0.8046407740301269,B,778,2.494858611825193,0.40793082317103335,Intermittent
HOUSEHOLD_1_034,HOUSEHOLD_1,HOUSEHOLD,1334,5257.2,941,0.00022902914561293667,0.8048698031757399,B,941,2.0626992561105206,0.2545451667288944,Intermittent
HOUSEHOLD_2_199,HOUSEHOLD_2,HOUSEHOLD,1333,5255.87,921,0.00022897120435834008,0.8050987743800982,B,921,2.1074918566775245,0.24786929021305829,Intermittent
FOODS_3_610,FOODS_3,FOODS,2652,5250.96,1290,0.0002287573009297166,0.805327531681028,B,1290,1.5046511627906978,0.39355050695764004,Intermittent
HOUSEHOLD_1_532,HOUSEHOLD_1,HOUSEHOLD,2116,5247.68,1071,0.0002286144082116137,0.8055561460892396,B,1071,1.8123249299719888,0.3403067941251149,Intermittent
FOODS_3_817,FOODS_3,FOODS,1869,5240.22,1019,0.00022828941440763585,0.8057844355036473,B,1019,1.9048086359175662,0.3892269153763667,Intermittent
HOBBIES_1_369,HOBBIES_1,HOBBIES,5105,5238.24,664,0.00022820315599853712,0.8060126386596459,B,664,2.9231927710843375,1.2579023972395986,Lumpy
HOBBIES_1_001,HOBBIES_1,HOBBIES,633,5235.78,436,0.00022809598645995999,0.8062407346461059,B,436,4.451834862385321,0.28355054969539123,Intermittent
FOODS_1_128,FOODS_1,FOODS,1365,5234.7,765,0.00022804893641863343,0.8064687835825245,B,765,2.537254901960784,0.6205430838651025,Lumpy
FOODS_2_124,FOODS_2,FOODS,1888,5233.259999999999,863,0.000227986203030198,0.8066967697855547,B,863,2.249130938586327,0.5922957956456609,Lumpy
HOUSEHOLD_1_353,HOUSEHOLD_1,HOUSEHOLD,1521,5232.24,954,0.00022794176688005626,0.8069247115524347,B,954,2.0345911949685536,0.3740056306281066,Intermittent
FOODS_3_004,FOODS_3,FOODS,1008,5231.35,529,0.00022790299416081496,0.8071526145465956,B,529,3.669187145557656,0.4409140319901108,Intermittent
HOUSEHOLD_2_472,HOUSEHOLD_2,HOUSEHOLD,726,5228.48,549,0.00022777796303247492,0.8073803925096281,B,549,3.5355191256830603,0.23784871700658627,Intermittent
FOODS_3_013,FOODS_3,FOODS,2029,5217.62,616,0.00022730484872802455,0.8076076973583561,B,616,3.1509740259740258,0.4513887502143364,Intermittent
HOUSEHOLD_1_017,HOUSEHOLD_1,HOUSEHOLD,1052,5217.31,570,0.00022729134362356972,0.8078349887019797,B,570,3.405263157894737,0.4594073744292688,Intermittent
FOODS_3_680,FOODS_3,FOODS,2084,5214.62,912,0.00022717415416878412,0.8080621628561484,B,912,2.1282894736842106,0.35903146354110255,Intermittent
FOODS_3_207,FOODS_3,FOODS,2592,5209.76,758,0.00022696242898281464,0.8082891252851312,B,758,2.5606860158311346,0.9639476914091647,Lumpy
FOODS_3_125,FOODS_3,FOODS,1045,5204.1,349,0.00022671585191438103,0.8085158411370456,B,349,5.56160458452722,0.7153704377636506,Lumpy
HOUSEHOLD_1_262,HOUSEHOLD_1,HOUSEHOLD,5363,5202.11,1040,0.0002266291578567515,0.8087424702949023,B,1040,1.8663461538461539,0.38211553030872253,Intermittent
FOODS_3_557,FOODS_3,FOODS,2072,5192.54,411,0.00022621224221277452,0.8089686825371151,B,411,4.7226277372262775,0.4311106287684235,Intermittent
HOUSEHOLD_1_348,HOUSEHOLD_1,HOUSEHOLD,2679,5187.18,1046,0.00022597873460026497,0.8091946612717154,B,1046,1.855640535372849,0.42387236809616985,Intermittent
FOODS_3_464,FOODS_3,FOODS,1557,5182.56,676,0.0002257774649790347,0.8094204387366943,B,676,2.871301775147929,0.6146097588710289,Lumpy
FOODS_3_144,FOODS_3,FOODS,2715,5181.36,1218,0.0002257251871553385,0.8096461639238497,B,1218,1.5935960591133005,0.5048985209155417,Lumpy
HOBBIES_1_169,HOBBIES_1,HOBBIES,9349,5172.47,1090,0.00022533789561145602,0.8098715018194611,B,1090,1.7807339449541284,1.2693758754215991,Lumpy
HOUSEHOLD_2_011,HOUSEHOLD_2,HOUSEHOLD,919,5170.53,644,0.00022525337979648053,0.8100967551992576,B,644,3.0139751552795033,0.27766275651287003,Intermittent
HOUSEHOLD_1_307,HOUSEHOLD_1,HOUSEHOLD,1793,5163.11,592,0.00022493012858662586,0.8103216853278442,B,592,3.2787162162162162,0.44094685525932553,Intermittent
HOBBIES_1_404,HOBBIES_1,HOBBIES,10938,5162.78,1259,0.0002249157521851094,0.8105466010800293,B,1259,1.5416997617156474,0.7836819602954164,Lumpy
FOODS_3_162,FOODS_3,FOODS,2583,5162.14,1041,0.00022488787067913814,0.8107714889507084,B,1041,1.8645533141210375,0.4366551321637583,Intermittent
HOUSEHOLD_1_085,HOUSEHOLD_1,HOUSEHOLD,312,5161.88,280,0.0002248765438173373,0.8109963654945257,B,280,6.932142857142857,0.09913775836025626,Intermittent
HOUSEHOLD_1_458,HOUSEHOLD_1,HOUSEHOLD,2097,5154.64,1135,0.00022456113428103705,0.8112209266288067,B,1135,1.7101321585903084,0.5054645488425162,Lumpy
FOODS_2_258,FOODS_2,FOODS,1712,5152.34,895,0.0002244609351189527,0.8114453875639257,B,895,2.1687150837988827,0.41001080282013236,Intermittent
HOUSEHOLD_1_374,HOUSEHOLD_1,HOUSEHOLD,1306,5150.320000000001,755,0.00022437293411573084,0.8116697604980414,B,755,2.5708609271523177,0.47376714438615725,Intermittent
HOUSEHOLD_1_105,HOUSEHOLD_1,HOUSEHOLD,1271,5141.77,796,0.0002240004546218956,0.8118937609526633,B,796,2.4384422110552766,0.3165187453398583,Intermittent
HOUSEHOLD_2_477,HOUSEHOLD_2,HOUSEHOLD,870,5134.11,402,0.00022366674784730166,0.8121174277005107,B,402,4.8283582089552235,0.4201811760728975,Intermittent
HOUSEHOLD_2_282,HOUSEHOLD_2,HOUSEHOLD,912,5129.72,541,0.00022347549814227984,0.8123409031986529,B,541,3.587800369685767,0.3079546778282209,Intermittent
HOUSEHOLD_1_270,HOUSEHOLD_1,HOUSEHOLD,515,5128.4800000000005,431,0.00022342147772446048,0.8125643246763774,B,431,4.503480278422273,0.16227678561642475,Intermittent
FOODS_2_142,FOODS_2,FOODS,1285,5117.16,725,0.00022292832358759322,0.812787252999965,B,725,2.677241379310345,0.320719741889267,Intermittent
FOODS_3_303,FOODS_3,FOODS,1713,5104.74,961,0.00022238724811233783,0.8130096402480773,B,961,2.019771071800208,0.37555492836222476,Intermittent
HOUSEHOLD_2_444,HOUSEHOLD_2,HOUSEHOLD,793,5095.21,569,0.00022197207506248406,0.8132316123231398,B,569,3.4112478031634446,0.22100098191914613,Intermittent
FOODS_3_813,FOODS_3,FOODS,1130,5095.12,440,0.00022196815422570682,0.8134535804773655,B,440,4.411363636363636,0.3971591933838909,Intermittent
HOUSEHOLD_1_117,HOUSEHOLD_1,HOUSEHOLD,612,5093.78,458,0.00022190977732257944,0.8136754902546881,B,458,4.237991266375546,0.2625237277588629,Intermittent
HOUSEHOLD_2_353,HOUSEHOLD_2,HOUSEHOLD,1088,5091.57,702,0.0002218134989972723,0.8138973037536854,B,702,2.764957264957265,0.28135342676552044,Intermittent
FOODS_2_035,FOODS_2,FOODS,1005,5084.88,482,0.00022152205013016614,0.8141188258038156,B,482,4.026970954356846,0.3019943321836841,Intermittent
FOODS_2_370,FOODS_2,FOODS,1016,5083.16,554,0.0002214471185828683,0.8143402729223984,B,554,3.503610108303249,0.4305154632009081,Intermittent
HOUSEHOLD_2_084,HOUSEHOLD_2,HOUSEHOLD,1300,5081.5,843,0.00022137480092675527,0.8145616477233252,B,843,2.302491103202847,0.3102603508130828,Intermittent
FOODS_2_308,FOODS_2,FOODS,1822,5078.7,879,0.00022125281933813086,0.8147829005426633,B,879,2.2081911262798637,0.47061749316705703,Intermittent
FOODS_3_117,FOODS_3,FOODS,2349,5077.51,789,0.0002212009771629655,0.8150041015198263,B,789,2.4600760456273765,0.504769937054957,Lumpy
FOODS_2_166,FOODS_2,FOODS,2353,5075.42,779,0.00022110992662002798,0.8152252114464463,B,779,2.491655969191271,0.5141682142386916,Lumpy
FOODS_3_763,FOODS_3,FOODS,1412,5068.86,654,0.00022082414118382223,0.8154460355876302,B,654,2.967889908256881,0.5057569172850476,Lumpy
FOODS_3_045,FOODS_3,FOODS,1271,5058.58,802,0.00022037629449415835,0.8156664118821243,B,802,2.420199501246883,0.28568821265219857,Intermittent
HOUSEHOLD_1_395,HOUSEHOLD_1,HOUSEHOLD,1038,5043.6,620,0.0002197236929950178,0.8158861355751194,B,620,3.1306451612903228,0.4473675114752375,Intermittent
HOUSEHOLD_1_158,HOUSEHOLD_1,HOUSEHOLD,1414,5039.070000000001,851,0.00021952634421056475,0.8161056619193299,B,851,2.280846063454759,0.3684030330100872,Intermittent
HOBBIES_1_251,HOBBIES_1,HOBBIES,318,5033.94,248,0.00021930285651426356,0.8163249647758442,B,248,7.826612903225806,0.23205790397711115,Intermittent
HOUSEHOLD_2_050,HOUSEHOLD_2,HOUSEHOLD,688,5033.25,537,0.0002192727967656383,0.8165442375726097,B,537,3.6145251396648046,0.19156227707040113,Intermittent
FOODS_2_387,FOODS_2,FOODS,388,5032.360000000001,274,0.000219234024046397,0.8167634715966562,B,274,7.083941605839416,0.3408123388992766,Intermittent
HOUSEHOLD_1_515,HOUSEHOLD_1,HOUSEHOLD,2037,5031.39,903,0.0002191917661389092,0.8169826633627951,B,903,2.1495016611295683,0.8256870161818451,Lumpy
HOUSEHOLD_2_259,HOUSEHOLD_2,HOUSEHOLD,644,5027.48,510,0.00021902142756336583,0.8172016847903585,B,510,3.8058823529411763,0.21289960753503037,Intermittent
HOUSEHOLD_2_233,HOUSEHOLD_2,HOUSEHOLD,427,5026.51,373,0.0002189791696558781,0.8174206639600143,B,373,5.2037533512064345,0.13165406950462988,Intermittent
FOODS_1_186,FOODS_1,FOODS,840,5023.200000000001,590,0.00021883496999218285,0.8176394989300065,B,590,3.2898305084745765,0.29321238965308843,Intermittent
FOODS_3_671,FOODS_3,FOODS,2440,5020.8,1243,0.00021873041434479048,0.8178582293443514,B,1243,1.5615446500402252,0.37491731764832126,Intermittent
HOUSEHOLD_2_240,HOUSEHOLD_2,HOUSEHOLD,1010,5019.7,550,0.00021868249300640232,0.8180769118373578,B,550,3.5290909090909093,0.45873033984132067,Intermittent
FOODS_2_245,FOODS_2,FOODS,1693,5008.42,914,0.0002181910814636583,0.8182951029188215,B,914,2.12363238512035,0.4402414342390433,Intermittent
FOODS_1_181,FOODS_1,FOODS,3785,5007.099999999999,1088,0.00021813357585759248,0.818513236494679,B,1088,1.7840073529411764,0.512908928992191,Lumpy
FOODS_2_182,FOODS_2,FOODS,2501,5002.72,1030,0.00021794276180110147,0.8187311792564801,B,1030,1.8844660194174758,0.46814252206108203,Intermittent
FOODS_1_133,FOODS_1,FOODS,1670,4997.84,672,0.00021773016531807037,0.8189489094217982,B,672,2.888392857142857,0.9063406535136446,Lumpy
HOUSEHOLD_1_533,HOUSEHOLD_1,HOUSEHOLD,1010,4995.7,594,0.00021763693653247885,0.8191665463583306,B,594,3.2676767676767677,0.3246873822673536,Intermittent
FOODS_3_821,FOODS_3,FOODS,1003,4994.9400000000005,585,0.00021760382724413796,0.8193841501855748,B,585,3.317948717948718,0.33629352726316875,Intermittent
FOODS_3_071,FOODS_3,FOODS,3725,4991.5,826,0.00021745396414954223,0.8196016041497243,B,826,2.3498789346246975,0.3685978050565565,Intermittent
HOUSEHOLD_1_073,HOUSEHOLD_1,HOUSEHOLD,591,4986.9800000000005,494,0.00021725705101362,0.8198188612007379,B,494,3.92914979757085,0.14448870749742387,Intermittent
HOUSEHOLD_2_070,HOUSEHOLD_2,HOUSEHOLD,1682,4984.71,892,0.00021715815879712807,0.820036019359535,B,892,2.1760089686098656,0.3233274631903091,Intermittent
FOODS_3_523,FOODS_3,FOODS,2516,4981.68,700,0.00021702615729229523,0.8202530455168272,B,700,2.7728571428571427,0.4328511151995614,Intermittent
HOUSEHOLD_1_008,HOUSEHOLD_1,HOUSEHOLD,923,4980.7,629,0.00021698346373627667,0.8204700289805635,B,629,3.0858505564387917,0.3169363460232133,Intermittent
FOODS_3_321,FOODS_3,FOODS,3513,4979.41,1033,0.00021692726507580327,0.8206869562456394,B,1033,1.8789932236205227,0.6009104185405593,Lumpy
HOBBIES_1_282,HOBBIES_1,HOBBIES,1199,4975.3,739,0.0002167482135296439,0.820903704459169,B,739,2.6265223274695533,0.3333849550156456,Intermittent
FOODS_2_161,FOODS_2,FOODS,694,4975.18,555,0.0002167429857472743,0.8211204474449163,B,555,3.497297297297297,0.18722952633192752,Intermittent
FOODS_2_329,FOODS_2,FOODS,1399,4970.7,872,0.0002165478152054752,0.8213369952601218,B,872,2.2259174311926606,0.3410034948740923,Intermittent
HOUSEHOLD_1_078,HOUSEHOLD_1,HOUSEHOLD,1750,4970.0,980,0.00021651731980831912,0.8215535125799301,B,980,1.9806122448979593,0.34307007150153296,Intermittent
FOODS_2_085,FOODS_2,FOODS,1440,4969.82,744,0.0002165094781347647,0.8217700220580649,B,744,2.6088709677419355,0.40774712128009544,Intermittent
HOUSEHOLD_1_101,HOUSEHOLD_1,HOUSEHOLD,2097,4961.9400000000005,1109,0.0002161661870924932,0.8219861882451575,B,1109,1.7502254283137961,0.33920361076950656,Intermittent
HOUSEHOLD_2_395,HOUSEHOLD_2,HOUSEHOLD,1352,4961.84,832,0.00021616183060718514,0.8222023500757646,B,832,2.3329326923076925,0.5081209635500108,Lumpy
FOODS_3_155,FOODS_3,FOODS,2490,4960.4,987,0.0002160990972187497,0.8224184491729833,B,987,1.966565349544073,0.5574525870534114,Lumpy
FOODS_2_397,FOODS_2,FOODS,1626,4958.19,791,0.0002160028188934426,0.8226344519918768,B,791,2.4538558786346396,0.4456122130701435,Intermittent
HOUSEHOLD_1_420,HOUSEHOLD_1,HOUSEHOLD,768,4941.48,454,0.0002152748501984734,0.8228497268420752,B,454,4.275330396475771,0.37092062992472996,Intermittent
HOUSEHOLD_2_029,HOUSEHOLD_2,HOUSEHOLD,475,4940.3,369,0.00021522344367183883,0.8230649502857471,B,369,5.260162601626016,0.19605041551246533,Intermittent
HOUSEHOLD_1_233,HOUSEHOLD_1,HOUSEHOLD,438,4935.51,295,0.00021501476802558494,0.8232799650537727,B,295,6.579661016949153,0.2587219391832961,Intermittent
HOUSEHOLD_2_292,HOUSEHOLD_2,HOUSEHOLD,426,4932.22,362,0.00021487143965895128,0.8234948364934316,B,362,5.361878453038674,0.13738938121988795,Intermittent
HOUSEHOLD_1_406,HOUSEHOLD_1,HOUSEHOLD,998,4932.16,631,0.00021486882576776645,0.8237097053191993,B,631,3.076069730586371,0.29667580540729643,Intermittent
FOODS_3_331,FOODS_3,FOODS,3226,4928.58,1401,0.00021471286359373953,0.823924418182793,B,1401,1.385438972162741,0.3895558892540311,Intermittent
HOUSEHOLD_2_226,HOUSEHOLD_2,HOUSEHOLD,707,4927.79,536,0.00021467844735980623,0.8241390966301528,B,536,3.621268656716418,0.21104736247169087,Intermittent
FOODS_1_208,FOODS_1,FOODS,2681,4924.28,1104,0.0002145255347254949,0.8243536221648783,B,1104,1.7581521739130435,0.6023818682014282,Lumpy
HOUSEHOLD_2_261,HOUSEHOLD_2,HOUSEHOLD,694,4917.86,500,0.00021424584836872036,0.824567868013247,B,500,3.882,0.23792487765188927,Intermittent
HOUSEHOLD_1_145,HOUSEHOLD_1,HOUSEHOLD,2410,4917.14,819,0.0002142144816745027,0.8247820824949215,B,819,2.36996336996337,0.4693328914357817,Intermittent
HOUSEHOLD_1_182,HOUSEHOLD_1,HOUSEHOLD,1204,4915.88,773,0.0002141595899596217,0.8249962420848811,B,773,2.5109961190168177,0.30150703337236856,Intermittent
HOUSEHOLD_2_220,HOUSEHOLD_2,HOUSEHOLD,692,4907.25,521,0.00021378362527754005,0.8252100257101587,B,521,3.72552783109405,0.2582138786152867,Intermittent
FOODS_3_135,FOODS_3,FOODS,3315,4906.2,606,0.00021373788218180588,0.8254237635923405,B,606,3.202970297029703,0.29169979632002013,Intermittent
HOBBIES_1_012,HOBBIES_1,HOBBIES,761,4905.719999999999,605,0.00021371697105232739,0.8256374805633928,B,605,3.2082644628099173,0.16091288314760577,Intermittent
HOUSEHOLD_2_255,HOUSEHOLD_2,HOUSEHOLD,492,4905.240000000001,413,0.000213696059922849,0.8258511766233156,B,413,4.699757869249395,0.143474834064585,Intermittent
FOODS_2_058,FOODS_2,FOODS,1003,4903.23,649,0.00021360849456815784,0.8260647851178838,B,649,2.99075500770416,0.3404459823144945,Intermittent
FOODS_1_016,FOODS_1,FOODS,2400,4898.66,1126,0.0002134094031895816,0.8262781945210734,B,1126,1.7238010657193605,0.555389769135802,Lumpy
HOUSEHOLD_2_198,HOUSEHOLD_2,HOUSEHOLD,624,4892.84,475,0.00021315585574465518,0.8264913503768181,B,475,4.086315789473685,0.203249845430499,Intermittent
FOODS_3_456,FOODS_3,FOODS,1234,4891.82,702,0.00021311141959451342,0.8267044617964125,B,702,2.764957264957265,0.32816540925425947,Intermittent
HOUSEHOLD_2_241,HOUSEHOLD_2,HOUSEHOLD,983,4891.1,593,0.00021308005290029573,0.8269175418493129,B,593,3.27318718381113,0.287388449312056,Intermittent
FOODS_1_115,FOODS_1,FOODS,1366,4890.28,569,0.00021304432972077,0.8271305861790337,B,569,3.4112478031634446,0.5268332565485666,Lumpy
FOODS_3_395,FOODS_3,FOODS,1239,4882.62,812,0.00021271062294617608,0.8273432968019798,B,812,2.3903940886699506,0.2576279372896979,Intermittent
HOUSEHOLD_1_254,HOUSEHOLD_1,HOUSEHOLD,5012,4878.95,910,0.00021255073993537194,0.8275558475419152,B,910,2.132967032967033,0.6724196264075707,Lumpy
FOODS_3_177,FOODS_3,FOODS,1739,4873.32,936,0.00021230546981253074,0.8277681530117278,B,936,2.073717948717949,0.33528098208488705,Intermittent
HOUSEHOLD_1_471,HOUSEHOLD_1,HOUSEHOLD,1949,4868.88,875,0.0002121120418648549,0.8279802650535927,B,875,2.2182857142857144,0.3767596573011963,Intermittent
HOBBIES_1_104,HOBBIES_1,HOBBIES,203,4867.9400000000005,181,0.0002120710909029596,0.8281923361444956,B,181,10.723756906077348,0.08535594975207687,Intermittent
HOBBIES_1_211,HOBBIES_1,HOBBIES,1010,4855.34,403,0.00021152217375414975,0.8284038583182498,B,403,4.816377171215881,0.5816806078420762,Lumpy
HOUSEHOLD_1_489,HOUSEHOLD_1,HOUSEHOLD,486,4845.42,253,0.0002110900104115947,0.8286149483286614,B,253,7.67193675889328,0.32521981340758954,Intermittent
FOODS_3_415,FOODS_3,FOODS,1955,4833.62,886,0.000210575945145249,0.8288255242738067,B,886,2.190744920993228,0.4881031857539062,Intermittent
FOODS_3_729,FOODS_3,FOODS,1213,4827.74,748,0.00021031978380913773,0.8290358440576159,B,748,2.5949197860962565,0.2952133050843265,Intermittent
HOUSEHOLD_2_155,HOUSEHOLD_2,HOUSEHOLD,733,4824.41,574,0.00021017471284838087,0.8292460187704642,B,574,3.3815331010452963,0.22148288467943134,Intermittent
FOODS_2_043,FOODS_2,FOODS,1712,4822.5599999999995,824,0.00021009411787018258,0.8294561128883344,B,824,2.3555825242718447,0.4135018663252436,Intermittent
FOODS_3_326,FOODS_3,FOODS,3706,4807.43,1017,0.00020943498164308002,0.8296655478699775,B,1017,1.9085545722713864,1.173409867601876,Lumpy
HOBBIES_1_117,HOBBIES_1,HOBBIES,394,4807.14,349,0.00020942234783568678,0.8298749702178132,B,349,5.56160458452722,0.09739571902832124,Intermittent
HOUSEHOLD_1_147,HOUSEHOLD_1,HOUSEHOLD,4091,4806.099999999999,1481,0.0002093770403884834,0.8300843472582017,B,1481,1.310600945307225,0.43551967493918214,Smooth
HOUSEHOLD_1_451,HOUSEHOLD_1,HOUSEHOLD,686,4801.780000000001,474,0.0002091888402231772,0.8302935360984248,B,474,4.094936708860759,0.2757391881469473,Intermittent
HOBBIES_1_261,HOBBIES_1,HOBBIES,10249,4801.64,1214,0.000209182741143746,0.8305027188395686,B,1214,1.598846787479407,0.856516047426638,Lumpy
HOBBIES_1_049,HOBBIES_1,HOBBIES,601,4799.88,473,0.0002091060670023249,0.8307118249065709,B,473,4.103594080338266,0.1828833718058948,Intermittent
HOUSEHOLD_2_055,HOUSEHOLD_2,HOUSEHOLD,534,4789.9800000000005,433,0.0002086747749568315,0.8309204996815277,B,433,4.482678983833718,0.15743551093280717,Intermittent
HOUSEHOLD_2_111,HOUSEHOLD_2,HOUSEHOLD,742,4778.7,397,0.00020818336341408745,0.8311286830449418,B,397,4.889168765743073,0.6659271495257866,Lumpy
HOBBIES_1_286,HOBBIES_1,HOBBIES,6777,4775.7,1400,0.00020805266885484702,0.8313367357137966,B,1400,1.3864285714285713,1.0744123153894292,Lumpy
FOODS_1_003,FOODS_1,FOODS,1612,4771.71,913,0.00020787884509105724,0.8315446145588877,B,913,2.1259583789704273,0.3896670808054663,Intermittent
FOODS_3_766,FOODS_3,FOODS,1698,4769.9400000000005,999,0.0002078017353011054,0.8317524162941888,B,999,1.942942942942943,0.37940811888857795,Intermittent
HOBBIES_1_360,HOBBIES_1,HOBBIES,323,4766.12,278,0.00020763531756233923,0.8319600516117511,B,278,6.982014388489208,0.14365046868361073,Intermittent
FOODS_1_129,FOODS_1,FOODS,809,4763.02,513,0.0002075002665177908,0.832167551878269,B,513,3.783625730994152,0.4077646603281837,Intermittent
FOODS_2_106,FOODS_2,FOODS,900,4761.92,608,0.00020745234517940262,0.8323750042234483,B,608,3.192434210526316,0.2599633738076353,Intermittent
FOODS_3_131,FOODS_3,FOODS,4749,4749.0,1271,0.00020688948727760716,0.832581893710726,B,1271,1.5271439811172305,0.5258052373648415,Lumpy
HOUSEHOLD_2_237,HOUSEHOLD_2,HOUSEHOLD,799,4746.06,484,0.00020676140660955155,0.8327886551173356,B,484,4.010330578512397,0.41479590427147806,Intermittent
FOODS_2_012,FOODS_2,FOODS,1524,4745.94,810,0.0002067561788271819,0.8329954112961627,B,810,2.3962962962962964,0.464629044214825,Intermittent
FOODS_2_079,FOODS_2,FOODS,1251,4742.78,867,0.00020661851389144865,0.8332020298100542,B,867,2.2387543252595155,0.23623142458336308,Intermittent
HOBBIES_1_077,HOBBIES_1,HOBBIES,484,4739.64,365,0.00020648172025277702,0.8334085115303069,B,365,5.317808219178082,0.1971797924089433,Intermittent
HOUSEHOLD_1_168,HOUSEHOLD_1,HOUSEHOLD,1602,4730.13,922,0.00020606741849998482,0.8336145789488069,B,922,2.1052060737527114,0.36845235353422623,Intermittent
FOODS_2_340,FOODS_2,FOODS,1583,4727.84,788,0.0002059676549864313,0.8338205466037933,B,788,2.463197969543147,0.4234655432702121,Intermittent
FOODS_3_519,FOODS_3,FOODS,4727,4727.0,688,0.00020593106050984398,0.8340264776643032,B,688,2.821220930232558,1.1739477660920967,Lumpy
FOODS_3_214,FOODS_3,FOODS,4595,4723.76,1046,0.0002057899103858643,0.834232267574689,B,1046,1.855640535372849,0.7397284403506732,Lumpy
FOODS_2_066,FOODS_2,FOODS,816,4721.08,617,0.00020567315657960952,0.8344379407312686,B,617,3.145867098865478,0.23650343395490997,Intermittent
HOUSEHOLD_2_269,HOUSEHOLD_2,HOUSEHOLD,458,4719.26,385,0.00020559386854700367,0.8346435345998157,B,385,5.041558441558442,0.17510824664861474,Intermittent
HOUSEHOLD_2_295,HOUSEHOLD_2,HOUSEHOLD,790,4716.3,601,0.00020546491658188644,0.8348489995163976,B,601,3.2296173044925123,0.22915231533408123,Intermittent
HOUSEHOLD_1_452,HOUSEHOLD_1,HOUSEHOLD,1400,4708.0,802,0.00020510332830132123,0.8350541028446989,B,802,2.420199501246883,0.40564252337639206,Intermittent
HOUSEHOLD_1_257,HOUSEHOLD_1,HOUSEHOLD,904,4702.17,581,0.00020484934520786398,0.8352589521899068,B,581,3.3407917383820998,0.3642296697483933,Intermittent
HOUSEHOLD_1_280,HOUSEHOLD_1,HOUSEHOLD,946,4701.62,664,0.0002048253845386699,0.8354637775744455,B,664,2.9231927710843375,0.2602554465420069,Intermittent
HOUSEHOLD_2_479,HOUSEHOLD_2,HOUSEHOLD,803,4691.25,537,0.0002043736170122288,0.8356681511914577,B,537,3.6145251396648046,0.3339422760455055,Intermittent
HOUSEHOLD_2_217,HOUSEHOLD_2,HOUSEHOLD,1633,4686.71,792,0.00020417583257924493,0.8358723270240369,B,792,2.4507575757575757,0.556672838497089,Lumpy
HOUSEHOLD_2_214,HOUSEHOLD_2,HOUSEHOLD,675,4684.5,529,0.00020407955425393783,0.8360764065782909,B,529,3.669187145557656,0.18577559961757473,Intermittent
FOODS_3_046,FOODS_3,FOODS,2362,4676.76,868,0.00020374236229109751,0.836280148940582,B,868,2.236175115207373,0.5022581376190883,Lumpy
HOBBIES_1_022,HOBBIES_1,HOBBIES,657,4674.46,521,0.00020364216312901317,0.836483791103711,B,521,3.72552783109405,0.18200155325632267,Intermittent
FOODS_3_179,FOODS_3,FOODS,1086,4673.28,731,0.0002035907566023786,0.8366873818603133,B,731,2.6552667578659372,0.33428580136468256,Intermittent
FOODS_3_248,FOODS_3,FOODS,2360,4672.8,1230,0.00020356984547290012,0.8368909517057862,B,1230,1.578048780487805,0.3637724808088734,Intermittent
HOUSEHOLD_2_467,HOUSEHOLD_2,HOUSEHOLD,1177,4672.6900000000005,733,0.00020356505333906134,0.8370945167591253,B,733,2.6480218281036834,0.35555162180073896,Intermittent
HOUSEHOLD_1_155,HOUSEHOLD_1,HOUSEHOLD,1345,4667.150000000001,863,0.00020332370405299734,0.8372978404631782,B,863,2.249130938586327,0.30031620589099034,Intermittent
FOODS_2_335,FOODS_2,FOODS,1245,4653.37,730,0.00020272338037755292,0.8375005638435558,B,730,2.658904109589041,0.4195776832574206,Intermittent
HOUSEHOLD_1_178,HOUSEHOLD_1,HOUSEHOLD,1053,4648.69,755,0.0002025194968651378,0.8377030833404209,B,755,2.5708609271523177,0.34116519837079107,Intermittent
FOODS_1_196,FOODS_1,FOODS,2341,4636.01,1018,0.00020196709452808162,0.837905050434949,B,1018,1.9066797642436148,0.5759700397996711,Lumpy
FOODS_2_087,FOODS_2,FOODS,456,4635.6900000000005,343,0.00020195315377509598,0.8381070035887241,B,343,5.658892128279883,0.3040277294048192,Intermittent
HOUSEHOLD_2_039,HOUSEHOLD_2,HOUSEHOLD,478,4635.51,378,0.00020194531210154153,0.8383089489008256,B,378,5.134920634920635,0.19166266110049687,Intermittent
FOODS_2_140,FOODS_2,FOODS,438,4633.24,244,0.0002018464198850496,0.8385107953207107,B,244,7.954918032786885,0.3291779509122764,Intermittent
HOUSEHOLD_2_320,HOUSEHOLD_2,HOUSEHOLD,541,4623.77,411,0.00020143386072638065,0.8387122291814371,B,411,4.7226277372262775,0.25743839480276565,Intermittent
HOBBIES_1_312,HOBBIES_1,HOBBIES,8227,4621.71,1181,0.00020134411712903553,0.8389135732985661,B,1181,1.6435224386113463,1.3486933297053738,Lumpy
FOODS_1_185,FOODS_1,FOODS,2125,4620.32,1025,0.0002012835619832541,0.8391148568605493,B,1025,1.8936585365853658,0.5279282006920416,Lumpy
FOODS_2_034,FOODS_2,FOODS,1813,4619.43,837,0.00020124478926401282,0.8393161016498133,B,837,2.3189964157706093,0.47213957040025256,Intermittent
FOODS_2_099,FOODS_2,FOODS,2353,4613.39,997,0.00020098165755140875,0.8395170833073647,B,997,1.946840521564694,0.4289582523313327,Intermittent
HOUSEHOLD_2_459,HOUSEHOLD_2,HOUSEHOLD,243,4612.22,195,0.00020093068667330498,0.839718013994038,B,195,9.953846153846154,0.23960705009451355,Intermittent
FOODS_1_062,FOODS_1,FOODS,1156,4606.97,694,0.00020070197119463422,0.8399187159652326,B,694,2.7968299711815563,0.4235758215356161,Intermittent
HOBBIES_1_209,HOBBIES_1,HOBBIES,6524,4597.44,1398,0.0002002867981447804,0.8401190027633774,B,1398,1.388412017167382,0.9106321125443726,Lumpy
FOODS_1_199,FOODS_1,FOODS,856,4592.85,423,0.00020008683546914258,0.8403190895988465,B,423,4.588652482269503,0.3817764201761861,Intermittent
HOUSEHOLD_1_074,HOUSEHOLD_1,HOUSEHOLD,920,4592.38,651,0.0002000663599881949,0.8405191559588346,B,651,2.9815668202764978,0.2818199541951435,Intermittent
HOUSEHOLD_2_473,HOUSEHOLD_2,HOUSEHOLD,589,4591.5199999999995,432,0.00020002889421454593,0.8407191848530492,B,432,4.493055555555555,0.28699754594864824,Intermittent
HOUSEHOLD_2_189,HOUSEHOLD_2,HOUSEHOLD,317,4590.16,276,0.00019996964601435695,0.8409191544990635,B,276,7.032608695652174,0.10725602711830064,Intermittent
HOBBIES_1_146,HOBBIES_1,HOBBIES,981,4587.74,656,0.00019986421906990302,0.8411190187181334,B,656,2.9588414634146343,0.36318574679697363,Intermittent
FOODS_1_214,FOODS_1,FOODS,1550,4587.5,939,0.0001998537635051638,0.8413188724816386,B,939,2.0670926517571884,0.3487793454313095,Intermittent
FOODS_3_716,FOODS_3,FOODS,3544,4580.66,1197,0.0001995557799100956,0.8415184282615487,B,1197,1.6215538847117794,0.4480273690837119,Intermittent
HOUSEHOLD_2_461,HOUSEHOLD_2,HOUSEHOLD,459,4576.2300000000005,366,0.00019936278761095057,0.8417177910491596,B,366,5.30327868852459,0.18006679318398194,Intermittent
FOODS_2_070,FOODS_2,FOODS,782,4573.95,377,0.0001992634597459278,0.8419170545089055,B,377,5.1485411140583555,0.39679166747269834,Intermittent
HOBBIES_1_397,HOBBIES_1,HOBBIES,1111,4562.0599999999995,585,0.0001987454736428049,0.8421157999825484,B,585,3.317948717948718,0.4258799660837323,Intermittent
HOBBIES_1_097,HOBBIES_1,HOBBIES,1101,4561.46,827,0.00019871933473095683,0.8423145193172793,B,827,2.347037484885127,0.20984769918440205,Intermittent
FOODS_2_088,FOODS_2,FOODS,650,4560.83,456,0.00019869188887351632,0.8425132112061529,B,456,4.256578947368421,0.3520430301059889,Intermittent
HOUSEHOLD_1_246,HOUSEHOLD_1,HOUSEHOLD,1144,4553.12,366,0.0001983560038562684,0.8427115672100092,B,366,5.30327868852459,0.3292806460710475,Intermittent
FOODS_3_776,FOODS_3,FOODS,1526,4547.48,606,0.00019811029808489638,0.8429096775080941,B,606,3.202970297029703,0.7010033793685959,Lumpy
FOODS_2_392,FOODS_2,FOODS,913,4546.740000000001,671,0.00019807806009361712,0.8431077555681877,B,671,2.892697466467958,0.6664810654233556,Lumpy
HOUSEHOLD_2_501,HOUSEHOLD_2,HOUSEHOLD,551,4542.97,422,0.00019791382059750496,0.8433056693887853,B,422,4.599526066350711,0.20281524801965167,Intermittent
FOODS_2_237,FOODS_2,FOODS,1813,4541.01,910,0.00019782843348546786,0.8435034978222707,B,910,2.132967032967033,0.3866168134679935,Intermittent
HOUSEHOLD_1_315,HOUSEHOLD_1,HOUSEHOLD,479,4540.92,376,0.00019782451264869065,0.8437013223349195,B,376,5.162234042553192,0.19517915862175184,Intermittent
HOUSEHOLD_1_333,HOUSEHOLD_1,HOUSEHOLD,1571,4538.14,992,0.00019770340235712787,0.8438990257372766,B,992,1.9566532258064515,0.27321375158110967,Intermittent
FOODS_2_072,FOODS_2,FOODS,1624,4537.79,731,0.00019768815465854978,0.8440967138919352,B,731,2.6552667578659372,0.5906518500580241,Lumpy
HOUSEHOLD_2_107,HOUSEHOLD_2,HOUSEHOLD,379,4536.63,334,0.00019763761942897683,0.8442943515113641,B,334,5.811377245508982,0.12812568905884886,Intermittent
FOODS_2_243,FOODS_2,FOODS,603,4534.16,442,0.00019753001424186885,0.844491881525606,B,442,4.391402714932127,0.2124252990627113,Intermittent
HOUSEHOLD_2_163,HOUSEHOLD_2,HOUSEHOLD,567,4533.24,411,0.0001974899345770351,0.844689371460183,B,411,4.7226277372262775,0.29576548877103787,Intermittent
HOUSEHOLD_1_475,HOUSEHOLD_1,HOUSEHOLD,1707,4532.39,962,0.000197452904451917,0.8448868243646349,B,962,2.0176715176715176,0.4144526212165736,Intermittent
FOODS_2_196,FOODS_2,FOODS,1208,4531.82,755,0.0001974280724856613,0.8450842524371206,B,755,2.5708609271523177,0.3321866710875328,Intermittent
HOUSEHOLD_1_226,HOUSEHOLD_1,HOUSEHOLD,1527,4529.16,653,0.00019731218997646815,0.845281564627097,B,653,2.972434915773354,0.3119504500921611,Intermittent
FOODS_3_186,FOODS_3,FOODS,1984,4523.5199999999995,816,0.0001970664842050961,0.8454786311113022,B,816,2.3786764705882355,0.5002472181967916,Lumpy
HOUSEHOLD_1_372,HOUSEHOLD_1,HOUSEHOLD,2295,4521.15,1191,0.00019696323550329618,0.8456755943468055,B,1191,1.6297229219143576,0.4007214951083599,Intermittent
FOODS_2_127,FOODS_2,FOODS,626,4515.22,476,0.00019670489592453093,0.84587229924273,B,476,4.0777310924369745,0.22729415481051773,Intermittent
FOODS_1_073,FOODS_1,FOODS,2278,4503.4,1095,0.0001961899593611236,0.8460684892020911,B,1095,1.7726027397260273,0.4348551379866719,Intermittent
FOODS_1_082,FOODS_1,FOODS,4583,4491.34,745,0.00019566456723297708,0.8462641537693241,B,745,2.6053691275167785,0.5576165900688951,Lumpy
HOUSEHOLD_2_328,HOUSEHOLD_2,HOUSEHOLD,631,4488.57,487,0.00019554389258994505,0.846459697661914,B,487,3.9856262833675564,0.20519781051408537,Intermittent
FOODS_2_351,FOODS_2,FOODS,1502,4486.97,853,0.00019547418882501685,0.846655171850739,B,853,2.275498241500586,0.34190731590035744,Intermittent
HOUSEHOLD_2_408,HOUSEHOLD_2,HOUSEHOLD,615,4486.88,469,0.00019547026798823964,0.8468506421187273,B,469,4.138592750533049,0.22684629564661285,Intermittent
HOBBIES_1_043,HOBBIES_1,HOBBIES,6336,4480.94,1248,0.00019521149276094355,0.8470458536114882,B,1248,1.5552884615384615,1.2205554119602358,Lumpy
FOODS_1_175,FOODS_1,FOODS,1507,4480.46,795,0.00019519058163146508,0.8472410441931196,B,795,2.4415094339622643,0.4277265138429528,Intermittent
HOBBIES_1_233,HOBBIES_1,HOBBIES,6352,4476.12,1297,0.00019500151016909727,0.8474360457032887,B,1297,1.4965304548959137,0.9490651639549849,Lumpy
HOUSEHOLD_2_345,HOUSEHOLD_2,HOUSEHOLD,765,4467.599999999999,594,0.00019463033762085442,0.8476306760409096,B,594,3.2676767676767677,0.21734398431528146,Intermittent
HOUSEHOLD_2_315,HOUSEHOLD_2,HOUSEHOLD,582,4457.54,468,0.00019419207519886817,0.8478248681161085,B,468,4.147435897435898,0.18585786127137352,Intermittent
FOODS_2_264,FOODS_2,FOODS,1180,4453.65,593,0.0001940226079203864,0.8480188907240288,B,593,3.27318718381113,0.3779441509701311,Intermittent
FOODS_1_184,FOODS_1,FOODS,4452,4452.0,1277,0.00019395072591280418,0.8482128414499416,B,1277,1.5199686765857479,0.9412060707970619,Lumpy
HOBBIES_1_288,HOBBIES_1,HOBBIES,7958,4451.139999999999,1140,0.00019391326013915524,0.8484067547100808,B,1140,1.7026315789473685,1.1709053997720462,Lumpy
FOODS_3_801,FOODS_3,FOODS,4449,4449.0,1188,0.00019382003135356375,0.8486005747414344,B,1188,1.6338383838383839,0.7595077505869118,Lumpy
HOUSEHOLD_2_033,HOUSEHOLD_2,HOUSEHOLD,638,4446.86,490,0.00019372680256797223,0.8487943015440024,B,490,3.9612244897959186,0.30313138594584543,Intermittent
HOUSEHOLD_2_131,HOUSEHOLD_2,HOUSEHOLD,362,4437.54,302,0.0001933207781372653,0.8489876223221396,B,302,6.427152317880795,0.17591291647014456,Intermittent
FOODS_2_314,FOODS_2,FOODS,903,4427.92,604,0.0001929016842506343,0.8491805240063903,B,604,3.2135761589403975,0.3227419693278606,Intermittent
FOODS_3_106,FOODS_3,FOODS,4427,4427.0,799,0.00019286160458580057,0.8493733856109761,B,799,2.4292866082603255,0.6401546825854638,Lumpy
FOODS_1_108,FOODS_1,FOODS,1770,4425.0,926,0.00019277447487964027,0.8495661600858557,B,926,2.0961123110151187,0.5576797140720153,Lumpy
HOBBIES_1_388,HOBBIES_1,HOBBIES,1505,4423.2,878,0.000192696058144096,0.8497588561439998,B,878,2.210706150341686,0.38234958479532255,Intermittent
HOUSEHOLD_1_023,HOUSEHOLD_1,HOUSEHOLD,493,4422.21,335,0.00019265292893954668,0.8499515090729394,B,335,5.794029850746269,0.22876858595552402,Intermittent
FOODS_3_483,FOODS_3,FOODS,1484,4410.22,581,0.00019213058635111574,0.8501436396592905,B,581,3.3407917383820998,0.6441820318925611,Lumpy
HOUSEHOLD_2_083,HOUSEHOLD_2,HOUSEHOLD,443,4409.76,332,0.00019211054651869887,0.8503357502058092,B,332,5.846385542168675,0.23736840023769673,Intermittent
FOODS_1_205,FOODS_1,FOODS,900,4409.64,596,0.00019210531873632927,0.8505278555245456,B,596,3.2567114093959733,0.31614525988173053,Intermittent
FOODS_3_677,FOODS_3,FOODS,1107,4405.86,737,0.00019194064359168627,0.8507197961681373,B,737,2.633649932157395,0.26874301032590475,Intermittent
FOODS_1_141,FOODS_1,FOODS,1320,4397.4,776,0.00019157208493462827,0.8509113682530719,B,776,2.5012886597938144,0.3374136911638378,Intermittent
HOUSEHOLD_1_095,HOUSEHOLD_1,HOUSEHOLD,734,4395.68,557,0.00019149715338733045,0.8511028654064592,B,557,3.4847396768402152,0.2597116413292308,Intermittent
HOUSEHOLD_2_452,HOUSEHOLD_2,HOUSEHOLD,708,4394.7300000000005,514,0.0001914557667769043,0.8512943211732361,B,514,3.7762645914396886,0.3192955887827464,Intermittent
HOUSEHOLD_2_088,HOUSEHOLD_2,HOUSEHOLD,630,4391.099999999999,502,0.00019129762636022334,0.8514856187995964,B,502,3.866533864541833,0.18168719753740192,Intermittent
FOODS_2_279,FOODS_2,FOODS,1740,4391.09,767,0.00019129719071169258,0.851676915990308,B,767,2.530638852672751,0.4390140481288421,Intermittent
FOODS_3_178,FOODS_3,FOODS,2010,4390.7300000000005,1153,0.00019128150736458374,0.8518681974976726,B,1153,1.6834345186470079,0.32962773499487125,Intermittent
FOODS_3_720,FOODS_3,FOODS,1005,4389.58,505,0.00019123140778354154,0.8520594289054562,B,505,3.8435643564356434,0.3571736987494022,Intermittent
FOODS_3_718,FOODS_3,FOODS,3320,4387.5599999999995,1034,0.00019114340678031964,0.8522505723122364,B,1034,1.877176015473888,0.5418053803522782,Lumpy
HOBBIES_1_034,HOBBIES_1,HOBBIES,937,4387.26,618,0.00019113033732439562,0.8524417026495609,B,618,3.1407766990291264,0.32314589813225364,Intermittent
FOODS_3_306,FOODS_3,FOODS,2802,4387.06,854,0.0001911216243537796,0.8526328242739146,B,854,2.2728337236533958,0.45983870791420434,Intermittent
FOODS_2_156,FOODS_2,FOODS,2923,4386.12,1118,0.00019108067339188424,0.8528239049473065,B,1118,1.7361359570661896,0.4946545349919869,Lumpy
FOODS_3_428,FOODS_3,FOODS,2172,4383.76,777,0.00019097786033861513,0.8530148828076451,B,777,2.498069498069498,0.5278050348714235,Lumpy
FOODS_3_168,FOODS_3,FOODS,1175,4383.13,723,0.00019095041448117462,0.8532058332221263,B,723,2.684647302904564,0.4485842329728927,Intermittent
FOODS_2_135,FOODS_2,FOODS,1790,4378.36,734,0.0001907426101319823,0.8533965758322583,B,734,2.6444141689373297,0.5103423040048495,Lumpy
HOUSEHOLD_2_236,HOUSEHOLD_2,HOUSEHOLD,516,4375.68,447,0.00019062585632572754,0.8535872016885839,B,447,4.342281879194631,0.11500398955198184,Intermittent
FOODS_3_316,FOODS_3,FOODS,1746,4372.56,894,0.0001904899339841175,0.853777691622568,B,894,2.1711409395973154,0.3200164432400558,Intermittent
HOUSEHOLD_1_097,HOUSEHOLD_1,HOUSEHOLD,1094,4366.55,796,0.00019022810921710581,0.8539679197317851,B,796,2.4384422110552766,0.22004589837721195,Intermittent
FOODS_2_169,FOODS_2,FOODS,742,4363.18,442,0.00019008129566222573,0.8541580010274473,B,442,4.391402714932127,0.3656094667120243,Intermittent
FOODS_1_195,FOODS_1,FOODS,1949,4357.780000000001,895,0.00018984604545559298,0.8543478470729029,B,895,2.1687150837988827,0.4280577989101153,Intermittent
FOODS_3_239,FOODS_3,FOODS,2362,4354.5599999999995,1175,0.00018970576662867485,0.8545375528395316,B,1175,1.6519148936170214,0.5164071056304399,Lumpy
FOODS_3_078,FOODS_3,FOODS,1568,4353.17,861,0.00018964521148289348,0.8547271980510145,B,861,2.254355400696864,0.5288690785180358,Lumpy
HOUSEHOLD_2_344,HOUSEHOLD_2,HOUSEHOLD,737,4352.21,372,0.00018960338922393655,0.8549168014402384,B,372,5.217741935483871,0.3549415770331623,Intermittent
HOUSEHOLD_1_021,HOUSEHOLD_1,HOUSEHOLD,2211,4350.62,1153,0.0001895341211075391,0.855106335561346,B,1153,1.6834345186470079,0.34681787148232873,Intermittent
FOODS_3_624,FOODS_3,FOODS,1754,4349.92,697,0.00018950362571038302,0.8552958391870563,B,697,2.7847919655667144,0.715140954599443,Lumpy
HOBBIES_1_202,HOBBIES_1,HOBBIES,2472,4349.82,955,0.00018949926922507497,0.8554853384562814,B,955,2.032460732984293,0.7098333093347922,Lumpy
HOUSEHOLD_1_332,HOUSEHOLD_1,HOUSEHOLD,446,4344.04,274,0.00018924746437427176,0.8556745859206557,B,274,7.083941605839416,0.3539633163393948,Intermittent
HOBBIES_1_405,HOBBIES_1,HOBBIES,358,4343.96,298,0.00018924397918602536,0.8558638298998418,B,298,6.5134228187919465,0.14912248899952157,Intermittent
FOODS_2_218,FOODS_2,FOODS,1140,4342.37,756,0.00018917471106962792,0.8560530046109114,B,756,2.5674603174603177,0.2964586230302139,Intermittent
FOODS_3_322,FOODS_3,FOODS,1730,4337.18,661,0.00018894860948214198,0.8562419532203935,B,661,2.9364599092284416,0.4379936394922534,Intermittent
HOUSEHOLD_2_508,HOUSEHOLD_2,HOUSEHOLD,286,4324.51,249,0.00018839664279361653,0.8564303498631871,B,249,7.795180722891566,0.1329609934392249,Intermittent
FOODS_3_199,FOODS_3,FOODS,1726,4314.7,846,0.0001879692715849003,0.856618319134772,B,846,2.2943262411347516,0.43689065068195837,Intermittent
HOBBIES_1_019,HOBBIES_1,HOBBIES,9246,4312.52,945,0.00018787430020518562,0.8568061934349772,B,945,2.0539682539682538,0.7358327567944026,Lumpy
HOBBIES_1_334,HOBBIES_1,HOBBIES,721,4311.58,445,0.00018783334924329025,0.8569940267842205,B,445,4.361797752808989,0.30785110471495314,Intermittent
HOUSEHOLD_1_134,HOUSEHOLD_1,HOUSEHOLD,1061,4307.110000000001,723,0.00018763861435002203,0.8571816653985705,B,723,2.684647302904564,0.27011183753970647,Intermittent
FOODS_3_290,FOODS_3,FOODS,4305,4305.0,1256,0.0001875466925100229,0.8573692120910805,B,1256,1.5453821656050954,0.6368356967330595,Lumpy
FOODS_1_151,FOODS_1,FOODS,374,4279.36,278,0.00018642968967704797,0.8575556417807576,B,278,6.982014388489208,0.2929121440516728,Intermittent
HOUSEHOLD_1_394,HOUSEHOLD_1,HOUSEHOLD,876,4274.88,554,0.00018623451913524894,0.8577418762998928,B,554,3.503610108303249,0.37525252679495874,Intermittent
HOUSEHOLD_2_209,HOUSEHOLD_2,HOUSEHOLD,510,4273.7,407,0.00018618311260861436,0.8579280594125015,B,407,4.7690417690417695,0.1771519101217228,Intermittent
HOUSEHOLD_1_020,HOUSEHOLD_1,HOUSEHOLD,613,4272.61,399,0.000186135626918757,0.8581141950394202,B,399,4.864661654135339,0.28445639334900386,Intermittent
FOODS_2_004,FOODS_2,FOODS,1106,4271.74,515,0.0001860977254965773,0.8583002927649168,B,515,3.7689320388349516,0.3318920594023533,Intermittent
FOODS_3_402,FOODS_3,FOODS,758,4263.14,480,0.00018572306776008806,0.8584860158326769,B,480,4.04375,0.3156024023531527,Intermittent
HOUSEHOLD_2_185,HOUSEHOLD_2,HOUSEHOLD,1275,4262.55,616,0.0001856973644967708,0.8586717131971737,B,616,3.1509740259740258,0.43116514911400555,Intermittent
FOODS_3_049,FOODS_3,FOODS,909,4258.8,601,0.00018553399629772023,0.8588572471934715,B,601,3.2296173044925123,0.29882671875548433,Intermittent
HOUSEHOLD_1_284,HOUSEHOLD_1,HOUSEHOLD,861,4258.77,483,0.00018553268935212784,0.8590427798828236,B,483,4.0186335403726705,0.3774847514693138,Intermittent
HOUSEHOLD_1_417,HOUSEHOLD_1,HOUSEHOLD,777,4257.96,551,0.00018549740182113292,0.8592282772846448,B,551,3.5226860254083485,0.29011672455687865,Intermittent
FOODS_3_173,FOODS_3,FOODS,374,4256.9400000000005,287,0.00018545296567099118,0.8594137302503158,B,287,6.7630662020905925,0.22366243667968058,Intermittent
FOODS_1_065,FOODS_1,FOODS,1276,4250.22,717,0.0001851602098582926,0.859598890460174,B,717,2.707112970711297,0.43709682923658527,Intermittent
HOBBIES_2_075,HOBBIES_2,HOBBIES,1525,4246.06,731,0.0001849789800694792,0.8597838694402435,B,731,2.6552667578659372,0.4921411286552075,Lumpy
HOUSEHOLD_1_407,HOUSEHOLD_1,HOUSEHOLD,820,4239.72,540,0.00018470277890095108,0.8599685722191445,B,540,3.5944444444444446,0.3096155989841715,Intermittent
FOODS_2_261,FOODS_2,FOODS,424,4237.3,331,0.00018459735195649712,0.860153169571101,B,331,5.86404833836858,0.1899763139583805,Intermittent
FOODS_2_271,FOODS_2,FOODS,386,4236.860000000001,245,0.00018457818342114188,0.8603377477545221,B,245,7.922448979591837,0.37950545707245315,Intermittent
FOODS_1_049,FOODS_1,FOODS,1919,4229.76,812,0.00018426887296427283,0.8605220166274864,B,812,2.3903940886699506,0.7351277907365243,Lumpy
HOUSEHOLD_2_196,HOUSEHOLD_2,HOUSEHOLD,1861,4224.47,833,0.00018403841489147887,0.8607060550423778,B,833,2.3301320528211282,0.37406212671305944,Intermittent
HOUSEHOLD_1_185,HOUSEHOLD_1,HOUSEHOLD,1474,4209.81,630,0.00018339975414532396,0.8608894547965231,B,630,3.080952380952381,0.42324010795961897,Intermittent
FOODS_3_200,FOODS_3,FOODS,2016,4208.82,872,0.00018335662494077458,0.8610728114214639,B,872,2.2259174311926606,0.6515211242467827,Lumpy
HOBBIES_1_024,HOBBIES_1,HOBBIES,472,4207.06,344,0.00018327995079935356,0.8612560913722632,B,344,5.642441860465116,0.2483519447094305,Intermittent
HOUSEHOLD_2_376,HOUSEHOLD_2,HOUSEHOLD,1119,4207.04,788,0.00018327907950229193,0.8614393704517656,B,788,2.463197969543147,0.2457203655951108,Intermittent
FOODS_1_117,FOODS_1,FOODS,1958,4202.8,911,0.00018309436452523212,0.8616224648162908,B,911,2.1306256860592754,0.419559898617869,Intermittent
FOODS_3_159,FOODS_3,FOODS,1410,4201.8,772,0.000183050799672152,0.861805515615963,B,772,2.5142487046632125,0.3727719855318131,Intermittent
HOBBIES_1_353,HOBBIES_1,HOBBIES,4143,4198.74,634,0.00018291749122172673,0.8619884331071846,B,634,3.0615141955835963,0.7688237220513519,Lumpy
HOUSEHOLD_2_211,HOUSEHOLD_2,HOUSEHOLD,210,4198.28,190,0.00018289745138930986,0.862171330558574,B,190,10.215789473684211,0.10349254340184043,Intermittent
HOUSEHOLD_2_183,HOUSEHOLD_2,HOUSEHOLD,873,4192.11,700,0.00018262865624580536,0.8623539592148198,B,700,2.7728571428571427,0.17682507726815888,Intermittent
FOODS_3_104,FOODS_3,FOODS,1391,4191.68,819,0.00018260992335898094,0.8625365691381788,B,819,2.36996336996337,0.3350167138586963,Intermittent
FOODS_3_019,FOODS_3,FOODS,2116,4189.68,1136,0.00018252279365282064,0.8627190919318316,B,1136,1.7086267605633803,0.34347222377238285,Intermittent
FOODS_1_015,FOODS_1,FOODS,1341,4179.58,665,0.00018208278863671116,0.8629011747204683,B,665,2.918796992481203,0.9950752215353622,Lumpy
HOUSEHOLD_2_059,HOUSEHOLD_2,HOUSEHOLD,1370,4178.88,847,0.00018205229323955507,0.8630832270137079,B,847,2.291617473435655,0.3244269327963578,Intermittent
FOODS_2_384,FOODS_2,FOODS,1843,4171.24,1020,0.00018171945776202273,0.8632649464714699,B,1020,1.9029411764705881,0.38804810825080954,Intermittent
FOODS_3_452,FOODS_3,FOODS,834,4161.160000000001,587,0.00018128032404297493,0.8634462267955129,B,587,3.3066439522998294,0.23760494636677043,Intermittent
HOUSEHOLD_2_052,HOUSEHOLD_2,HOUSEHOLD,813,4158.61,593,0.0001811692336676205,0.8636273960291805,B,593,3.27318718381113,0.21243171828846028,Intermittent
HOBBIES_1_184,HOBBIES_1,HOBBIES,331,4153.08,285,0.00018092832003008732,0.8638083243492106,B,285,6.810526315789474,0.1268037575311767,Intermittent
FOODS_1_192,FOODS_1,FOODS,1769,4146.84,894,0.00018065647534686724,0.8639889808245574,B,894,2.1711409395973154,0.3714001198301943,Intermittent
FOODS_3_314,FOODS_3,FOODS,1589,4142.7,738,0.00018047611685511543,0.8641694569414126,B,738,2.630081300813008,0.4693750314614811,Intermittent
FOODS_2_211,FOODS_2,FOODS,1813,4138.95,941,0.00018031274865606487,0.8643497696900686,B,941,2.0626992561105206,0.44304573152542126,Intermittent
HOBBIES_1_172,HOBBIES_1,HOBBIES,1413,4137.19,860,0.00018023607451464382,0.8645300057645833,B,860,2.2569767441860464,0.4352975445558468,Intermittent
HOBBIES_1_135,HOBBIES_1,HOBBIES,203,4137.139999999999,176,0.0001802338962719898,0.8647102396608553,B,176,11.028409090909092,0.11536342615864091,Intermittent
FOODS_3_414,FOODS_3,FOODS,811,4134.83,433,0.00018013326146137468,0.8648903729223166,B,433,4.482678983833718,0.40648153216153216,Intermittent
HOBBIES_1_010,HOBBIES_1,HOBBIES,1391,4132.47,928,0.00018003044840810556,0.8650704033707247,B,928,2.091594827586207,0.26503314384218274,Intermittent
FOODS_3_761,FOODS_3,FOODS,2066,4132.0,793,0.00018000997292715788,0.8652504133436518,B,793,2.4476670870113493,0.5270809265566252,Lumpy
HOUSEHOLD_1_001,HOUSEHOLD_1,HOUSEHOLD,678,4124.21,526,0.00017967060272166356,0.8654300839463734,B,526,3.6901140684410647,0.19956841573569586,Intermittent
HOBBIES_1_073,HOBBIES_1,HOBBIES,768,4121.6,620,0.00017955689845512439,0.8656096408448286,B,620,3.1306451612903228,0.1544238754543619,Intermittent
FOODS_3_408,FOODS_3,FOODS,1385,4121.2699999999995,783,0.0001795425220536079,0.8657891833668823,B,783,2.478927203065134,0.4165426177406719,Intermittent
HOUSEHOLD_2_426,HOUSEHOLD_2,HOUSEHOLD,919,4120.63,676,0.00017951464054763664,0.8659686980074299,B,676,2.871301775147929,0.23218344029444712,Intermittent
FOODS_3_094,FOODS_3,FOODS,1382,4118.36,732,0.00017941574833114468,0.8661481137557611,B,732,2.651639344262295,0.40251981176947754,Intermittent
FOODS_2_107,FOODS_2,FOODS,2063,4116.34,899,0.0001793277473279228,0.8663274415030889,B,899,2.1590656284760845,0.5089791691860444,Lumpy
HOBBIES_2_033,HOBBIES_2,HOBBIES,1464,4106.15,733,0.00017888382147503612,0.866506325324564,B,733,2.6480218281036834,0.6328712968837173,Lumpy
FOODS_1_053,FOODS_1,FOODS,736,4099.92,486,0.00017861241244034683,0.8666849377370043,B,486,3.993827160493827,0.41301458085670323,Intermittent
FOODS_1_041,FOODS_1,FOODS,1832,4097.860000000001,870,0.00017852266884300176,0.8668634604058473,B,870,2.231034482758621,0.3722194709736707,Intermittent
HOBBIES_1_030,HOBBIES_1,HOBBIES,5732,4095.3999999999996,1007,0.00017841549930442457,0.8670418759051517,B,1007,1.9275074478649454,0.8714999448855392,Lumpy
FOODS_3_059,FOODS_3,FOODS,1914,4085.0099999999998,818,0.00017796286048092186,0.8672198387656326,B,818,2.3728606356968216,0.4532794168165217,Intermittent
HOUSEHOLD_1_401,HOUSEHOLD_1,HOUSEHOLD,436,4076.1200000000003,353,0.0001775755689370394,0.8673974143345696,B,353,5.498583569405099,0.2076098452169623,Intermittent
HOUSEHOLD_1_211,HOUSEHOLD_1,HOUSEHOLD,1052,4066.64,676,0.0001771625741298396,0.8675745769086994,B,676,2.871301775147929,0.3198503290116587,Intermittent
FOODS_3_618,FOODS_3,FOODS,1932,4063.92,381,0.00017704407772946163,0.8677516209864289,B,381,5.094488188976378,0.5126378302290974,Lumpy
HOUSEHOLD_1_398,HOUSEHOLD_1,HOUSEHOLD,1410,4062.45,830,0.0001769800373954338,0.8679286010238243,B,830,2.33855421686747,0.3614333996567878,Intermittent
HOUSEHOLD_1_152,HOUSEHOLD_1,HOUSEHOLD,407,4061.86,283,0.00017695433413211653,0.8681055553579564,B,283,6.858657243816254,0.24631707589520332,Intermittent
HOUSEHOLD_1_215,HOUSEHOLD_1,HOUSEHOLD,1841,4057.2400000000002,1108,0.00017675306451088628,0.8682823084224673,B,1108,1.7518050541516246,0.3324705151328554,Intermittent
HOUSEHOLD_1_491,HOUSEHOLD_1,HOUSEHOLD,637,4053.46,414,0.0001765883893662433,0.8684588968118336,B,414,4.688405797101449,0.34454750692280994,Intermittent
FOODS_2_207,FOODS_2,FOODS,543,4049.04,429,0.00017639583271562907,0.8686352926445493,B,429,4.524475524475524,0.18916126337818465,Intermittent
HOBBIES_1_386,HOBBIES_1,HOBBIES,705,4045.08,538,0.0001762233158974317,0.8688115159604467,B,538,3.607806691449814,0.21598215902309603,Intermittent
HOUSEHOLD_2_325,HOUSEHOLD_2,HOUSEHOLD,1067,4038.98,761,0.00017595757029364282,0.8689874735307404,B,761,2.5505913272010514,0.24962335812504194,Intermittent
HOUSEHOLD_2_166,HOUSEHOLD_2,HOUSEHOLD,426,4034.2200000000003,363,0.00017575020159298134,0.8691632237323333,B,363,5.347107438016529,0.14053792054325798,Intermittent
FOODS_3_100,FOODS_3,FOODS,1013,4031.74,584,0.00017564216075734255,0.8693388658930907,B,584,3.3236301369863015,0.35337251907658657,Intermittent
FOODS_3_206,FOODS_3,FOODS,1569,4028.42,525,0.0001754975254451165,0.8695143634185358,B,525,3.697142857142857,0.44228009204768054,Intermittent
HOBBIES_1_009,HOBBIES_1,HOBBIES,2287,4025.52,885,0.00017537118737118406,0.869689734605907,B,885,2.1932203389830507,0.7878549753982963,Lumpy
HOUSEHOLD_1_081,HOUSEHOLD_1,HOUSEHOLD,495,4023.11,363,0.0001752661960752609,0.8698650008019823,B,363,5.347107438016529,0.2614610190300799,Intermittent
FOODS_2_385,FOODS_2,FOODS,1580,4022.48,742,0.00017523875021782043,0.8700402395522001,B,742,2.615902964959569,0.36476815953704833,Intermittent
FOODS_3_374,FOODS_3,FOODS,1707,4022.08,812,0.00017522132427658836,0.8702154608764767,B,812,2.3903940886699506,0.3913199501333386,Intermittent
FOODS_3_101,FOODS_3,FOODS,4021,4021.0,1171,0.0001751742742352618,0.870390635150712,B,1171,1.6575576430401366,0.5576870519910484,Lumpy
FOODS_3_384,FOODS_3,FOODS,1356,4017.16,762,0.00017500698519943406,0.8705656421359115,B,762,2.547244094488189,0.41037879292294777,Intermittent
FOODS_3_320,FOODS_3,FOODS,1991,4015.18,624,0.00017492072679033537,0.8707405628627019,B,624,3.110576923076923,0.6111624681962577,Lumpy
HOUSEHOLD_2_036,HOUSEHOLD_2,HOUSEHOLD,1011,4013.67,723,0.00017485494386218435,0.870915417806564,B,723,2.684647302904564,0.27432154745321913,Intermittent
FOODS_2_322,FOODS_2,FOODS,1371,4007.9900000000002,803,0.00017460749549668913,0.8710900253020607,B,803,2.4171855541718554,0.36025564286370665,Intermittent
HOUSEHOLD_1_474,HOUSEHOLD_1,HOUSEHOLD,4131,4007.07,1426,0.0001745674158318554,0.8712645927178926,B,1426,1.3611500701262271,0.5766355023321511,Lumpy
HOUSEHOLD_2_019,HOUSEHOLD_2,HOUSEHOLD,423,4005.8100000000004,360,0.00017451252411697444,0.8714391052420095,B,360,5.391666666666667,0.1371447017834108,Intermittent
FOODS_2_288,FOODS_2,FOODS,1424,4002.67,760,0.00017437573047830276,0.8716134809724878,B,760,2.5539473684210527,0.41126895550744064,Intermittent
HOBBIES_1_017,HOBBIES_1,HOBBIES,2054,3998.22,972,0.00017418186688209611,0.8717876628393699,B,972,1.9969135802469136,0.4616142186216411,Intermittent
FOODS_2_055,FOODS_2,FOODS,1573,3991.19,770,0.0001738756059649427,0.8719615384453349,B,770,2.520779220779221,0.41554551553005664,Intermittent
FOODS_3_422,FOODS_3,FOODS,1838,3989.35,662,0.00017379544663527523,0.8721353338919702,B,662,2.93202416918429,0.5351736102606806,Lumpy
HOBBIES_1_047,HOBBIES_1,HOBBIES,2266,3986.88,918,0.00017368784144816728,0.8723090217334184,B,918,2.1143790849673203,0.7152949316779282,Lumpy
FOODS_3_768,FOODS_3,FOODS,2012,3983.7599999999998,573,0.00017355191910655723,0.8724825736525249,B,573,3.387434554973822,0.37790548845701544,Intermittent
HOBBIES_1_243,HOBBIES_1,HOBBIES,287,3983.5600000000004,244,0.0001735432061359412,0.8726561168586608,B,244,7.954918032786885,0.1410557040142604,Intermittent
HOUSEHOLD_1_524,HOUSEHOLD_1,HOUSEHOLD,1003,3983.03,479,0.00017352011676380872,0.8728296369754247,B,479,4.052192066805845,0.3973448693245798,Intermittent
HOUSEHOLD_2_252,HOUSEHOLD_2,HOUSEHOLD,573,3979.5099999999998,434,0.0001733667684809666,0.8730030037439057,B,434,4.472350230414746,0.20997185011088776,Intermittent
HOUSEHOLD_2_489,HOUSEHOLD_2,HOUSEHOLD,275,3979.25,221,0.00017335544161916578,0.8731763591855248,B,221,8.782805429864254,0.16675786626596534,Intermittent
FOODS_2_253,FOODS_2,FOODS,511,3972.7200000000003,307,0.00017307096312855244,0.8733494301486534,B,307,6.322475570032573,0.30248536519755814,Intermittent
HOUSEHOLD_2_488,HOUSEHOLD_2,HOUSEHOLD,812,3969.1899999999996,632,0.0001729171791971795,0.8735223473278506,B,632,3.0712025316455698,0.20423492337136961,Intermittent
FOODS_3_221,FOODS_3,FOODS,797,3969.0600000000004,407,0.00017291151576627912,0.8736952588436169,B,407,4.7690417690417695,0.4446662359536648,Intermittent
HOUSEHOLD_2_044,HOUSEHOLD_2,HOUSEHOLD,1140,3967.2,411,0.00017283048513955002,0.8738680893287564,B,411,4.7226277372262775,0.3721705290183094,Intermittent
FOODS_2_044,FOODS_2,FOODS,1563,3966.65,811,0.00017280652447035596,0.8740408958532268,B,811,2.3933415536374847,0.35322593931936364,Intermittent
FOODS_3_622,FOODS_3,FOODS,1556,3964.05,995,0.00017269325585234758,0.8742135891090791,B,995,1.9507537688442211,0.3474895864105535,Intermittent
HOBBIES_1_383,HOBBIES_1,HOBBIES,1329,3960.42,790,0.00017253511543566664,0.8743861242245148,B,790,2.456962025316456,0.329278498108091,Intermittent
HOUSEHOLD_1_133,HOUSEHOLD_1,HOUSEHOLD,1268,3956.1600000000003,518,0.00017234952916154526,0.8745584737536763,B,518,3.747104247104247,19.5092789970776,Lumpy
HOBBIES_1_417,HOBBIES_1,HOBBIES,7100,3953.8999999999996,919,0.00017225107259358409,0.8747307248262699,B,919,2.1120783460282917,1.443657073349296,Lumpy
HOUSEHOLD_2_041,HOUSEHOLD_2,HOUSEHOLD,756,3953.4199999999996,573,0.00017223016146410562,0.874902954987734,B,573,3.387434554973822,0.21146336027288373,Intermittent
HOBBIES_2_053,HOBBIES_2,HOBBIES,795,3950.1,532,0.00017208552615187954,0.8750750405138858,B,532,3.648496240601504,0.3870714725803994,Intermittent
FOODS_1_210,FOODS_1,FOODS,2149,3948.76,803,0.00017202714924875216,0.8752470676631346,B,803,2.4171855541718554,0.6510796041148906,Lumpy
FOODS_2_033,FOODS_2,FOODS,1659,3948.4199999999996,405,0.0001720123371987049,0.8754190800003333,B,405,4.792592592592593,0.4598400237461363,Intermittent
HOBBIES_1_264,HOBBIES_1,HOBBIES,883,3947.0099999999998,643,0.0001719509107558619,0.8755910309110891,B,643,3.018662519440124,0.23987881357072288,Intermittent
HOUSEHOLD_1_247,HOUSEHOLD_1,HOUSEHOLD,4066,3944.02,1528,0.00017182065184515228,0.8757628515629343,B,1528,1.2702879581151831,0.40678710739739615,Smooth
FOODS_1_051,FOODS_1,FOODS,1018,3939.66,506,0.00017163070908572285,0.8759344822720201,B,506,3.83596837944664,0.40504858356733153,Intermittent
HOUSEHOLD_2_454,HOUSEHOLD_2,HOUSEHOLD,494,3937.18,325,0.00017152266825008408,0.8761060049402701,B,325,5.972307692307692,0.2953900345405424,Intermittent
FOODS_3_430,FOODS_3,FOODS,658,3934.84,360,0.00017142072649387654,0.876277425666764,B,360,5.391666666666667,0.6214451971265295,Lumpy
HOBBIES_1_347,HOBBIES_1,HOBBIES,398,3932.2400000000002,335,0.00017130745787586818,0.8764487331246399,B,335,5.794029850746269,0.13819946027492505,Intermittent
HOUSEHOLD_1_337,HOUSEHOLD_1,HOUSEHOLD,791,3931.27,565,0.00017126519996838043,0.8766199983246082,B,565,3.4353982300884955,0.2384570849616441,Intermittent
FOODS_2_171,FOODS_2,FOODS,1338,3925.02,791,0.00017099291963662954,0.8767909912442449,B,791,2.4538558786346396,0.3604367698240923,Intermittent
FOODS_1_158,FOODS_1,FOODS,839,3923.7,585,0.00017093541403056373,0.8769619266582754,B,585,3.317948717948718,0.2545033316608363,Intermittent
HOUSEHOLD_2_299,HOUSEHOLD_2,HOUSEHOLD,3164,3922.9,1210,0.00017090056214809962,0.8771328272204235,B,1210,1.6041322314049586,0.3934532156260468,Intermittent
FOODS_3_623,FOODS_3,FOODS,1321,3918.62,603,0.0001707141045769166,0.8773035413250004,B,603,3.218905472636816,0.5057116107968873,Lumpy
HOUSEHOLD_2_208,HOUSEHOLD_2,HOUSEHOLD,302,3916.94,261,0.00017064091562374195,0.8774741822406241,B,261,7.436781609195402,0.15673401638929457,Intermittent
HOUSEHOLD_1_025,HOUSEHOLD_1,HOUSEHOLD,1314,3915.72,871,0.00017058776650298417,0.8776447700071272,B,871,2.2284730195177955,0.2816538011421208,Intermittent
HOUSEHOLD_2_100,HOUSEHOLD_2,HOUSEHOLD,464,3895.4,348,0.00016970252868839564,0.8778144725358156,B,348,5.577586206896552,0.20965417867435177,Intermittent
FOODS_3_506,FOODS_3,FOODS,978,3892.44,655,0.0001695735767232784,0.8779840461125389,B,655,2.9633587786259543,0.2700309896463691,Intermittent
HOUSEHOLD_1_141,HOUSEHOLD_1,HOUSEHOLD,2174,3891.0,1085,0.000169510843334843,0.8781535569558737,B,1085,1.7889400921658987,0.5482502897306174,Lumpy
HOUSEHOLD_2_506,HOUSEHOLD_2,HOUSEHOLD,568,3890.81,411,0.00016950256601275777,0.8783230595218865,B,411,4.7226277372262775,0.30269169335836377,Intermittent
FOODS_3_482,FOODS_3,FOODS,1304,3885.92,572,0.00016928953388119588,0.8784923490557677,B,572,3.3933566433566433,0.39940068812006485,Intermittent
FOODS_1_124,FOODS_1,FOODS,1817,3883.84,848,0.00016919891898678916,0.8786615479747545,B,848,2.2889150943396226,0.5913929895943628,Lumpy
HOUSEHOLD_2_289,HOUSEHOLD_2,HOUSEHOLD,656,3880.04,359,0.00016903337254508462,0.8788305813472995,B,359,5.406685236768802,0.28049298466844347,Intermittent
HOUSEHOLD_1_487,HOUSEHOLD_1,HOUSEHOLD,1999,3875.8,731,0.0001688486575680248,0.8789994300048676,B,731,2.6552667578659372,0.35290560573549845,Intermittent
HOUSEHOLD_1_035,HOUSEHOLD_1,HOUSEHOLD,837,3875.31,590,0.00016882731079001552,0.8791682573156576,B,590,3.2898305084745765,0.28985749907325525,Intermittent
HOBBIES_1_311,HOBBIES_1,HOBBIES,238,3864.2400000000002,192,0.00016834504786641835,0.8793366023635241,B,192,10.109375,0.17370323552888992,Intermittent
HOUSEHOLD_2_064,HOUSEHOLD_2,HOUSEHOLD,998,3862.26,645,0.00016825878945731965,0.8795048611529814,B,645,3.0093023255813955,0.33454946837126404,Intermittent
HOUSEHOLD_2_346,HOUSEHOLD_2,HOUSEHOLD,1159,3859.4700000000003,527,0.00016813724351722606,0.8796729983964987,B,527,3.683111954459203,0.43948228652321747,Intermittent
FOODS_3_461,FOODS_3,FOODS,2655,3856.54,1144,0.0001680095984977012,0.8798410079949964,B,1144,1.6966783216783217,0.48913160321995974,Intermittent
HOUSEHOLD_2_249,HOUSEHOLD_2,HOUSEHOLD,460,3855.9100000000003,363,0.00016798215264026073,0.8800089901476367,B,363,5.347107438016529,0.19452453811528056,Intermittent
HOBBIES_1_197,HOBBIES_1,HOBBIES,301,3855.59,268,0.0001679682118872751,0.8801769583595239,B,268,7.242537313432836,0.09779207652336772,Intermittent
HOUSEHOLD_1_441,HOUSEHOLD_1,HOUSEHOLD,1390,3850.3,238,0.00016773775381448113,0.8803446961133384,B,238,8.155462184873949,0.3443774542336806,Intermittent
FOODS_2_177,FOODS_2,FOODS,1175,3846.7000000000003,599,0.0001675809203433926,0.8805122770336818,B,599,3.2404006677796326,0.5797898399826795,Lumpy
HOUSEHOLD_2_275,HOUSEHOLD_2,HOUSEHOLD,745,3844.85,576,0.00016750032536519432,0.880679777359047,B,576,3.3697916666666665,0.19483580175589443,Intermittent
FOODS_1_069,FOODS_1,FOODS,1533,3839.44,668,0.00016726463951003074,0.880847041998557,B,668,2.905688622754491,0.7631744678771663,Lumpy
HOUSEHOLD_1_143,HOUSEHOLD_1,HOUSEHOLD,1946,3833.62,804,0.0001670110920651043,0.8810140530906221,B,804,2.4141791044776117,0.38006286170725234,Intermittent
HOUSEHOLD_2_505,HOUSEHOLD_2,HOUSEHOLD,771,3826.91,594,0.00016671877190093653,0.881180771862523,B,594,3.2676767676767677,0.21646155339166787,Intermittent
HOUSEHOLD_2_013,HOUSEHOLD_2,HOUSEHOLD,652,3825.3500000000004,469,0.00016665081073013153,0.8813474226732531,B,469,4.138592750533049,0.28701247123680224,Intermittent
FOODS_3_568,FOODS_3,FOODS,3821,3821.0,843,0.00016646130361923288,0.8815138839768722,B,843,2.302491103202847,0.933361695936577,Lumpy
HOUSEHOLD_1_120,HOUSEHOLD_1,HOUSEHOLD,852,3808.4399999999996,661,0.00016591412906454624,0.8816797981059368,B,661,2.9364599092284416,0.2186985782242183,Intermittent
HOUSEHOLD_2_455,HOUSEHOLD_2,HOUSEHOLD,522,3804.28,411,0.00016573289927573288,0.8818455310052125,B,411,4.7226277372262775,0.17996400594208084,Intermittent
FOODS_3_197,FOODS_3,FOODS,1920,3801.6,869,0.00016561614546947806,0.882011147150682,B,869,2.2336018411967777,0.5017144997279831,Lumpy
FOODS_3_394,FOODS_3,FOODS,1349,3798.42,898,0.0001654776092366832,0.8821766247599186,B,898,2.161469933184855,0.2660225463526725,Intermittent
HOBBIES_1_377,HOBBIES_1,HOBBIES,393,3798.4,353,0.0001654767379396216,0.8823421014978583,B,353,5.498583569405099,0.1087970933623868,Intermittent
HOBBIES_1_216,HOBBIES_1,HOBBIES,2158,3794.88,916,0.0001653233896567795,0.8825074248875151,B,916,2.118995633187773,0.615929046632378,Lumpy
HOUSEHOLD_2_379,HOUSEHOLD_2,HOUSEHOLD,866,3792.6400000000003,605,0.00016522580438588,0.8826726506919009,B,605,3.2082644628099173,0.28152715643644477,Intermittent
HOBBIES_1_281,HOBBIES_1,HOBBIES,908,3792.21,585,0.00016520707149905552,0.8828378577634,B,585,3.317948717948718,0.2620311997805732,Intermittent
FOODS_3_187,FOODS_3,FOODS,1521,3782.84,748,0.00016479886882569457,0.8830026566322257,B,748,2.5949197860962565,0.4202946616212692,Intermittent
FOODS_1_215,FOODS_1,FOODS,2167,3782.8,771,0.00016479712623157137,0.8831674537584572,B,771,2.517509727626459,0.5988005856009121,Lumpy
FOODS_1_105,FOODS_1,FOODS,1996,3782.48,800,0.0001647831854785857,0.8833322369439358,B,800,2.42625,0.46201743569054066,Intermittent
HOUSEHOLD_2_462,HOUSEHOLD_2,HOUSEHOLD,451,3779.4700000000003,372,0.00016465205527081448,0.8834968889992066,B,372,5.217741935483871,0.15078315614935664,Intermittent
HOUSEHOLD_2_373,HOUSEHOLD_2,HOUSEHOLD,809,3776.35,555,0.00016451613292920442,0.8836614051321359,B,555,3.497297297297297,0.28863231817432006,Intermittent
HOBBIES_1_076,HOBBIES_1,HOBBIES,1149,3772.51,644,0.00016434884389337668,0.8838257539760292,B,644,3.0139751552795033,0.4265148686776332,Intermittent
FOODS_1_013,FOODS_1,FOODS,2572,3771.89,928,0.00016432183368446696,0.8839900758097137,B,928,2.091594827586207,0.6021232658342929,Lumpy
HOUSEHOLD_2_110,HOUSEHOLD_2,HOUSEHOLD,1189,3769.13,497,0.00016420159468996578,0.8841542774044037,B,497,3.9054325955734406,0.3940033047310905,Intermittent
HOBBIES_1_400,HOBBIES_1,HOBBIES,3418,3766.58,845,0.0001640905043146114,0.8843183679087183,B,845,2.2970414201183433,0.9037567846504855,Lumpy
FOODS_2_093,FOODS_2,FOODS,1503,3764.38,742,0.00016399466163783508,0.8844823625703562,B,742,2.615902964959569,0.5316807923327205,Lumpy
FOODS_3_215,FOODS_3,FOODS,3116,3762.32,1205,0.00016390491804049,0.8846462674883967,B,1205,1.6107883817427386,0.5011034306106806,Lumpy
FOODS_3_141,FOODS_3,FOODS,1342,3760.56,863,0.00016382824389906894,0.8848100957322957,B,863,2.249130938586327,0.33540589741701154,Intermittent
FOODS_1_042,FOODS_1,FOODS,3833,3756.34,881,0.00016364440021907073,0.8849737401325148,B,881,2.203178206583428,0.8175694832521047,Lumpy
FOODS_3_251,FOODS_3,FOODS,1257,3745.86,761,0.0001631878405587908,0.8851369279730736,B,761,2.5505913272010514,0.35336479071884885,Intermittent
FOODS_2_006,FOODS_2,FOODS,363,3743.78,285,0.0001630972256643841,0.8853000251987381,B,285,6.810526315789474,0.19676078463816146,Intermittent
HOUSEHOLD_2_288,HOUSEHOLD_2,HOUSEHOLD,964,3742.1800000000003,669,0.00016302752189945589,0.8854630527206375,B,669,2.901345291479821,0.2948205199851498,Intermittent
HOUSEHOLD_2_402,HOUSEHOLD_2,HOUSEHOLD,417,3740.4900000000002,298,0.00016295389729775045,0.8856260066179352,B,298,6.5134228187919465,0.21232450369428554,Intermittent
FOODS_1_063,FOODS_1,FOODS,1700,3738.8500000000004,972,0.000162882450938699,0.8857888890688739,B,972,1.9969135802469136,0.3759854322052323,Intermittent
HOUSEHOLD_2_009,HOUSEHOLD_2,HOUSEHOLD,638,3736.82,448,0.00016279401428694631,0.8859516830831609,B,448,4.332589285714286,0.2685114243320537,Intermittent
FOODS_3_528,FOODS_3,FOODS,749,3733.6600000000003,544,0.00016265634935121306,0.886114339432512,B,544,3.568014705882353,0.29314262161280136,Intermittent
HOUSEHOLD_1_302,HOUSEHOLD_1,HOUSEHOLD,439,3732.15,327,0.00016259056642306202,0.8862769299989351,B,327,5.935779816513762,0.2138325586722635,Intermittent
HOBBIES_1_204,HOBBIES_1,HOBBIES,376,3723.88,246,0.00016223028508808923,0.8864391602840233,B,246,7.890243902439025,0.28880414999861426,Intermittent
HOUSEHOLD_2_219,HOUSEHOLD_2,HOUSEHOLD,1199,3718.65,781,0.00016200244090648007,0.8866011627249297,B,781,2.4852752880921893,0.27431041589782434,Intermittent
FOODS_1_139,FOODS_1,FOODS,3794,3718.12,973,0.00016197935153434759,0.8867631420764641,B,973,1.9948612538540595,0.4267049169056677,Intermittent
HOBBIES_1_380,HOBBIES_1,HOBBIES,2112,3712.2000000000003,926,0.00016172144760411315,0.8869248635240682,B,926,2.0961123110151187,0.8356535312430188,Lumpy
HOUSEHOLD_1_499,HOUSEHOLD_1,HOUSEHOLD,936,3710.07,609,0.00016162865446705244,0.8870864921785352,B,609,3.187192118226601,0.29063721928094394,Intermittent
HOUSEHOLD_2_124,HOUSEHOLD_2,HOUSEHOLD,716,3706.02,518,0.00016145221681207784,0.8872479443953473,B,518,3.747104247104247,0.2594894283478789,Intermittent
HOUSEHOLD_2_015,HOUSEHOLD_2,HOUSEHOLD,839,3702.76,602,0.0001613101953910366,0.8874092545907383,B,602,3.2242524916943522,0.2515895742450922,Intermittent
HOBBIES_1_080,HOBBIES_1,HOBBIES,6611,3701.48,1027,0.00016125443237909398,0.8875705090231174,B,1027,1.889970788704966,1.545311307356456,Lumpy
HOUSEHOLD_2_122,HOUSEHOLD_2,HOUSEHOLD,531,3700.64,415,0.00016121783790250667,0.8877317268610199,B,415,4.67710843373494,0.19707654090716314,Intermittent
HOUSEHOLD_2_443,HOUSEHOLD_2,HOUSEHOLD,794,3699.12,599,0.00016115161932582484,0.8878928784803457,B,599,3.2404006677796326,0.2507977968679148,Intermittent
FOODS_2_067,FOODS_2,FOODS,1713,3697.6200000000003,665,0.00016108627204620464,0.888053964752392,B,665,2.918796992481203,0.4631044997925642,Intermittent
HOUSEHOLD_2_425,HOUSEHOLD_2,HOUSEHOLD,444,3697.54,364,0.0001610827868579582,0.88821504753925,B,364,5.332417582417582,0.15259843269671267,Intermittent
FOODS_1_072,FOODS_1,FOODS,768,3694.84,496,0.00016096516175464183,0.8883760127010046,B,496,3.913306451612903,0.39505646745230083,Intermittent
HOUSEHOLD_1_485,HOUSEHOLD_1,HOUSEHOLD,1244,3694.6800000000003,830,0.000160958191378149,0.8885369708923828,B,830,2.33855421686747,0.35091803169224,Intermittent
FOODS_3_024,FOODS_3,FOODS,3699,3694.68,511,0.00016095819137814898,0.888697929083761,B,511,3.7984344422700587,0.6544323820234095,Lumpy
FOODS_3_189,FOODS_3,FOODS,1474,3689.56,690,0.00016073513933037865,0.8888586642230913,B,690,2.8130434782608695,0.41701436258438,Intermittent
HOUSEHOLD_1_380,HOUSEHOLD_1,HOUSEHOLD,807,3687.9900000000002,501,0.00016066674251104284,0.8890193309656024,B,501,3.874251497005988,0.35234759055292264,Intermittent
HOUSEHOLD_2_179,HOUSEHOLD_2,HOUSEHOLD,616,3677.52,457,0.0001602106184992937,0.8891795415841016,B,457,4.2472647702407,0.22652980083399168,Intermittent
HOUSEHOLD_2_484,HOUSEHOLD_2,HOUSEHOLD,527,3673.19,379,0.00016002198268545668,0.8893395635667871,B,379,5.121372031662269,0.24656655422977994,Intermittent
FOODS_3_158,FOODS_3,FOODS,605,3669.1200000000003,416,0.0001598446737334205,0.8894994082405205,B,416,4.665865384615385,0.27243687844746917,Intermittent
HOUSEHOLD_2_466,HOUSEHOLD_2,HOUSEHOLD,530,3667.58,394,0.00015977758385967708,0.8896591858243802,B,394,4.926395939086294,0.20679042372889023,Intermittent
HOUSEHOLD_1_080,HOUSEHOLD_1,HOUSEHOLD,364,3664.0800000000004,308,0.00015962510687389658,0.8898188109312541,B,308,6.3019480519480515,0.1348418557138176,Intermittent
HOBBIES_1_262,HOBBIES_1,HOBBIES,408,3663.84,308,0.00015961465130915733,0.8899784255825633,B,308,6.3019480519480515,0.2181727899692803,Intermittent
HOUSEHOLD_1_472,HOUSEHOLD_1,HOUSEHOLD,760,3663.2000000000003,605,0.00015958676980318607,0.8901380123523666,B,605,3.2082644628099173,0.2090886759094496,Intermittent
HOBBIES_1_128,HOBBIES_1,HOBBIES,418,3662.6699999999996,331,0.00015956368043105356,0.8902975760327976,B,331,5.86404833836858,0.194068602048044,Intermittent
FOODS_2_100,FOODS_2,FOODS,1442,3661.93,779,0.00015953144243977424,0.8904571074752373,B,779,2.491655969191271,0.392643169728549,Intermittent
FOODS_1_204,FOODS_1,FOODS,3733,3659.24,1063,0.00015941425298498867,0.8906165217282223,B,1063,1.825964252116651,0.8216805361084748,Lumpy
HOUSEHOLD_1_193,HOUSEHOLD_1,HOUSEHOLD,1508,3649.3599999999997,572,0.00015898383223655682,0.8907755055604588,B,572,3.3933566433566433,0.3720031402862495,Intermittent
HOUSEHOLD_2_153,HOUSEHOLD_2,HOUSEHOLD,383,3649.27,254,0.00015897991139977963,0.8909344854718586,B,254,7.641732283464567,0.2876775923206307,Intermittent
FOODS_3_465,FOODS_3,FOODS,1982,3648.6,594,0.00015895072294821593,0.8910934361948069,B,594,3.2676767676767677,0.69835136691268,Lumpy
HOUSEHOLD_2_495,HOUSEHOLD_2,HOUSEHOLD,646,3645.47,442,0.00015881436495807506,0.891252250559765,B,442,4.391402714932127,0.26097826018680764,Intermittent
HOUSEHOLD_2_390,HOUSEHOLD_2,HOUSEHOLD,618,3642.81,489,0.0001586984824488819,0.8914109490422139,B,489,3.9693251533742333,0.1834272323684345,Intermittent
FOODS_3_824,FOODS_3,FOODS,1393,3635.11,722,0.0001583630330801648,0.891569312075294,B,722,2.688365650969529,0.42080774291876466,Intermittent
FOODS_2_020,FOODS_2,FOODS,1436,3630.75,681,0.00015817309032073535,0.8917274851656147,B,681,2.850220264317181,0.5999345454676163,Lumpy
HOUSEHOLD_2_001,HOUSEHOLD_2,HOUSEHOLD,549,3624.33,459,0.00015789340396396082,0.8918853785695787,B,459,4.228758169934641,0.13789785109651462,Intermittent
FOODS_3_082,FOODS_3,FOODS,1791,3623.38,626,0.0001578520173535347,0.8920432305869322,B,626,3.1006389776357826,0.6006578664150204,Lumpy
FOODS_3_354,FOODS_3,FOODS,1214,3617.72,540,0.00015760544028510105,0.8922008360272173,B,540,3.5944444444444446,0.6169699649200397,Lumpy
HOBBIES_1_025,HOBBIES_1,HOBBIES,922,3617.0,564,0.00015757407359088337,0.8923584101008082,B,564,3.4414893617021276,0.38333833280444013,Intermittent
HOBBIES_1_116,HOBBIES_1,HOBBIES,559,3616.73,387,0.00015756231108055173,0.8925159724118887,B,387,5.015503875968992,0.25771836772235357,Intermittent
FOODS_3_247,FOODS_3,FOODS,738,3615.6,466,0.00015751308279657116,0.8926734854946853,B,466,4.165236051502146,0.40920355749001447,Intermittent
FOODS_1_035,FOODS_1,FOODS,1416,3612.78,645,0.00015739022991088515,0.8928308757245962,B,645,3.0093023255813955,0.9425192755571061,Lumpy
HOUSEHOLD_2_491,HOUSEHOLD_2,HOUSEHOLD,518,3610.14,420,0.00015727521869875357,0.892988150943295,B,420,4.621428571428571,0.16495499563292887,Intermittent
HOUSEHOLD_2_326,HOUSEHOLD_2,HOUSEHOLD,607,3605.5800000000004,504,0.00015707656296870813,0.8931452275062637,B,504,3.8511904761904763,0.1534409727322551,Intermittent
FOODS_3_060,FOODS_3,FOODS,1208,3599.84,616,0.0001568265007120281,0.8933020540069757,B,616,3.1509740259740258,0.39028754622443773,Intermittent
HOUSEHOLD_2_218,HOUSEHOLD_2,HOUSEHOLD,314,3598.5800000000004,270,0.0001567716089971471,0.8934588256159729,B,270,7.188888888888889,0.15070625032708287,Intermittent
HOUSEHOLD_2_350,HOUSEHOLD_2,HOUSEHOLD,1231,3597.22,756,0.00015671236079695808,0.8936155379767698,B,756,2.5674603174603177,0.37693892982753535,Intermittent
FOODS_1_096,FOODS_1,FOODS,612,3595.92,459,0.0001566557264879539,0.8937721937032578,B,459,4.228758169934641,0.26037117903930146,Intermittent
HOUSEHOLD_1_354,HOUSEHOLD_1,HOUSEHOLD,1863,3595.59,994,0.00015664135008643747,0.8939288350533442,B,994,1.9527162977867203,0.3948392035522147,Intermittent
HOUSEHOLD_2_366,HOUSEHOLD_2,HOUSEHOLD,952,3595.23,678,0.0001566256667393286,0.8940854607200835,B,678,2.8628318584070795,0.25268096203639195,Intermittent
HOUSEHOLD_1_121,HOUSEHOLD_1,HOUSEHOLD,1449,3593.52,800,0.00015655117084056156,0.8942420118909241,B,800,2.42625,0.2893685267153497,Intermittent
FOODS_3_167,FOODS_3,FOODS,1809,3581.8199999999997,626,0.00015604146205952385,0.8943980533529836,B,626,3.1006389776357826,0.4884595124005298,Intermittent
HOUSEHOLD_2_359,HOUSEHOLD_2,HOUSEHOLD,377,3581.67,260,0.00015603492733156184,0.8945540882803151,B,260,7.4653846153846155,0.26140970255120066,Intermittent
HOUSEHOLD_1_218,HOUSEHOLD_1,HOUSEHOLD,1824,3581.24,945,0.00015601619444473736,0.8947101044747598,B,945,2.0539682539682538,0.3632165496968017,Intermittent
FOODS_1_163,FOODS_1,FOODS,3653,3579.94,564,0.0001559595601357332,0.8948660640348955,B,564,3.4414893617021276,0.8981449368293766,Lumpy
FOODS_2_219,FOODS_2,FOODS,1288,3576.22,687,0.00015579749888227504,0.8950218615337778,B,687,2.8253275109170306,0.4343116831749256,Intermittent
HOUSEHOLD_1_403,HOUSEHOLD_1,HOUSEHOLD,896,3575.12,645,0.0001557495775438869,0.8951776111113218,B,645,3.0093023255813955,0.27787171686718637,Intermittent
HOUSEHOLD_2_385,HOUSEHOLD_2,HOUSEHOLD,497,3575.0899999999997,410,0.0001557482705982945,0.89533335938192,B,410,4.734146341463415,0.14732157735638174,Intermittent
FOODS_3_643,FOODS_3,FOODS,2006,3569.4,703,0.00015550038658426846,0.8954888597685043,B,703,2.7610241820768135,0.6749376507959679,Lumpy
FOODS_1_025,FOODS_1,FOODS,873,3567.0,545,0.00015539583093687612,0.8956442555994412,B,545,3.561467889908257,0.40162181031881805,Intermittent
FOODS_3_234,FOODS_3,FOODS,17725,3564.3,1337,0.00015527820583355974,0.8957995338052748,B,1337,1.4517576664173524,0.7681345823550422,Lumpy
HOUSEHOLD_2_148,HOUSEHOLD_2,HOUSEHOLD,600,3564.0,400,0.0001552651363776357,0.8959547989416524,B,400,4.8525,0.3208020050125315,Intermittent
FOODS_1_146,FOODS_1,FOODS,1591,3559.2200000000003,849,0.0001550568963799126,0.8961098558380324,B,849,2.2862190812720846,0.3980944481216617,Intermittent
HOUSEHOLD_2_030,HOUSEHOLD_2,HOUSEHOLD,911,3558.57,674,0.0001550285792254105,0.8962648844172578,B,674,2.879821958456973,0.21444577854724958,Intermittent
FOODS_1_048,FOODS_1,FOODS,594,3552.1200000000003,402,0.0001547475859230436,0.8964196320031809,B,402,4.8283582089552235,0.3567013493711899,Intermittent
FOODS_3_312,FOODS_3,FOODS,1233,3551.04,621,0.000154700535881717,0.8965743325390626,B,621,3.1256038647342996,0.38494153881056464,Intermittent
FOODS_3_706,FOODS_3,FOODS,1793,3550.14,539,0.00015466132751394487,0.8967289938665766,B,539,3.601113172541744,0.44118134712996027,Intermittent
HOUSEHOLD_1_355,HOUSEHOLD_1,HOUSEHOLD,435,3549.21,323,0.00015462081220058034,0.8968836146787772,B,323,6.0092879256965945,0.20061581688630242,Intermittent
FOODS_3_538,FOODS_3,FOODS,2475,3548.2999999999997,835,0.0001545811681842774,0.8970381958469614,B,835,2.3245508982035927,0.7368236540244403,Lumpy
HOUSEHOLD_2_242,HOUSEHOLD_2,HOUSEHOLD,270,3545.58,231,0.0001544626717838994,0.8971926585187453,B,231,8.402597402597403,0.11589264626945789,Intermittent
FOODS_3_129,FOODS_3,FOODS,1394,3542.12,639,0.0001543119373922421,0.8973469704561375,B,639,3.0375586854460095,0.4818175636462673,Intermittent
HOUSEHOLD_2_228,HOUSEHOLD_2,HOUSEHOLD,686,3537.9199999999996,523,0.0001541289650093055,0.8975010994211469,B,523,3.711281070745698,0.21623764520145955,Intermittent
HOUSEHOLD_2_182,HOUSEHOLD_2,HOUSEHOLD,506,3537.9,402,0.00015412809371224392,0.8976552275148592,B,402,4.8283582089552235,0.2252318086971016,Intermittent
HOUSEHOLD_2_145,HOUSEHOLD_2,HOUSEHOLD,891,3537.27,598,0.00015410064785480342,0.897809328162714,B,598,3.245819397993311,0.2757328263635205,Intermittent
FOODS_3_130,FOODS_3,FOODS,1366,3537.0,566,0.00015408888534447179,0.8979634170480585,B,566,3.429328621908127,0.6549109799836501,Lumpy
FOODS_3_543,FOODS_3,FOODS,934,3524.86,611,0.00015356000802807884,0.8981169770560866,B,611,3.176759410801964,0.3888334090406312,Intermittent
HOUSEHOLD_1_529,HOUSEHOLD_1,HOUSEHOLD,1185,3517.53,613,0.00015324067765500138,0.8982702177337416,B,613,3.166394779771615,0.36390722116972635,Intermittent
HOUSEHOLD_1_295,HOUSEHOLD_1,HOUSEHOLD,1180,3516.4,786,0.0001531914493710208,0.8984234091831126,B,786,2.469465648854962,0.28627918985136774,Intermittent
FOODS_3_018,FOODS_3,FOODS,779,3512.58,394,0.00015302503163225464,0.8985764342147449,B,394,4.926395939086294,0.35721909172203997,Intermittent
FOODS_1_066,FOODS_1,FOODS,2586,3511.05,1078,0.00015295837740704203,0.8987293925921519,B,1078,1.800556586270872,0.6577334830620848,Lumpy
HOUSEHOLD_1_484,HOUSEHOLD_1,HOUSEHOLD,352,3509.44,230,0.000152888237993583,0.8988822808301454,B,230,8.439130434782609,0.2708703625175935,Intermittent
HOBBIES_1_218,HOBBIES_1,HOBBIES,331,3507.98,256,0.00015282463330808599,0.8990351054634536,B,256,7.58203125,0.17599621734583898,Intermittent
FOODS_3_504,FOODS_3,FOODS,2667,3506.64,1046,0.00015276625640495858,0.8991878717198585,B,1046,1.855640535372849,0.6018789028974294,Lumpy
FOODS_3_198,FOODS_3,FOODS,616,3505.84,395,0.0001527314045224945,0.899340603124381,B,395,4.913924050632912,0.31449263353661294,Intermittent
HOUSEHOLD_2_265,HOUSEHOLD_2,HOUSEHOLD,705,3503.85,514,0.00015264471046486498,0.8994932478348459,B,514,3.7762645914396886,0.23834510071769127,Intermittent
HOUSEHOLD_2_207,HOUSEHOLD_2,HOUSEHOLD,512,3500.31,428,0.00015249049088496126,0.8996457383257308,B,428,4.535046728971962,0.14649095021589592,Intermittent
FOODS_2_262,FOODS_2,FOODS,1747,3496.24,876,0.00015231318193292508,0.8997980515076637,B,876,2.2157534246575343,0.4387784297396985,Intermittent
FOODS_3_649,FOODS_3,FOODS,607,3494.1200000000003,430,0.0001522208244443952,0.8999502723321081,B,430,4.513953488372093,0.280911880970505,Intermittent
FOODS_1_188,FOODS_1,FOODS,1171,3489.58,511,0.00015202304001141133,0.9001022953721195,B,511,3.7984344422700587,0.48150112369229114,Intermittent
HOUSEHOLD_1_220,HOUSEHOLD_1,HOUSEHOLD,1851,3485.89,872,0.00015186228570354557,0.900254157657823,B,872,2.2259174311926606,0.3378337676779984,Intermittent
HOUSEHOLD_2_108,HOUSEHOLD_2,HOUSEHOLD,392,3483.4900000000002,302,0.00015175773005615326,0.9004059153878792,B,302,6.427152317880795,0.26260946781587396,Intermittent
FOODS_3_700,FOODS_3,FOODS,1330,3481.78,586,0.0001516832341573862,0.9005575986220365,B,586,3.3122866894197953,0.6528728375788131,Lumpy
HOUSEHOLD_2_370,HOUSEHOLD_2,HOUSEHOLD,582,3481.74,413,0.00015168149156326297,0.9007092801135999,B,413,4.699757869249395,0.3298157201733564,Intermittent
HOUSEHOLD_2_301,HOUSEHOLD_2,HOUSEHOLD,1767,3480.99,864,0.00015164881792345287,0.9008609289315233,B,864,2.2465277777777777,0.5416809607356554,Lumpy
FOODS_3_262,FOODS_3,FOODS,531,3478.2,310,0.00015152727198335927,0.9010124562035066,B,310,6.2612903225806456,0.270729791419546,Intermittent
FOODS_3_784,FOODS_3,FOODS,2686,3475.64,868,0.0001514157459594741,0.901163871949466,B,868,2.236175115207373,0.9932647323156955,Lumpy
HOBBIES_1_424,HOBBIES_1,HOBBIES,1973,3473.94,888,0.00015134168570923786,0.9013152136351752,B,888,2.185810810810811,0.8393449530353468,Lumpy
HOUSEHOLD_1_149,HOUSEHOLD_1,HOUSEHOLD,3575,3467.75,1276,0.00015107201926867176,0.9014662856544439,B,1276,1.5211598746081505,0.8261967095950808,Lumpy
HOUSEHOLD_1_306,HOUSEHOLD_1,HOUSEHOLD,1750,3447.5,669,0.00015018983099379882,0.9016164754854377,B,669,2.901345291479821,0.5338729551509228,Lumpy
HOBBIES_1_248,HOBBIES_1,HOBBIES,3638,3446.7799999999997,967,0.0001501584642995811,0.9017666339497372,B,967,2.0072388831437435,1.060174813185889,Lumpy
HOUSEHOLD_2_239,HOUSEHOLD_2,HOUSEHOLD,2778,3444.72,1265,0.000150068720702236,0.9019167026704394,B,1265,1.5343873517786562,0.41592267254593024,Intermittent
FOODS_2_042,FOODS_2,FOODS,1599,3440.52,702,0.00014988574831929942,0.9020665884187588,B,702,2.764957264957265,0.4121094959949279,Intermittent
HOUSEHOLD_1_154,HOUSEHOLD_1,HOUSEHOLD,1070,3432.62,644,0.00014954158597996626,0.9022161300047388,B,644,3.0139751552795033,0.31334882521132673,Intermittent
FOODS_2_120,FOODS_2,FOODS,1260,3427.2000000000003,666,0.00014930546447627192,0.902365435469215,B,666,2.9144144144144146,0.36896670247046187,Intermittent
HOBBIES_1_090,HOBBIES_1,HOBBIES,3342,3422.7400000000002,517,0.00014911116523153446,0.9025145466344465,B,517,3.754352030947776,1.0108972353619694,Lumpy
HOUSEHOLD_1_527,HOUSEHOLD_1,HOUSEHOLD,655,3418.4500000000003,421,0.00014892427201182063,0.9026634709064584,B,421,4.610451306413301,0.36978458908765954,Intermittent
FOODS_3_216,FOODS_3,FOODS,1365,3417.65,815,0.00014888942012935652,0.9028123603265877,B,815,2.38159509202454,0.37174784427531693,Intermittent
FOODS_2_281,FOODS_2,FOODS,466,3416.36,389,0.00014883322146888313,0.9029611935480566,B,389,4.989717223650386,0.13965056808417262,Intermittent
FOODS_1_028,FOODS_1,FOODS,1212,3408.96,392,0.00014851084155609006,0.9031097043896127,B,392,4.951530612244898,0.589845720790458,Lumpy
HOBBIES_1_007,HOBBIES_1,HOBBIES,432,3405.42,362,0.00014835662197618633,0.9032580610115889,B,362,5.361878453038674,0.140950064407282,Intermittent
FOODS_1_092,FOODS_1,FOODS,1859,3404.2400000000002,786,0.00014830521544955178,0.9034063662270384,B,786,2.469465648854962,0.5543368842076695,Lumpy
HOBBIES_2_131,HOBBIES_2,HOBBIES,563,3403.71,367,0.0001482821260774193,0.9035546483531158,B,367,5.2888283378746594,0.34983909322673046,Intermittent
FOODS_2_275,FOODS_2,FOODS,1390,3395.42,668,0.0001479209734453849,0.9037025693265612,B,668,2.905688622754491,0.5296454262387983,Lumpy
HOUSEHOLD_2_337,HOUSEHOLD_2,HOUSEHOLD,517,3395.39,422,0.0001479196664997925,0.903850488993061,B,422,4.599526066350711,0.18929659605233579,Intermittent
HOUSEHOLD_1_069,HOUSEHOLD_1,HOUSEHOLD,1724,3392.99,815,0.00014781511085240013,0.9039983041039134,B,815,2.38159509202454,0.4983457871291569,Lumpy
HOUSEHOLD_1_192,HOUSEHOLD_1,HOUSEHOLD,937,3391.94,717,0.000147769367756666,0.90414607347167,B,717,2.707112970711297,0.21466915475203785,Intermittent
HOUSEHOLD_2_031,HOUSEHOLD_2,HOUSEHOLD,571,3391.7400000000002,420,0.00014776065478605,0.904293834126456,B,420,4.621428571428571,0.23851034914207114,Intermittent
HOBBIES_1_118,HOBBIES_1,HOBBIES,306,3390.94,279,0.00014772580290358585,0.9044415599293596,B,279,6.956989247311828,0.08488710761494617,Intermittent
HOUSEHOLD_2_047,HOUSEHOLD_2,HOUSEHOLD,1043,3387.66,632,0.00014758291018548297,0.9045891428395451,B,632,3.0712025316455698,0.37806143095577016,Intermittent
HOUSEHOLD_1_012,HOUSEHOLD_1,HOUSEHOLD,864,3382.4,437,0.00014735375905828142,0.9047364965986033,B,437,4.441647597254004,0.4434444452309933,Intermittent
HOUSEHOLD_2_078,HOUSEHOLD_2,HOUSEHOLD,606,3376.72,430,0.00014710631069278618,0.9048836029092961,B,430,4.513953488372093,0.2558095362722359,Intermittent
HOUSEHOLD_2_321,HOUSEHOLD_2,HOUSEHOLD,641,3375.5499999999997,498,0.0001470553398146824,0.9050306582491108,B,498,3.897590361445783,0.20638403741732625,Intermittent
FOODS_3_118,FOODS_3,FOODS,2995,3372.1,1086,0.00014690504107155592,0.9051775632901823,B,1086,1.787292817679558,0.46089055647279603,Intermittent
HOUSEHOLD_1_448,HOUSEHOLD_1,HOUSEHOLD,3453,3371.17,799,0.0001468645257581914,0.9053244278159405,B,799,2.4292866082603255,0.5353154786881059,Lumpy
FOODS_1_091,FOODS_1,FOODS,1451,3366.62,793,0.00014666630567667673,0.9054710941216172,B,793,2.4476670870113493,0.4419982214669542,Intermittent
FOODS_2_203,FOODS_2,FOODS,1011,3359.37,523,0.00014635046049184567,0.905617444582109,B,523,3.711281070745698,0.40636497659788856,Intermittent
FOODS_3_123,FOODS_3,FOODS,1276,3357.03,615,0.00014624851873563816,0.9057636931008447,B,615,3.15609756097561,0.5881496172435978,Lumpy
HOUSEHOLD_1_217,HOUSEHOLD_1,HOUSEHOLD,1766,3352.1800000000003,842,0.00014603722919819944,0.9059097303300429,B,842,2.3052256532066506,0.32328320535022825,Intermittent
HOUSEHOLD_1_002,HOUSEHOLD_1,HOUSEHOLD,540,3348.7999999999997,397,0.00014588997999478854,0.9060556203100376,B,397,4.889168765743073,0.27774350154494143,Intermittent
HOUSEHOLD_2_367,HOUSEHOLD_2,HOUSEHOLD,469,3344.93,408,0.00014572138401336838,0.906201341694051,B,408,4.757352941176471,0.17084440264913184,Intermittent
FOODS_1_213,FOODS_1,FOODS,1438,3334.66,822,0.0001452739729722353,0.9063466156670232,B,822,2.3613138686131387,0.4745647287900803,Intermittent
HOUSEHOLD_2_281,HOUSEHOLD_2,HOUSEHOLD,670,3331.8999999999996,540,0.00014515373397773408,0.906491769401001,B,540,3.5944444444444446,0.2153687575194112,Intermittent
FOODS_3_093,FOODS_3,FOODS,1566,3328.48,704,0.0001450047421802,0.9066367741431811,B,704,2.757102272727273,0.4112504769617232,Intermittent
HOUSEHOLD_2_442,HOUSEHOLD_2,HOUSEHOLD,2246,3324.08,1096,0.00014481305682664738,0.9067815872000078,B,1096,1.770985401459854,0.36519596192367343,Intermittent
FOODS_2_188,FOODS_2,FOODS,1190,3324.0099999999998,671,0.00014481000728693176,0.9069263972072947,B,671,2.892697466467958,0.3936662707225118,Intermittent
FOODS_3_027,FOODS_3,FOODS,1435,3322.2,600,0.0001447311549028567,0.9070711283621976,B,600,3.235,0.5110315198529131,Lumpy
FOODS_3_525,FOODS_3,FOODS,1660,3320.0,657,0.00014463531222608039,0.9072157636744237,B,657,2.954337899543379,0.46653823566378316,Intermittent
FOODS_3_641,FOODS_3,FOODS,1593,3307.2000000000003,623,0.00014407768210665455,0.9073598413565304,B,623,3.115569823434992,0.38795919517064587,Intermittent
HOUSEHOLD_1_167,HOUSEHOLD_1,HOUSEHOLD,1169,3305.78,750,0.00014401582001528074,0.9075038571765457,B,750,2.588,0.2950666933375231,Intermittent
FOODS_3_726,FOODS_3,FOODS,1320,3305.22,603,0.00014399142369755582,0.9076478486002433,B,603,3.218905472636816,0.3613637393262132,Intermittent
HOUSEHOLD_1_174,HOUSEHOLD_1,HOUSEHOLD,578,3300.52,373,0.00014378666888807917,0.9077916352691313,B,373,5.2037533512064345,0.42801618818935916,Intermittent
FOODS_2_002,FOODS_2,FOODS,1645,3298.9399999999996,590,0.00014371783642021252,0.9079353531055515,B,590,3.2898305084745765,0.4832184748273395,Intermittent
FOODS_3_299,FOODS_3,FOODS,2192,3288.0,619,0.00014324123692751575,0.9080785943424791,B,619,3.135702746365105,0.462169063504322,Intermittent
FOODS_1_001,FOODS_1,FOODS,1526,3280.0,846,0.0001428927181028746,0.9082214870605819,B,846,2.2943262411347516,0.5548385576765917,Lumpy
FOODS_3_486,FOODS_3,FOODS,1214,3278.04,725,0.0001428073309908375,0.9083642943915727,B,725,2.677241379310345,0.3473751807805843,Intermittent
HOBBIES_1_358,HOBBIES_1,HOBBIES,1269,3277.97,601,0.00014280428145112189,0.9085070986730238,B,601,3.2296173044925123,0.38187911488997434,Intermittent
FOODS_2_010,FOODS_2,FOODS,1309,3273.45,691,0.00014260736831519965,0.908649706041339,B,691,2.808972503617945,0.3938769682589271,Intermittent
HOUSEHOLD_2_073,HOUSEHOLD_2,HOUSEHOLD,159,3272.08,149,0.00014254768446647983,0.9087922537258055,B,149,13.026845637583893,0.06722065604230078,Intermittent
FOODS_3_048,FOODS_3,FOODS,2176,3270.88,860,0.00014249540664278368,0.9089347491324483,B,860,2.2569767441860464,0.48736621560688614,Intermittent
FOODS_1_030,FOODS_1,FOODS,1048,3269.2400000000002,562,0.00014242396028373225,0.9090771730927321,B,562,3.4537366548042705,0.5657793196051114,Lumpy
HOUSEHOLD_1_326,HOUSEHOLD_1,HOUSEHOLD,672,3268.1,464,0.00014237429635122087,0.9092195473890833,B,464,4.183189655172414,0.32823006812516214,Intermittent
HOUSEHOLD_2_357,HOUSEHOLD_2,HOUSEHOLD,405,3268.06,314,0.00014237255375709767,0.9093619199428404,B,314,6.181528662420382,0.2662281377079098,Intermittent
FOODS_1_034,FOODS_1,FOODS,596,3267.8199999999997,444,0.00014236209819235842,0.9095042820410328,B,444,4.371621621621622,0.24800237274000742,Intermittent
FOODS_3_711,FOODS_3,FOODS,16261,3267.2000000000003,1275,0.00014233508798344876,0.9096466171290163,B,1275,1.5223529411764707,0.8127500209021611,Lumpy
HOUSEHOLD_2_285,HOUSEHOLD_2,HOUSEHOLD,699,3264.33,544,0.00014221005685510874,0.9097888271858714,B,544,3.568014705882353,0.24186654494657275,Intermittent
FOODS_2_365,FOODS_2,FOODS,305,3263.6800000000003,203,0.00014218173970060666,0.909931008925572,B,203,9.561576354679802,0.2560314617863291,Intermittent
HOUSEHOLD_2_095,HOUSEHOLD_2,HOUSEHOLD,507,3251.29,403,0.00014164197117094365,0.9100726508967429,B,403,4.816377171215881,0.1747115834371863,Intermittent
FOODS_3_747,FOODS_3,FOODS,3246,3246.0,670,0.00014141151309814967,0.910214062409841,B,670,2.8970149253731345,0.5141709010133508,Lumpy
FOODS_3_050,FOODS_3,FOODS,1628,3243.84,821,0.00014131741301549657,0.9103553798228565,B,821,2.364190012180268,0.4905740791688677,Lumpy
HOUSEHOLD_1_150,HOUSEHOLD_1,HOUSEHOLD,265,3240.46,235,0.00014117016381208567,0.9104965499866686,B,235,8.259574468085106,0.10139265425844282,Intermittent
HOUSEHOLD_2_234,HOUSEHOLD_2,HOUSEHOLD,550,3238.65,399,0.0001410913114280106,0.9106376412980967,B,399,4.864661654135339,0.2246025831637526,Intermittent
HOBBIES_2_009,HOBBIES_2,HOBBIES,622,3228.95,461,0.0001406687323531332,0.9107783100304498,B,461,4.210412147505423,0.33528753478741863,Intermittent
HOUSEHOLD_2_159,HOUSEHOLD_2,HOUSEHOLD,817,3222.3500000000004,586,0.00014038120432280428,0.9109186912347726,B,586,3.3122866894197953,0.22507843242027628,Intermittent
HOUSEHOLD_1_360,HOUSEHOLD_1,HOUSEHOLD,812,3221.04,634,0.00014032413436526926,0.9110590153691379,B,634,3.0615141955835963,0.19071431312436277,Intermittent
HOUSEHOLD_2_054,HOUSEHOLD_2,HOUSEHOLD,664,3220.08,480,0.00014028231210631232,0.9111992976812442,B,480,4.04375,0.2612497427898578,Intermittent
FOODS_3_029,FOODS_3,FOODS,2377,3219.67,971,0.00014026445051654947,0.9113395621317607,B,971,1.9989701338825954,0.5467378532419352,Lumpy
FOODS_3_040,FOODS_3,FOODS,1285,3216.88,759,0.00014014290457645587,0.9114797050363371,B,759,2.5573122529644268,0.27959864609991536,Intermittent
HOUSEHOLD_2_069,HOUSEHOLD_2,HOUSEHOLD,319,3216.6899999999996,276,0.0001401346272543706,0.9116198396635915,B,276,7.032608695652174,0.12603521084609115,Intermittent
HOUSEHOLD_2_232,HOUSEHOLD_2,HOUSEHOLD,686,3213.58,506,0.0001399991405612914,0.9117598388041528,B,506,3.83596837944664,0.24129489388177577,Intermittent
FOODS_1_193,FOODS_1,FOODS,672,3210.71,306,0.00013987410943295137,0.9118997129135857,B,306,6.3431372549019605,0.5780209727333552,Lumpy
HOUSEHOLD_1_213,HOUSEHOLD_1,HOUSEHOLD,716,3207.6800000000003,436,0.00013974210792811855,0.9120394550215138,B,436,4.451834862385321,0.3360130178036974,Intermittent
HOUSEHOLD_2_417,HOUSEHOLD_2,HOUSEHOLD,807,3203.79,619,0.00013957264064963677,0.9121790276621635,B,619,3.135702746365105,0.20649437070488344,Intermittent
HOUSEHOLD_1_026,HOUSEHOLD_1,HOUSEHOLD,1112,3203.54,578,0.00013956174943636674,0.9123185894115999,B,578,3.358131487889273,0.3851994561103358,Intermittent
HOUSEHOLD_2_173,HOUSEHOLD_2,HOUSEHOLD,460,3191.92,382,0.00013905552584357546,0.9124576449374435,B,382,5.0811518324607325,0.14855523966876538,Intermittent
FOODS_2_231,FOODS_2,FOODS,1258,3191.71,609,0.00013904637722442862,0.9125966913146679,B,609,3.187192118226601,0.5494120409065689,Lumpy
FOODS_3_266,FOODS_3,FOODS,841,3184.54,570,0.000138734017227844,0.9127354253318958,B,570,3.405263157894737,0.30367819469658963,Intermittent
HOUSEHOLD_2_002,HOUSEHOLD_2,HOUSEHOLD,1190,3177.2999999999997,750,0.00013841860769154372,0.9128738439395874,B,750,2.588,0.2958538319906617,Intermittent
HOUSEHOLD_1_525,HOUSEHOLD_1,HOUSEHOLD,786,3176.52,564,0.00013838462710614123,0.9130122285666935,B,564,3.4414893617021276,0.2877311860932968,Intermittent
FOODS_1_033,FOODS_1,FOODS,581,3176.0499999999997,340,0.00013836415162519355,0.9131505927183187,B,340,5.708823529411765,0.46486570123163334,Intermittent
HOUSEHOLD_1_322,HOUSEHOLD_1,HOUSEHOLD,1111,3173.9,531,0.00013827048719107125,0.9132888632055097,B,531,3.6553672316384183,0.3441503343989614,Intermittent
FOODS_3_691,FOODS_3,FOODS,424,3171.52,311,0.0001381668028407405,0.9134270300083505,B,311,6.241157556270096,0.1873347405803925,Intermittent
HOUSEHOLD_2_260,HOUSEHOLD_2,HOUSEHOLD,455,3171.35,387,0.00013815939681571687,0.9135651894051662,B,387,5.015503875968992,0.13878634717215826,Intermittent
FOODS_3_105,FOODS_3,FOODS,1101,3170.88,516,0.00013813892133476922,0.9137033283265009,B,516,3.761627906976744,0.4340787951128261,Intermittent
HOUSEHOLD_2_361,HOUSEHOLD_2,HOUSEHOLD,447,3170.26,343,0.00013811191112585953,0.9138414402376268,B,343,5.658892128279883,0.20740216263256547,Intermittent
HOUSEHOLD_1_530,HOUSEHOLD_1,HOUSEHOLD,1613,3168.16,823,0.0001380204249343912,0.9139794606625612,B,823,2.3584447144592953,0.4090844529914772,Intermittent
HOUSEHOLD_2_305,HOUSEHOLD_2,HOUSEHOLD,593,3167.31,475,0.00013798339480927308,0.9141174440573705,B,475,4.086315789473685,0.16065718005414717,Intermittent
HOUSEHOLD_1_371,HOUSEHOLD_1,HOUSEHOLD,641,3166.5400000000004,321,0.0001379498498724014,0.9142553939072429,B,321,6.046728971962617,0.39732813454503846,Intermittent
HOUSEHOLD_2_475,HOUSEHOLD_2,HOUSEHOLD,637,3164.4,430,0.00013785662108680986,0.9143932505283296,B,430,4.513953488372093,0.24786244169686483,Intermittent
FOODS_3_470,FOODS_3,FOODS,1752,3163.92,594,0.0001378357099573314,0.9145310862382869,B,594,3.2676767676767677,0.5909272721691766,Lumpy
FOODS_3_684,FOODS_3,FOODS,1679,3162.4199999999996,738,0.00013777036267771116,0.9146688566009646,B,738,2.630081300813008,0.41816572573598787,Intermittent
HOUSEHOLD_2_127,HOUSEHOLD_2,HOUSEHOLD,539,3156.96,366,0.0001375324985798936,0.9148063890995445,B,366,5.30327868852459,0.3072579715431412,Intermittent
FOODS_2_009,FOODS_2,FOODS,2106,3153.28,922,0.00013737217992055867,0.9149437612794651,B,922,2.1052060737527114,0.4681455488081785,Intermittent
FOODS_2_319,FOODS_2,FOODS,1140,3151.8799999999997,643,0.00013731118912624644,0.9150810724685914,B,643,3.018662519440124,0.3671191159705026,Intermittent
FOODS_3_051,FOODS_3,FOODS,1590,3148.2,662,0.00013715087046691152,0.9152182233390583,B,662,2.93202416918429,0.481264939717515,Intermittent
HOUSEHOLD_2_074,HOUSEHOLD_2,HOUSEHOLD,3241,3142.02,1368,0.00013688163967487624,0.9153551049787332,B,1368,1.418859649122807,0.3477967782577499,Intermittent
HOUSEHOLD_2_446,HOUSEHOLD_2,HOUSEHOLD,126,3141.18,118,0.0001368450451982889,0.9154919500239315,B,118,16.449152542372882,0.07089559470511851,Intermittent
FOODS_2_077,FOODS_2,FOODS,497,3137.44,305,0.00013668211264776918,0.9156286321365792,B,305,6.363934426229508,0.3482790473647772,Intermittent
FOODS_1_138,FOODS_1,FOODS,1255,3135.0,540,0.00013657581440625362,0.9157652079509855,B,540,3.5944444444444446,0.6534123688998779,Lumpy
HOUSEHOLD_2_090,HOUSEHOLD_2,HOUSEHOLD,525,3134.25,407,0.00013654314076644352,0.915901751091752,B,407,4.7690417690417695,0.2306110563765737,Intermittent
FOODS_3_627,FOODS_3,FOODS,1098,3128.34,653,0.00013628567248473986,0.9160380367642367,B,653,2.972434915773354,0.3795896654443795,Intermittent
HOUSEHOLD_2_235,HOUSEHOLD_2,HOUSEHOLD,441,3125.77,353,0.0001361737108123239,0.916174210475049,B,353,5.498583569405099,0.211261727600406,Intermittent
FOODS_2_199,FOODS_2,FOODS,3058,3125.62,1089,0.00013616717608436185,0.9163103776511333,B,1089,1.7823691460055096,0.494320698752044,Lumpy
HOUSEHOLD_1_230,HOUSEHOLD_1,HOUSEHOLD,971,3114.68,657,0.00013569057659166506,0.916446068227725,B,657,2.954337899543379,0.39774977836187436,Intermittent
FOODS_3_823,FOODS_3,FOODS,1141,3108.32,523,0.00013541350412607536,0.916581481731851,B,523,3.711281070745698,0.4426424923435502,Intermittent
HOUSEHOLD_2_014,HOUSEHOLD_2,HOUSEHOLD,521,3107.16,411,0.00013536296889650237,0.9167168447007475,B,411,4.7226277372262775,0.24370287178249495,Intermittent
FOODS_3_604,FOODS_3,FOODS,1240,3106.78,594,0.00013534641425233193,0.9168521911149998,B,594,3.2676767676767677,0.3457355323028115,Intermittent
FOODS_3_345,FOODS_3,FOODS,1199,3105.53,570,0.00013529195818598176,0.9169874830731858,B,570,3.405263157894737,0.8598753741234805,Lumpy
HOUSEHOLD_2_398,HOUSEHOLD_2,HOUSEHOLD,398,3105.13,326,0.0001352745322447497,0.9171227576054305,B,326,5.95398773006135,0.15709409047557063,Intermittent
HOUSEHOLD_1_340,HOUSEHOLD_1,HOUSEHOLD,626,3104.0400000000004,458,0.00013522704655489234,0.9172579846519854,B,458,4.237991266375546,0.3190319681573011,Intermittent
HOUSEHOLD_2_049,HOUSEHOLD_2,HOUSEHOLD,907,3101.94,577,0.00013513556036342402,0.9173931202123488,B,577,3.363951473136915,0.3128479317357032,Intermittent
HOUSEHOLD_2_447,HOUSEHOLD_2,HOUSEHOLD,1574,3100.78,719,0.00013508502513385107,0.9175282052374826,B,719,2.6995827538247568,0.7771950162181185,Lumpy
FOODS_3_147,FOODS_3,FOODS,919,3099.22,235,0.00013501706396304604,0.9176632223014456,B,235,8.259574468085106,0.4077376992003642,Intermittent
HOUSEHOLD_2_312,HOUSEHOLD_2,HOUSEHOLD,780,3096.6000000000004,388,0.00013490292404797608,0.9177981252254935,B,388,5.002577319587629,0.34268465428870926,Intermittent
HOUSEHOLD_2_106,HOUSEHOLD_2,HOUSEHOLD,369,3096.5,298,0.00013489856756266806,0.9179330237930562,B,298,6.5134228187919465,0.22417158811574248,Intermittent
FOODS_1_203,FOODS_1,FOODS,1418,3089.92,609,0.0001346119108294007,0.9180676357038856,B,609,3.187192118226601,0.654778014496794,Lumpy
HOUSEHOLD_1_164,HOUSEHOLD_1,HOUSEHOLD,1073,3088.31,537,0.00013454177141594166,0.9182021774753015,B,537,3.6145251396648046,0.4528008987614745,Intermittent
HOBBIES_1_292,HOBBIES_1,HOBBIES,469,3086.02,329,0.00013444200790238813,0.9183366194832039,B,329,5.899696048632219,0.2526854261636848,Intermittent
HOUSEHOLD_2_247,HOUSEHOLD_2,HOUSEHOLD,773,3068.81,583,0.00013369225678087885,0.9184703117399847,B,583,3.3293310463121784,0.24050799495624978,Intermittent
HOBBIES_1_125,HOBBIES_1,HOBBIES,261,3068.53,172,0.0001336800586220164,0.9186039917986067,B,172,11.284883720930232,0.37320073130963805,Intermittent
FOODS_3_781,FOODS_3,FOODS,1220,3061.0,731,0.0001333520152783229,0.918737343813885,B,731,2.6552667578659372,0.348140859173959,Intermittent
HOBBIES_1_240,HOBBIES_1,HOBBIES,1060,3060.2,676,0.00013331716339585878,0.9188706609772809,B,676,2.871301775147929,0.30600624975277896,Intermittent
FOODS_1_209,FOODS_1,FOODS,1308,3058.16,793,0.0001332282910955753,0.9190038892683764,B,793,2.4476670870113493,0.3418246407792912,Intermittent
FOODS_3_582,FOODS_3,FOODS,1556,3058.08,889,0.0001332248059073289,0.9191371140742838,B,889,2.1833520809898763,0.4119148301971986,Intermittent
HOUSEHOLD_2_490,HOUSEHOLD_2,HOUSEHOLD,876,3048.48,419,0.0001328065833177595,0.9192699206576015,B,419,4.6324582338902145,0.3834290226239442,Intermittent
HOUSEHOLD_2_028,HOUSEHOLD_2,HOUSEHOLD,513,3047.2200000000003,423,0.00013275169160287853,0.9194026723492044,B,423,4.588652482269503,0.15604072124270113,Intermittent
FOODS_1_011,FOODS_1,FOODS,1195,3046.1,578,0.00013270289896742874,0.9195353752481717,B,578,3.358131487889273,0.466424160794363,Intermittent
FOODS_2_398,FOODS_2,FOODS,1266,3040.6,666,0.00013246329227548795,0.9196678385404472,B,666,2.9144144144144146,0.4134372002871671,Intermittent
HOUSEHOLD_2_401,HOUSEHOLD_2,HOUSEHOLD,912,3036.96,509,0.00013230471621027622,0.9198001432566575,B,509,3.8133595284872297,0.35804655615568,Intermittent
HOUSEHOLD_1_279,HOUSEHOLD_1,HOUSEHOLD,3127,3033.19,1107,0.0001321404767141641,0.9199322837333717,B,1107,1.7533875338753389,0.6433982549855787,Lumpy
HOUSEHOLD_2_268,HOUSEHOLD_2,HOUSEHOLD,556,3032.3199999999997,435,0.00013210257529198434,0.9200643863086636,B,435,4.462068965517242,0.2811506969208308,Intermittent
FOODS_2_331,FOODS_2,FOODS,1056,3026.46,619,0.0001318472852529347,0.9201962335939166,B,619,3.135702746365105,0.36277507289632893,Intermittent
HOUSEHOLD_2_394,HOUSEHOLD_2,HOUSEHOLD,492,3023.94,390,0.00013173750182317274,0.9203279710957397,B,390,4.976923076923077,0.2185854606680747,Intermittent
FOODS_2_049,FOODS_2,FOODS,1190,3022.87,672,0.000131690887430377,0.9204596619831701,B,672,2.888392857142857,0.4166556139419037,Intermittent
HOUSEHOLD_2_096,HOUSEHOLD_2,HOUSEHOLD,871,3022.3700000000003,575,0.00013166910500383693,0.9205913310881739,B,575,3.3756521739130436,0.3246757943981131,Intermittent
FOODS_1_176,FOODS_1,FOODS,980,3018.1400000000003,517,0.00013148482567530793,0.9207228159138492,B,517,3.754352030947776,0.8513051005879327,Lumpy
HOUSEHOLD_2_125,HOUSEHOLD_2,HOUSEHOLD,340,3017.88,273,0.00013147349881350708,0.9208542894126627,B,273,7.1098901098901095,0.19568218247506614,Intermittent
FOODS_2_122,FOODS_2,FOODS,618,3014.19,490,0.00013131274450564135,0.9209856021571683,B,490,3.9612244897959186,0.17813713363330608,Intermittent
FOODS_2_011,FOODS_2,FOODS,1079,3012.98,603,0.00013126003103341435,0.9211168621882017,B,603,3.218905472636816,0.3840385983035945,Intermittent
HOUSEHOLD_2_231,HOUSEHOLD_2,HOUSEHOLD,757,3004.88,586,0.0001309071557234652,0.9212477693439252,B,586,3.3122866894197953,0.21624060340121268,Intermittent
FOODS_3_401,FOODS_3,FOODS,1513,2995.74,846,0.00013050897296631265,0.9213782783168915,B,846,2.2943262411347516,0.3630205055083154,Intermittent
FOODS_3_005,FOODS_3,FOODS,1455,2994.0,921,0.0001304331701219532,0.9215087114870134,B,921,2.1074918566775245,0.31112677501189867,Intermittent
FOODS_2_111,FOODS_2,FOODS,494,2992.88,363,0.00013038437748650344,0.9216390958644999,B,363,5.347107438016529,0.229294649851951,Intermittent
FOODS_3_353,FOODS_3,FOODS,333,2990.34,161,0.00013027372275967988,0.9217693695872595,B,161,12.055900621118013,0.6431927422918411,Lumpy
FOODS_3_229,FOODS_3,FOODS,822,2984.46,476,0.00013001756142356864,0.9218993871486831,B,476,4.0777310924369745,0.4705156536892517,Intermittent
HOUSEHOLD_1_341,HOUSEHOLD_1,HOUSEHOLD,613,2983.08,420,0.00012995744192631804,0.9220293445906095,B,420,4.621428571428571,0.4260921458939021,Intermittent
FOODS_2_105,FOODS_2,FOODS,952,2981.98,533,0.00012990952058792988,0.9221592541111974,B,533,3.641651031894934,0.42518291178700557,Intermittent
FOODS_1_168,FOODS_1,FOODS,1384,2980.86,753,0.00012986072795248012,0.9222891148391499,B,753,2.5776892430278884,0.4401822441991266,Intermittent
HOUSEHOLD_1_492,HOUSEHOLD_1,HOUSEHOLD,751,2978.77,576,0.00012976967740954261,0.9224188845165594,B,576,3.3697916666666665,0.23512942584206065,Intermittent
HOBBIES_1_111,HOBBIES_1,HOBBIES,966,2978.12,531,0.0001297413602550405,0.9225486258768144,B,531,3.6553672316384183,0.6240679044382318,Lumpy
HOUSEHOLD_1_238,HOUSEHOLD_1,HOUSEHOLD,1199,2973.52,708,0.00012954096193087185,0.9226781668387453,B,708,2.7415254237288136,0.29713831744091135,Intermittent
FOODS_2_372,FOODS_2,FOODS,332,2973.3,251,0.00012953137766319423,0.9228076982164084,B,251,7.733067729083666,0.24431419654521713,Intermittent
FOODS_3_584,FOODS_3,FOODS,2966,2966.0,1042,0.00012921335423570916,0.9229369115706441,B,1042,1.862763915547025,0.7447338055501316,Lumpy
HOUSEHOLD_2_273,HOUSEHOLD_2,HOUSEHOLD,563,2964.3399999999997,434,0.0001291410365795961,0.9230660526072236,B,434,4.472350230414746,0.21773745411913525,Intermittent
HOUSEHOLD_2_184,HOUSEHOLD_2,HOUSEHOLD,1507,2958.94,904,0.00012890578637296334,0.9231949583935966,B,904,2.14712389380531,0.34301537787031916,Intermittent
FOODS_2_383,FOODS_2,FOODS,1462,2953.3199999999997,563,0.00012866095189865292,0.9233236193454952,B,563,3.447602131438721,0.5033202593038231,Lumpy
FOODS_3_341,FOODS_3,FOODS,742,2953.16,503,0.0001286539815221601,0.9234522733270174,B,503,3.8588469184890655,0.3217176194633704,Intermittent
FOODS_3_068,FOODS_3,FOODS,1284,2952.48,717,0.0001286243574220656,0.9235808976844395,B,717,2.707112970711297,0.3809028934975659,Intermittent
FOODS_2_133,FOODS_2,FOODS,1067,2951.07,627,0.00012856293097922262,0.9237094606154187,B,627,3.0956937799043063,0.3481915384529191,Intermittent
HOBBIES_1_277,HOBBIES_1,HOBBIES,1673,2947.35,703,0.00012840086972576445,0.9238378614851445,B,703,2.7610241820768135,0.6095949720711197,Lumpy
FOODS_3_431,FOODS_3,FOODS,2947,2947.0,1005,0.00012838562202718642,0.9239662471071717,B,1005,1.9313432835820896,0.4679019909719096,Intermittent
HOUSEHOLD_1_503,HOUSEHOLD_1,HOUSEHOLD,2938,2943.98,1314,0.00012825405617088439,0.9240945011633426,B,1314,1.4771689497716896,0.3925671996752347,Intermittent
HOUSEHOLD_2_143,HOUSEHOLD_2,HOUSEHOLD,455,2940.72,380,0.0001281120347498431,0.9242226131980924,B,380,5.1078947368421055,0.16599654803139977,Intermittent
FOODS_2_190,FOODS_2,FOODS,1061,2937.81,564,0.0001279852610273799,0.9243505984591198,B,564,3.4414893617021276,0.4582571192348747,Intermittent
FOODS_3_075,FOODS_3,FOODS,1020,2937.6,606,0.00012797611240823305,0.924478574571528,B,606,3.202970297029703,0.35190711773284894,Intermittent
HOUSEHOLD_2_142,HOUSEHOLD_2,HOUSEHOLD,1491,2937.27,923,0.0001279617360067166,0.9246065363075348,B,923,2.102925243770314,0.38590562761619496,Intermittent
HOBBIES_1_188,HOBBIES_1,HOBBIES,228,2936.6400000000003,193,0.00012793429014927612,0.924734470597684,B,193,10.05699481865285,0.144253119549605,Intermittent
FOODS_3_347,FOODS_3,FOODS,1378,2936.31,659,0.00012791991374775966,0.9248623905114317,B,659,2.945371775417299,0.47288649799736104,Intermittent
HOUSEHOLD_1_099,HOUSEHOLD_1,HOUSEHOLD,1240,2935.9,762,0.0001279020521579968,0.9249902925635897,B,762,2.547244094488189,0.3325487986807436,Intermittent
HOUSEHOLD_1_283,HOUSEHOLD_1,HOUSEHOLD,1983,2934.84,702,0.00012785587341373187,0.9251181484370034,B,702,2.764957264957265,0.4221718742960421,Intermittent
FOODS_2_394,FOODS_2,FOODS,1095,2927.31,620,0.00012752783007003837,0.9252456762670734,B,620,3.1306451612903228,0.36103768884108495,Intermittent
FOODS_3_663,FOODS_3,FOODS,1619,2922.42,490,0.00012731479793847645,0.9253729910650119,B,490,3.9612244897959186,0.733121962098674,Lumpy
FOODS_3_630,FOODS_3,FOODS,1121,2918.0,573,0.00012712224128786222,0.9255001133062998,B,573,3.387434554973822,0.48870741900055775,Intermittent
HOUSEHOLD_2_378,HOUSEHOLD_2,HOUSEHOLD,417,2915.56,326,0.00012701594304634665,0.9256271292493461,B,326,5.95398773006135,0.25499609167121196,Intermittent
FOODS_3_531,FOODS_3,FOODS,1175,2914.0,501,0.00012694798187554165,0.9257540772312216,B,501,3.874251497005988,0.5095055239474877,Lumpy
HOUSEHOLD_1_400,HOUSEHOLD_1,HOUSEHOLD,418,2913.46,351,0.00012692445685487836,0.9258810016880765,B,351,5.52991452991453,0.17368224824784903,Intermittent
HOUSEHOLD_2_287,HOUSEHOLD_2,HOUSEHOLD,1541,2911.98,930,0.00012685998087231975,0.9260078616689489,B,930,2.087096774193548,0.35895581980223396,Intermittent
HOUSEHOLD_1_320,HOUSEHOLD_1,HOUSEHOLD,648,2905.02,440,0.00012655676949488193,0.9261344184384438,B,440,4.411363636363636,0.23491127074842386,Intermittent
HOUSEHOLD_1_507,HOUSEHOLD_1,HOUSEHOLD,1719,2902.3799999999997,738,0.00012644175828275034,0.9262608601967266,B,738,2.630081300813008,0.5119278275634049,Lumpy
HOUSEHOLD_2_332,HOUSEHOLD_2,HOUSEHOLD,442,2900.14,377,0.00012634417301185083,0.9263872043697384,B,377,5.1485411140583555,0.12343094309062802,Intermittent
FOODS_2_041,FOODS_2,FOODS,767,2897.6,515,0.00012623351828502726,0.9265134378880234,B,515,3.7689320388349516,0.3268961621624957,Intermittent
HOBBIES_1_340,HOBBIES_1,HOBBIES,365,2896.4300000000003,267,0.00012618254740692352,0.9266396204354304,B,267,7.269662921348314,0.3299729526480868,Intermittent
FOODS_1_068,FOODS_1,FOODS,809,2896.2200000000003,410,0.00012617339878777669,0.9267657938342181,B,410,4.734146341463415,0.49529265670330197,Lumpy
HOBBIES_1_152,HOBBIES_1,HOBBIES,577,2892.46,399,0.0001260095949401953,0.9268918034291583,B,399,4.864661654135339,0.2626299922912019,Intermittent
HOUSEHOLD_2_075,HOUSEHOLD_2,HOUSEHOLD,1561,2891.7400000000002,947,0.00012597822824597763,0.9270177816574043,B,947,2.0496304118268216,0.3220946428117331,Intermittent
FOODS_3_554,FOODS_3,FOODS,767,2890.84,535,0.0001259390198782055,0.9271437206772826,B,535,3.62803738317757,0.2891843783651319,Intermittent
HOUSEHOLD_2_279,HOUSEHOLD_2,HOUSEHOLD,654,2887.96,486,0.00012581355310133468,0.9272695342303839,B,486,3.993827160493827,0.28229113971280495,Intermittent
FOODS_2_005,FOODS_2,FOODS,772,2886.2400000000002,543,0.00012573862155403683,0.927395272851938,B,543,3.574585635359116,0.29977823149664296,Intermittent
FOODS_2_151,FOODS_2,FOODS,1388,2884.3399999999997,530,0.00012565584833318453,0.9275209287002713,B,530,3.6622641509433964,0.5730255532180251,Lumpy
FOODS_1_182,FOODS_1,FOODS,1433,2884.29,714,0.00012565367009053055,0.9276465823703618,B,714,2.7184873949579833,0.44880287782940365,Intermittent
FOODS_3_297,FOODS_3,FOODS,998,2874.24,551,0.00012521584331707508,0.9277717982136788,B,551,3.5226860254083485,0.3493615651780886,Intermittent
FOODS_3_191,FOODS_3,FOODS,2873,2873.0,1099,0.0001251618228992557,0.9278969600365781,B,1099,1.7661510464058234,0.5176638208930529,Lumpy
HOUSEHOLD_2_405,HOUSEHOLD_2,HOUSEHOLD,513,2872.93,340,0.0001251587733595401,0.9280221188099376,B,340,5.708823529411765,0.3070599978203045,Intermittent
HOUSEHOLD_2_102,HOUSEHOLD_2,HOUSEHOLD,1152,2869.48,537,0.0001250084746164136,0.928147127284554,B,537,3.6145251396648046,0.3213449354788552,Intermittent
FOODS_1_119,FOODS_1,FOODS,851,2869.02,527,0.00012498843478399673,0.928272115719338,B,527,3.683111954459203,0.4671990549774003,Intermittent
HOUSEHOLD_2_435,HOUSEHOLD_2,HOUSEHOLD,480,2865.6,394,0.00012483944298646263,0.9283969551623245,B,394,4.926395939086294,0.25584031311846206,Intermittent
HOBBIES_1_395,HOBBIES_1,HOBBIES,383,2864.84,269,0.00012480633369812174,0.9285217614960226,B,269,7.215613382899628,0.2828859777763149,Intermittent
HOUSEHOLD_2_303,HOUSEHOLD_2,HOUSEHOLD,411,2864.02,331,0.000124770610518596,0.9286465321065412,B,331,5.86404833836858,0.16640276349371133,Intermittent
HOUSEHOLD_2_416,HOUSEHOLD_2,HOUSEHOLD,880,2862.2400000000002,594,0.00012469306508011336,0.9287712251716214,B,594,3.2676767676767677,0.41052065767285,Intermittent
FOODS_2_202,FOODS_2,FOODS,933,2862.24,674,0.00012469306508011333,0.9288959182367015,B,674,2.879821958456973,0.21205883089089908,Intermittent
HOUSEHOLD_1_156,HOUSEHOLD_1,HOUSEHOLD,1047,2858.31,356,0.00012452185520750838,0.929020440091909,B,356,5.452247191011236,0.34708688158944295,Intermittent
FOODS_3_426,FOODS_3,FOODS,957,2843.58,582,0.00012388014492163785,0.9291443202368306,B,582,3.3350515463917527,0.3178878131660831,Intermittent
HOUSEHOLD_2_136,HOUSEHOLD_2,HOUSEHOLD,585,2837.35,459,0.00012360873588694853,0.9292679289727175,B,459,4.228758169934641,0.19814371721660945,Intermittent
FOODS_1_125,FOODS_1,FOODS,552,2837.1600000000003,333,0.00012360045856486332,0.9293915294312823,B,333,5.828828828828829,0.37595176310155576,Intermittent
FOODS_3_310,FOODS_3,FOODS,2834,2834.0,1116,0.00012346279362913007,0.9295149922249115,B,1116,1.739247311827957,0.4421611598788502,Intermittent
FOODS_3_579,FOODS_3,FOODS,1467,2833.8599999999997,708,0.00012345669454969882,0.9296384489194612,B,708,2.7415254237288136,0.48867887170472374,Intermittent
HOUSEHOLD_2_377,HOUSEHOLD_2,HOUSEHOLD,576,2830.48,476,0.00012330944534628795,0.9297617583648076,B,476,4.0777310924369745,0.3464792478882393,Intermittent
FOODS_1_147,FOODS_1,FOODS,610,2830.16,400,0.0001232955045933023,0.9298850538694009,B,400,4.8525,0.312256049960968,Intermittent
HOUSEHOLD_1_305,HOUSEHOLD_1,HOUSEHOLD,952,2827.44,544,0.00012317700819292432,0.9300082308775939,B,544,3.568014705882353,0.5700755440297671,Lumpy
HOUSEHOLD_1_311,HOUSEHOLD_1,HOUSEHOLD,713,2823.77,384,0.00012301712518212018,0.930131248002776,B,384,5.0546875,0.4173809995450201,Intermittent
HOUSEHOLD_2_427,HOUSEHOLD_2,HOUSEHOLD,872,2822.53,632,0.0001229631047643008,0.9302542111075404,B,632,3.0712025316455698,0.26877389900987214,Intermittent
HOUSEHOLD_2_316,HOUSEHOLD_2,HOUSEHOLD,389,2819.37,335,0.00012282543982856755,0.9303770365473689,B,335,5.794029850746269,0.14054549619643086,Intermittent
FOODS_3_058,FOODS_3,FOODS,1423,2817.54,569,0.00012274571614743089,0.9304997822635164,B,569,3.4112478031634446,0.5236457795052998,Lumpy
FOODS_3_193,FOODS_3,FOODS,1164,2811.96,711,0.00012250262426724367,0.9306222848877836,B,711,2.729957805907173,0.3764594394938026,Intermittent
HOUSEHOLD_1_396,HOUSEHOLD_1,HOUSEHOLD,708,2811.7200000000003,426,0.00012249216870250445,0.9307447770564862,B,426,4.556338028169014,0.29927573212565683,Intermittent
HOUSEHOLD_2_482,HOUSEHOLD_2,HOUSEHOLD,479,2811.6600000000003,369,0.00012248955481131965,0.9308672666112975,B,369,5.260162601626016,0.20514012032647203,Intermittent
HOUSEHOLD_2_410,HOUSEHOLD_2,HOUSEHOLD,2034,2806.9199999999996,1135,0.00012228305740771974,0.9309895496687052,B,1135,1.7101321585903084,0.35721545811609257,Intermittent
FOODS_2_235,FOODS_2,FOODS,1016,2803.0,552,0.00012211228318364557,0.9311116619518888,B,552,3.516304347826087,0.4167758607749521,Intermittent
FOODS_2_301,FOODS_2,FOODS,904,2795.92,483,0.00012180384402383815,0.9312334657959126,B,483,4.0186335403726705,0.4690922407873842,Intermittent
FOODS_3_016,FOODS_3,FOODS,938,2795.24,361,0.00012177421992374365,0.9313552400158364,B,361,5.376731301939058,0.4027003398077134,Intermittent
FOODS_3_650,FOODS_3,FOODS,938,2795.24,523,0.00012177421992374365,0.9314770142357601,B,523,3.711281070745698,0.4703142951795649,Intermittent
HOUSEHOLD_2_056,HOUSEHOLD_2,HOUSEHOLD,472,2788.23,331,0.00012146883030365184,0.9315984830660637,B,331,5.86404833836858,0.27858150958014505,Intermittent
FOODS_1_143,FOODS_1,FOODS,1409,2787.64,636,0.00012144312704033455,0.9317199261931041,B,636,3.05188679245283,0.6062655435512296,Lumpy
FOODS_2_350,FOODS_2,FOODS,557,2784.0600000000004,360,0.00012128716486630765,0.9318412133579703,B,360,5.391666666666667,0.27134606975899145,Intermittent
HOUSEHOLD_2_158,HOUSEHOLD_2,HOUSEHOLD,243,2781.4900000000002,212,0.00012117520319389168,0.9319623885611642,B,212,9.15566037735849,0.11711664639673107,Intermittent
HOUSEHOLD_2_068,HOUSEHOLD_2,HOUSEHOLD,965,2779.2,607,0.00012107543968033812,0.9320834640008445,B,607,3.197693574958814,0.29306085785898783,Intermittent
HOUSEHOLD_1_455,HOUSEHOLD_1,HOUSEHOLD,935,2776.9500000000003,501,0.00012097741876090782,0.9322044414196055,B,501,3.874251497005988,0.3468549263633509,Intermittent
FOODS_2_265,FOODS_2,FOODS,767,2773.58,458,0.00012083060520602772,0.9323252720248115,B,458,4.237991266375546,0.46542911988809393,Intermittent
HOUSEHOLD_1_534,HOUSEHOLD_1,HOUSEHOLD,278,2771.6600000000003,188,0.00012074696068811386,0.9324460189854996,B,188,10.324468085106384,0.21255861082687735,Intermittent
FOODS_3_489,FOODS_3,FOODS,1399,2770.02,437,0.0001206755143290624,0.9325666944998287,B,437,4.441647597254004,0.4369008379214675,Intermittent
FOODS_2_068,FOODS_2,FOODS,376,2768.6800000000003,311,0.00012061713742593503,0.9326873116372546,B,311,6.241157556270096,0.1576055706859037,Intermittent
FOODS_1_132,FOODS_1,FOODS,1508,2768.66,691,0.0001206162661288734,0.9328079279033835,B,691,2.808972503617945,0.8054939794436593,Lumpy
FOODS_3_558,FOODS_3,FOODS,913,2760.22,609,0.00012024857876887697,0.9329281764821524,B,609,3.187192118226601,0.3133909177852923,Intermittent
FOODS_2_234,FOODS_2,FOODS,991,2757.33,509,0.00012012267634347537,0.9330482991584959,B,509,3.8133595284872297,0.41418288083699406,Intermittent
FOODS_3_553,FOODS_3,FOODS,1100,2757.32,600,0.00012012224069494458,0.9331684213991908,B,600,3.235,0.3175540501386612,Intermittent
FOODS_2_193,FOODS_2,FOODS,509,2757.12,346,0.00012011352772432853,0.9332885349269151,B,346,5.609826589595376,0.28958448393035147,Intermittent
FOODS_3_530,FOODS_3,FOODS,1640,2755.2,362,0.00012002988320641466,0.9334085648101215,B,362,5.361878453038674,0.2750817265148532,Intermittent
HOUSEHOLD_1_495,HOUSEHOLD_1,HOUSEHOLD,783,2751.42,488,0.00011986520806177171,0.9335284300181832,B,488,3.9774590163934427,0.3562657090063494,Intermittent
HOUSEHOLD_2_012,HOUSEHOLD_2,HOUSEHOLD,586,2749.7400000000002,435,0.00011979201910859708,0.9336482220372918,B,435,4.462068965517242,0.24198017170111072,Intermittent
HOUSEHOLD_2_204,HOUSEHOLD_2,HOUSEHOLD,212,2749.6400000000003,191,0.00011978766262328907,0.9337680096999151,B,191,10.162303664921465,0.08839444642221432,Intermittent
HOUSEHOLD_2_300,HOUSEHOLD_2,HOUSEHOLD,345,2747.15,280,0.0001196791861391195,0.9338876888860542,B,280,6.932142857142857,0.14144192772970948,Intermittent
HOUSEHOLD_2_093,HOUSEHOLD_2,HOUSEHOLD,862,2745.9500000000003,539,0.00011962690831542333,0.9340073157943697,B,539,3.601113172541744,0.3993013347346092,Intermittent
FOODS_2_186,FOODS_2,FOODS,510,2736.36,353,0.00011920912137438474,0.9341265249157441,B,353,5.498583569405099,0.27107934885184026,Intermittent
HOUSEHOLD_2_079,HOUSEHOLD_2,HOUSEHOLD,611,2731.17,489,0.00011898301978689879,0.934245507935531,B,489,3.9693251533742333,0.20943340809721997,Intermittent
FOODS_3_055,FOODS_3,FOODS,830,2728.6,511,0.00011887105811448281,0.9343643789936454,B,511,3.7984344422700587,0.32988348005772156,Intermittent
FOODS_2_095,FOODS_2,FOODS,617,2727.14,338,0.0001188074534289858,0.9344831864470744,B,338,5.742603550295858,0.4102536933015082,Intermittent
FOODS_2_145,FOODS_2,FOODS,1159,2726.12,390,0.00011876301727884405,0.9346019494643533,B,390,4.976923076923077,0.3896661466256117,Intermittent
FOODS_2_027,FOODS_2,FOODS,1197,2725.35,434,0.00011872947234197233,0.9347206789366952,B,434,4.472350230414746,0.6222597221639741,Lumpy
HOUSEHOLD_2_032,HOUSEHOLD_2,HOUSEHOLD,332,2722.2400000000002,278,0.0001185939856488931,0.934839272922344,B,278,6.982014388489208,0.18101111330625466,Intermittent
FOODS_2_338,FOODS_2,FOODS,917,2721.9900000000002,378,0.00011858309443562307,0.9349578560167796,B,378,5.134920634920635,0.3003692444947576,Intermittent
FOODS_2_125,FOODS_2,FOODS,1068,2719.56,572,0.0001184772318426383,0.9350763332486223,B,572,3.3933566433566433,0.38174300464017424,Intermittent
FOODS_2_257,FOODS_2,FOODS,2719,2719.0,830,0.00011845283552491343,0.9351947860841472,B,830,2.33855421686747,0.5206366441413123,Lumpy
HOBBIES_1_044,HOBBIES_1,HOBBIES,1835,2718.68,1060,0.00011843889477192777,0.9353132249789191,B,1060,1.8311320754716982,0.3990296367070246,Intermittent
HOUSEHOLD_1_462,HOUSEHOLD_1,HOUSEHOLD,1150,2717.8,494,0.00011840055770121726,0.9354316255366203,B,494,3.92914979757085,0.5505375107842498,Lumpy
HOUSEHOLD_1_037,HOUSEHOLD_1,HOUSEHOLD,679,2712.23,489,0.00011815790146956084,0.9355497834380898,B,489,3.9693251533742333,0.24463474515495065,Intermittent
FOODS_3_333,FOODS_3,FOODS,1364,2700.72,539,0.00011765647001060837,0.9356674399081004,B,539,3.601113172541744,0.571856057235918,Lumpy
FOODS_2_236,FOODS_2,FOODS,905,2698.5,490,0.00011755975603677045,0.9357849996641372,B,490,3.9612244897959186,0.44573735954310956,Intermittent
FOODS_3_373,FOODS_3,FOODS,1478,2688.84,596,0.00011713891955601627,0.9359021385836932,B,596,3.2567114093959733,0.6025425060863557,Lumpy
HOUSEHOLD_2_007,HOUSEHOLD_2,HOUSEHOLD,1042,2688.36,622,0.0001171180084265378,0.9360192565921197,B,622,3.120578778135048,0.5740197774671443,Lumpy
FOODS_2_167,FOODS_2,FOODS,1060,2684.74,604,0.00011696030365838765,0.9361362168957781,B,604,3.2135761589403975,0.3800025858603038,Intermittent
HOUSEHOLD_2_038,HOUSEHOLD_2,HOUSEHOLD,451,2678.94,374,0.00011670762751052282,0.9362529245232886,B,374,5.189839572192513,0.14960774338012114,Intermittent
FOODS_3_637,FOODS_3,FOODS,901,2678.58,526,0.00011669194416341397,0.936369616467452,B,526,3.6901140684410647,0.36201447680615617,Intermittent
HOUSEHOLD_2_513,HOUSEHOLD_2,HOUSEHOLD,963,2677.14,524,0.00011662921077497856,0.9364862456782269,B,524,3.704198473282443,0.4332015356909696,Intermittent
HOBBIES_1_045,HOBBIES_1,HOBBIES,253,2676.7400000000002,174,0.00011661178483374652,0.9366028574630607,B,174,11.155172413793103,0.2436945960543663,Intermittent
FOODS_3_521,FOODS_3,FOODS,1053,2674.62,477,0.0001165194273452166,0.936719376890406,B,477,4.069182389937107,0.46405351533556655,Intermittent
FOODS_3_213,FOODS_3,FOODS,1248,2668.16,634,0.00011623799839431886,0.9368356148888003,B,634,3.0615141955835963,0.5640059701306509,Lumpy
FOODS_3_550,FOODS_3,FOODS,895,2660.66,518,0.00011591126199621778,0.9369515261507965,B,518,3.747104247104247,0.46560969966128335,Intermittent
FOODS_2_191,FOODS_2,FOODS,299,2660.02,184,0.00011588338049024649,0.9370674095312868,B,184,10.548913043478262,0.4327610178808159,Intermittent
FOODS_3_660,FOODS_3,FOODS,1819,2655.62,851,0.00011569169513669385,0.9371831012264235,B,851,2.280846063454759,0.7382262687026419,Lumpy
HOUSEHOLD_2_322,HOUSEHOLD_2,HOUSEHOLD,1193,2648.46,623,0.00011537977078864002,0.9372984809972121,B,623,3.115569823434992,0.43163499426662827,Intermittent
FOODS_2_137,FOODS_2,FOODS,1044,2644.21,590,0.00011519462016304941,0.9374136756173752,B,590,3.2898305084745765,0.3462989892473616,Intermittent
HOUSEHOLD_1_424,HOUSEHOLD_1,HOUSEHOLD,887,2634.3300000000004,651,0.00011476419941461759,0.9375284398167898,B,651,2.9815668202764978,0.33350966372008123,Intermittent
FOODS_1_039,FOODS_1,FOODS,1060,2628.8,620,0.00011452328577708438,0.9376429631025669,B,620,3.1306451612903228,0.586813329644904,Lumpy
FOODS_2_313,FOODS_2,FOODS,288,2628.28,253,0.0001145006320534827,0.9377574637346204,B,253,7.67193675889328,0.11685365455981771,Intermittent
HOUSEHOLD_2_480,HOUSEHOLD_2,HOUSEHOLD,499,2628.23,400,0.00011449845381082869,0.9378719621884313,B,400,4.8525,0.21015909398517882,Intermittent
HOUSEHOLD_1_244,HOUSEHOLD_1,HOUSEHOLD,830,2626.9,509,0.0001144405125562321,0.9379864027009875,B,509,3.8133595284872297,0.28617698190542246,Intermittent
FOODS_3_696,FOODS_3,FOODS,582,2624.52,312,0.00011433682820590135,0.9381007395291935,B,312,6.221153846153846,0.3902755759263127,Intermittent
HOBBIES_1_289,HOBBIES_1,HOBBIES,526,2614.22,360,0.00011388811021917586,0.9382146276394127,B,360,5.391666666666667,0.2811232478072056,Intermittent
HOUSEHOLD_2_389,HOUSEHOLD_2,HOUSEHOLD,1326,2612.22,481,0.00011380098051301556,0.9383284286199257,B,481,4.035343035343035,0.3022431276432143,Intermittent
HOUSEHOLD_2_058,HOUSEHOLD_2,HOUSEHOLD,262,2612.1400000000003,225,0.00011379749532476918,0.9384422261152505,B,225,8.626666666666667,0.17421991413254304,Intermittent
FOODS_3_010,FOODS_3,FOODS,934,2610.92,549,0.00011374434620401138,0.9385559704614546,B,549,3.5355191256830603,0.37892340493951576,Intermittent
FOODS_3_309,FOODS_3,FOODS,1318,2609.64,797,0.00011368858319206879,0.9386696590446466,B,797,2.435382685069009,0.3474854828206251,Intermittent
HOUSEHOLD_1_245,HOUSEHOLD_1,HOUSEHOLD,1019,2609.48,456,0.00011368161281557598,0.9387833406574622,B,456,4.256578947368421,0.3696524989493429,Intermittent
FOODS_3_006,FOODS_3,FOODS,331,2608.2799999999997,258,0.0001136293349918798,0.9388969699924541,B,258,7.523255813953488,0.19466475634258348,Intermittent
HOBBIES_1_313,HOBBIES_1,HOBBIES,2120,2607.6,1138,0.0001135997108917853,0.9390105697033458,B,1138,1.7056239015817223,0.3873918564308151,Intermittent
HOUSEHOLD_2_283,HOUSEHOLD_2,HOUSEHOLD,458,2605.91,360,0.00011352608629007986,0.939124095789636,B,360,5.391666666666667,0.18125901298071073,Intermittent
HOBBIES_1_389,HOBBIES_1,HOBBIES,219,2603.4700000000003,188,0.00011341978804856432,0.9392375155776845,B,188,10.324468085106384,0.133547455614282,Intermittent
FOODS_3_752,FOODS_3,FOODS,12886,2600.0,1330,0.0001132686180083762,0.939350784195693,B,1330,1.4593984962406015,0.8769278403177468,Lumpy
HOUSEHOLD_2_165,HOUSEHOLD_2,HOUSEHOLD,444,2592.96,368,0.00011296192144269198,0.9394637461171357,B,368,5.274456521739131,0.20272603408327686,Intermittent
FOODS_2_180,FOODS_2,FOODS,1072,2590.88,499,0.00011287130654828529,0.9395766174236839,B,499,3.8897795591182365,0.42248671744787103,Intermittent
FOODS_3_433,FOODS_3,FOODS,2589,2589.0,1071,0.00011278940462449462,0.9396894068283084,B,1071,1.8123249299719888,0.4904165367313355,Lumpy
FOODS_2_358,FOODS_2,FOODS,980,2587.13,564,0.00011270793834923474,0.9398021147666576,B,564,3.4414893617021276,0.393667588179289,Intermittent
FOODS_3_114,FOODS_3,FOODS,999,2580.96,418,0.00011243914320573025,0.9399145539098633,B,418,4.643540669856459,0.5547946412023911,Lumpy
HOBBIES_2_024,HOBBIES_2,HOBBIES,541,2580.5699999999997,329,0.00011242215291302898,0.9400269760627764,B,329,5.899696048632219,0.42551632214912094,Intermittent
FOODS_3_667,FOODS_3,FOODS,1278,2577.44,811,0.00011228579492288815,0.9401392618576992,B,811,2.3933415536374847,0.2754687919372077,Intermittent
FOODS_2_270,FOODS_2,FOODS,748,2571.02,286,0.00011200610856611362,0.9402512679662653,B,286,6.786713286713287,0.4984398713045593,Lumpy
HOUSEHOLD_1_190,HOUSEHOLD_1,HOUSEHOLD,520,2569.73,333,0.00011194990990564022,0.9403632178761709,B,333,5.828828828828829,0.2939671036215868,Intermittent
FOODS_1_071,FOODS_1,FOODS,1293,2568.12,592,0.00011187977049218118,0.9404750976466631,B,592,3.2787162162162162,0.47775379822811465,Intermittent
HOUSEHOLD_2_433,HOUSEHOLD_2,HOUSEHOLD,417,2565.99,348,0.00011178697735512048,0.9405868846240183,B,348,5.577586206896552,0.15518256926397594,Intermittent
FOODS_3_749,FOODS_3,FOODS,1416,2564.88,490,0.00011173862036820153,0.9406986232443865,B,490,3.9612244897959186,0.775798046342527,Lumpy
HOBBIES_1_142,HOBBIES_1,HOBBIES,2724,2562.06,895,0.00011161576748251551,0.940810239011869,B,895,2.1687150837988827,0.7558230831739592,Lumpy
HOUSEHOLD_1_065,HOUSEHOLD_1,HOUSEHOLD,2614,2561.72,879,0.00011160095543246825,0.9409218399673015,B,879,2.2081911262798637,0.5850018896182556,Lumpy
FOODS_3_658,FOODS_3,FOODS,915,2557.8599999999997,544,0.0001114327950995789,0.9410332727624011,B,544,3.568014705882353,0.3918684846738107,Intermittent
HOUSEHOLD_1_076,HOUSEHOLD_1,HOUSEHOLD,514,2553.1200000000003,387,0.00011122629769597904,0.9411444990600971,B,387,5.015503875968992,0.21636097693838066,Intermittent
HOUSEHOLD_2_082,HOUSEHOLD_2,HOUSEHOLD,533,2550.25,421,0.00011110126656763901,0.9412556003266648,B,421,4.610451306413301,0.19638394674774126,Intermittent
HOUSEHOLD_1_183,HOUSEHOLD_1,HOUSEHOLD,525,2548.74,355,0.00011103548363948798,0.9413666358103042,B,355,5.467605633802817,0.31075291133402533,Intermittent
HOUSEHOLD_1_509,HOUSEHOLD_1,HOUSEHOLD,833,2548.11,380,0.0001110080377820475,0.9414776438480863,B,380,5.1078947368421055,0.41015197997021335,Intermittent
HOUSEHOLD_2_384,HOUSEHOLD_2,HOUSEHOLD,453,2547.37,350,0.00011097579979076819,0.9415886196478771,B,350,5.545714285714285,0.17906616444055545,Intermittent
HOBBIES_1_239,HOBBIES_1,HOBBIES,857,2545.29,521,0.00011088518489636149,0.9416995048327734,B,521,3.72552783109405,0.4415888698141793,Intermittent
FOODS_3_690,FOODS_3,FOODS,255,2544.9,186,0.00011086819460366024,0.9418103730273771,B,186,10.435483870967742,0.1765895445618629,Intermittent
FOODS_3_608,FOODS_3,FOODS,1436,2544.24,594,0.00011083944180062733,0.9419212124691778,B,594,3.2676767676767677,0.5939519446105775,Lumpy
HOBBIES_1_290,HOBBIES_1,HOBBIES,466,2539.17,382,0.00011061856799551101,0.9420318310371734,B,382,5.0811518324607325,0.1861233664935726,Intermittent
HOUSEHOLD_2_229,HOUSEHOLD_2,HOUSEHOLD,541,2536.94,410,0.00011052141837314228,0.9421423524555465,B,410,4.734146341463415,0.21224648490142065,Intermittent
FOODS_2_132,FOODS_2,FOODS,906,2536.46,561,0.00011050050724366381,0.9422528529627902,B,561,3.4598930481283423,0.308672669431792,Intermittent
FOODS_1_169,FOODS_1,FOODS,799,2534.6,419,0.00011041947661693474,0.9423632724394071,B,419,4.6324582338902145,0.7087989325963165,Lumpy
FOODS_2_312,FOODS_2,FOODS,505,2533.38,329,0.00011036632749617697,0.9424736387669033,B,329,5.899696048632219,0.3414200664210349,Intermittent
HOUSEHOLD_1_367,HOUSEHOLD_1,HOUSEHOLD,637,2528.8900000000003,485,0.00011017072130584713,0.9425838094882091,B,485,4.002061855670103,0.22800350987469964,Intermittent
FOODS_3_599,FOODS_3,FOODS,1276,2526.48,469,0.00011006573000992397,0.942693875218219,B,469,4.138592750533049,0.42272797195237977,Intermittent
HOUSEHOLD_1_010,HOUSEHOLD_1,HOUSEHOLD,826,2523.32,423,0.00010992806507419071,0.9428038032832932,B,423,4.588652482269503,0.38968473210894206,Intermittent
HOBBIES_1_418,HOBBIES_1,HOBBIES,643,2522.42,410,0.00010988885670641858,0.9429136921399995,B,410,4.734146341463415,0.4658149699148686,Intermittent
FOODS_3_508,FOODS_3,FOODS,2520,2520.0,946,0.00010978342976196462,0.9430234755697615,B,946,2.051797040169133,0.6557164519736949,Lumpy
HOUSEHOLD_2_062,HOUSEHOLD_2,HOUSEHOLD,865,2518.2799999999997,574,0.00010970849821466677,0.9431331840679762,B,574,3.3815331010452963,0.35617264990786573,Intermittent
HOUSEHOLD_1_461,HOUSEHOLD_1,HOUSEHOLD,2593,2515.21,1268,0.00010957475411571073,0.9432427588220919,B,1268,1.5307570977917981,0.41794614583204803,Intermittent
FOODS_1_198,FOODS_1,FOODS,980,2514.2000000000003,507,0.0001095307536140998,0.9433522895757059,B,507,3.828402366863905,0.6716162320377047,Lumpy
HOUSEHOLD_1_195,HOUSEHOLD_1,HOUSEHOLD,647,2510.36,480,0.00010936346457827204,0.9434616530402842,B,480,4.04375,0.2813996096256978,Intermittent
FOODS_2_205,FOODS_2,FOODS,879,2508.02,513,0.0001092615228220645,0.9435709145631063,B,513,3.783625730994152,0.5354471859747929,Lumpy
FOODS_2_213,FOODS_2,FOODS,641,2507.55,313,0.00010924104734111683,0.9436801556104474,B,313,6.201277955271565,0.5840784333401414,Lumpy
FOODS_3_361,FOODS_3,FOODS,1263,2500.74,656,0.00010894437069164103,0.943789099981139,B,656,2.9588414634146343,0.3992415975030407,Intermittent
FOODS_3_780,FOODS_3,FOODS,839,2500.22,342,0.00010892171696803936,0.9438980216981071,B,342,5.675438596491228,0.45645533878620553,Intermittent
FOODS_3_803,FOODS_3,FOODS,2500,2500.0,668,0.00010891213270036173,0.9440069338308075,B,668,2.905688622754491,0.6422106732233881,Lumpy
FOODS_2_221,FOODS_2,FOODS,2297,2499.36,669,0.00010888425119439045,0.9441158180820018,B,669,2.901345291479821,0.5062006181872305,Lumpy
FOODS_3_547,FOODS_3,FOODS,12443,2499.1000000000004,1381,0.00010887292433258962,0.9442246910063344,B,1381,1.4055032585083274,0.8172119688665435,Lumpy
HOBBIES_1_165,HOBBIES_1,HOBBIES,502,2494.94,385,0.0001086916945437762,0.9443333827008782,B,385,5.041558441558442,0.23197186767538083,Intermittent
HOUSEHOLD_2_205,HOUSEHOLD_2,HOUSEHOLD,427,2493.68,365,0.00010863680282889521,0.9444420195037071,B,365,5.317808219178082,0.14747884499816452,Intermittent
FOODS_2_163,FOODS_2,FOODS,893,2492.4,561,0.00010858103981695264,0.944550600543524,B,561,3.4598930481283423,0.37740906135869323,Intermittent
HOUSEHOLD_1_450,HOUSEHOLD_1,HOUSEHOLD,725,2492.0,398,0.00010856361387572057,0.9446591641573997,B,398,4.876884422110553,0.5908343300077566,Lumpy
HOUSEHOLD_2_407,HOUSEHOLD_2,HOUSEHOLD,504,2489.76,415,0.00010846602860482107,0.9447676301860045,B,415,4.67710843373494,0.16362809661348895,Intermittent
HOUSEHOLD_1_379,HOUSEHOLD_1,HOUSEHOLD,2565,2488.05,1173,0.00010839153270605402,0.9448760217187105,B,1173,1.6547314578005115,0.6063612373714828,Lumpy
FOODS_3_382,FOODS_3,FOODS,1256,2486.88,533,0.00010834056182795025,0.9449843622805385,B,533,3.641651031894934,0.3941098387907575,Intermittent
HOBBIES_1_038,HOBBIES_1,HOBBIES,774,2484.13,603,0.00010822075848197984,0.9450925830390204,B,603,3.218905472636816,0.18602450098733458,Intermittent
HOUSEHOLD_2_118,HOUSEHOLD_2,HOUSEHOLD,726,2483.7599999999998,502,0.00010820463948634018,0.9452007876785068,B,502,3.866533864541833,0.2901605360339286,Intermittent
FOODS_3_527,FOODS_3,FOODS,497,2475.0600000000004,317,0.00010782562526454295,0.9453086133037714,B,317,6.1230283911671926,0.3138612896337349,Intermittent
HOUSEHOLD_1_061,HOUSEHOLD_1,HOUSEHOLD,1316,2474.08,737,0.00010778293170852438,0.9454163962354799,B,737,2.633649932157395,0.3213587920554092,Intermittent
HOBBIES_1_014,HOBBIES_1,HOBBIES,2441,2473.18,1084,0.00010774372334075225,0.9455241399588207,B,1084,1.790590405904059,0.42723630615628116,Intermittent
FOODS_3_089,FOODS_3,FOODS,2473,2473.0,954,0.00010773588166719782,0.9456318758404879,B,954,2.0345911949685536,0.6118746422918261,Lumpy
FOODS_2_108,FOODS_2,FOODS,808,2470.4,504,0.00010762261304918945,0.9457394984535371,B,504,3.8511904761904763,0.3686856412744,Intermittent
FOODS_3_323,FOODS_3,FOODS,996,2470.08,528,0.0001076086722962038,0.9458471071258333,B,528,3.6761363636363638,0.47736415587592124,Intermittent
HOUSEHOLD_1_227,HOUSEHOLD_1,HOUSEHOLD,904,2467.92,378,0.0001075145722135507,0.9459546216980469,B,378,5.134920634920635,0.39144888472226197,Intermittent
HOUSEHOLD_1_433,HOUSEHOLD_1,HOUSEHOLD,275,2466.75,212,0.00010746360133544693,0.9460620852993823,B,212,9.15566037735849,0.23737755669578153,Intermittent
FOODS_3_440,FOODS_3,FOODS,518,2464.44,288,0.00010736296652483179,0.9461694482659071,B,288,6.739583333333333,0.4613296307698525,Intermittent
HOBBIES_1_206,HOBBIES_1,HOBBIES,831,2460.54,417,0.00010719306359781922,0.946276641329505,B,417,4.654676258992806,0.3298800373341944,Intermittent
HOUSEHOLD_1_393,HOUSEHOLD_1,HOUSEHOLD,1243,2457.22,690,0.00010704842828559313,0.9463836897577905,B,690,2.8130434782608695,0.43372877241808583,Intermittent
FOODS_3_370,FOODS_3,FOODS,352,2456.96,130,0.00010703710142379231,0.9464907268592143,B,130,14.930769230769231,0.46828452335191256,Intermittent
HOUSEHOLD_1_483,HOUSEHOLD_1,HOUSEHOLD,547,2456.02,436,0.00010699615046189697,0.9465977230096763,B,436,4.451834862385321,0.249371286737141,Intermittent
FOODS_3_717,FOODS_3,FOODS,1240,2455.2,835,0.00010696042728237125,0.9467046834369587,B,835,2.3245508982035927,0.30043133807210193,Intermittent
HOBBIES_1_114,HOBBIES_1,HOBBIES,411,2453.67,323,0.00010689377305715863,0.9468115772100159,B,323,6.0092879256965945,0.23405262653375306,Intermittent
FOODS_2_280,FOODS_2,FOODS,624,2445.7200000000003,397,0.00010654743247517149,0.946918124642491,B,397,4.889168765743073,1.2032846831023916,Lumpy
FOODS_3_778,FOODS_3,FOODS,1180,2443.5,715,0.00010645071850133356,0.9470245753609924,B,715,2.7146853146853145,0.36231368445108597,Intermittent
FOODS_2_227,FOODS_2,FOODS,553,2438.53,319,0.00010623420118152526,0.9471308095621739,B,319,6.084639498432602,0.3812624770865016,Intermittent
FOODS_2_303,FOODS_2,FOODS,1141,2433.0,555,0.00010599328754399203,0.9472368028497179,B,555,3.497297297297297,0.43017993706229574,Intermittent
FOODS_3_724,FOODS_3,FOODS,374,2432.7200000000003,321,0.00010598108938512962,0.947342783939103,B,321,6.046728971962617,0.147905644999857,Intermittent
HOUSEHOLD_2_043,HOUSEHOLD_2,HOUSEHOLD,507,2429.49,430,0.00010584037490968072,0.9474486243140127,B,430,4.513953488372093,0.18982558004300956,Intermittent
FOODS_2_269,FOODS_2,FOODS,841,2427.47,527,0.00010575237390645883,0.9475543766879191,B,527,3.683111954459203,0.29033107094650373,Intermittent
HOUSEHOLD_1_296,HOUSEHOLD_1,HOUSEHOLD,493,2415.47,350,0.00010522959566949709,0.9476596062835886,B,350,5.545714285714285,0.3329873192525787,Intermittent
FOODS_3_791,FOODS_3,FOODS,966,2415.0,552,0.00010520912018854944,0.9477648154037771,B,552,3.516304347826087,0.36356902107485467,Intermittent
FOODS_1_171,FOODS_1,FOODS,509,2414.86,260,0.00010520302110911823,0.9478700184248863,B,260,7.4653846153846155,0.56670966440498,Lumpy
HOUSEHOLD_1_148,HOUSEHOLD_1,HOUSEHOLD,409,2413.2799999999997,230,0.00010513418864125157,0.9479751526135275,B,230,8.439130434782609,0.3144271351170764,Intermittent
HOBBIES_1_382,HOBBIES_1,HOBBIES,1225,2413.25,812,0.00010513288169565919,0.9480802854952232,B,812,2.3903940886699506,0.28006502428344915,Intermittent
HOUSEHOLD_2_046,HOUSEHOLD_2,HOUSEHOLD,343,2411.81,279,0.00010507014830722377,0.9481853556435303,B,279,6.956989247311828,0.193538504456403,Intermittent
FOODS_3_445,FOODS_3,FOODS,971,2408.08,426,0.00010490765140523484,0.9482902632949356,B,426,4.556338028169014,0.5832115788720416,Lumpy
FOODS_3_762,FOODS_3,FOODS,675,2406.6800000000003,452,0.00010484666061092265,0.9483951099555465,B,452,4.29424778761062,0.3370287664358122,Intermittent
FOODS_2_239,FOODS_2,FOODS,178,2404.1400000000003,148,0.00010473600588409908,0.9484998459614307,B,148,13.114864864864865,0.1312999887494451,Intermittent
FOODS_2_065,FOODS_2,FOODS,2357,2397.92,959,0.00010446503249794057,0.9486043109939286,B,959,2.0239833159541187,0.5208366030907239,Lumpy
FOODS_3_605,FOODS_3,FOODS,905,2395.7400000000002,520,0.00010437006111822586,0.9487086810550468,B,520,3.7326923076923078,0.3956389002643599,Intermittent
HOBBIES_1_283,HOBBIES_1,HOBBIES,218,2393.64,165,0.00010427857492675754,0.9488129596299736,B,165,11.763636363636364,0.15361173096622804,Intermittent
HOBBIES_1_419,HOBBIES_1,HOBBIES,400,2392.0,320,0.00010420712856770611,0.9489171667585413,B,320,6.065625,0.20062695924764887,Intermittent
FOODS_3_253,FOODS_3,FOODS,1207,2389.86,654,0.0001041138997821146,0.9490212806583235,B,654,2.967889908256881,0.43044946202396567,Intermittent
FOODS_1_102,FOODS_1,FOODS,1359,2389.06,784,0.00010407904789965048,0.9491253597062231,B,784,2.475765306122449,0.41283630342410516,Intermittent
FOODS_3_419,FOODS_3,FOODS,881,2387.56,374,0.00010401370062003026,0.9492293734068432,B,374,5.189839572192513,0.4018379343665443,Intermittent
HOUSEHOLD_1_384,HOUSEHOLD_1,HOUSEHOLD,493,2386.12,331,0.00010395096723159486,0.9493333243740748,B,331,5.86404833836858,0.2577804675126615,Intermittent
HOUSEHOLD_1_052,HOUSEHOLD_1,HOUSEHOLD,592,2386.0,419,0.00010394573944922523,0.9494372701135241,B,419,4.6324582338902145,0.25594663457505756,Intermittent
HOBBIES_1_293,HOBBIES_1,HOBBIES,656,2382.48,462,0.00010379239116638314,0.9495410625046905,B,462,4.201298701298701,0.29752829570251155,Intermittent
FOODS_1_156,FOODS_1,FOODS,1021,2379.34,608,0.00010365559752771148,0.9496447181022182,B,608,3.192434210526316,0.3449503920423046,Intermittent
HOUSEHOLD_1_229,HOUSEHOLD_1,HOUSEHOLD,811,2375.56,570,0.00010349092238306852,0.9497482090246012,B,570,3.405263157894737,0.3742633444270895,Intermittent
FOODS_2_210,FOODS_2,FOODS,638,2374.42,370,0.00010344125845055717,0.9498516502830517,B,370,5.245945945945946,0.3626511122866163,Intermittent
HOUSEHOLD_2_317,HOUSEHOLD_2,HOUSEHOLD,534,2370.96,433,0.00010329052405889987,0.9499549408071106,B,433,4.482678983833718,0.1635234391519548,Intermittent
HOUSEHOLD_2_150,HOUSEHOLD_2,HOUSEHOLD,340,2369.7999999999997,271,0.00010323998882932688,0.95005818079594,C,271,7.162361623616236,0.28572561835191596,Intermittent
FOODS_1_142,FOODS_1,FOODS,1613,2366.29,805,0.00010308707619501559,0.950161267872135,C,805,2.4111801242236024,0.6068745631811028,Lumpy
FOODS_3_556,FOODS_3,FOODS,938,2365.56,499,0.00010305527385226708,0.9502643231459872,C,499,3.8897795591182365,0.5278147610285573,Lumpy
FOODS_2_179,FOODS_2,FOODS,475,2364.43,351,0.00010300604556828651,0.9503673291915554,C,351,5.52991452991453,0.2530422477245747,Intermittent
FOODS_3_603,FOODS_3,FOODS,2364,2364.0,457,0.00010298731268146206,0.9504703165042369,C,457,4.2472647702407,0.9355383590134057,Lumpy
HOUSEHOLD_2_363,HOUSEHOLD_2,HOUSEHOLD,395,2362.1000000000004,273,0.0001029045394606098,0.9505732210436975,C,273,7.1098901098901095,0.2625094017738486,Intermittent
HOUSEHOLD_1_454,HOUSEHOLD_1,HOUSEHOLD,794,2358.1800000000003,552,0.00010273376523653563,0.950675954808934,C,552,3.516304347826087,0.31920855763819667,Intermittent
HOUSEHOLD_2_494,HOUSEHOLD_2,HOUSEHOLD,397,2358.1800000000003,340,0.00010273376523653563,0.9507786885741705,C,340,5.708823529411765,0.15024934469193768,Intermittent
FOODS_1_116,FOODS_1,FOODS,932,2357.36,479,0.0001026980420570099,0.9508813866162275,C,479,4.052192066805845,0.5927131102018637,Lumpy
FOODS_3_518,FOODS_3,FOODS,818,2355.84,501,0.00010263182348032808,0.9509840184397078,C,501,3.874251497005988,0.27940586199269485,Intermittent
FOODS_3_205,FOODS_3,FOODS,2131,2354.06,602,0.00010255427804184541,0.9510865727177497,C,602,3.2242524916943522,1.0983434205826226,Lumpy
HOUSEHOLD_2_298,HOUSEHOLD_2,HOUSEHOLD,688,2353.04,501,0.00010250984189170367,0.9511890825596414,C,501,3.874251497005988,0.26428918503244986,Intermittent
FOODS_3_703,FOODS_3,FOODS,1188,2352.24,457,0.00010247499000923954,0.9512915575496507,C,457,4.2472647702407,0.37375030156647515,Intermittent
FOODS_3_642,FOODS_3,FOODS,745,2348.6,475,0.00010231641394402782,0.9513938739635946,C,475,4.086315789473685,0.3006193699793429,Intermittent
HOBBIES_1_220,HOBBIES_1,HOBBIES,757,2342.52,446,0.00010205153963730055,0.9514959255032319,C,446,4.352017937219731,0.42912974812574134,Intermittent
HOUSEHOLD_2_293,HOUSEHOLD_2,HOUSEHOLD,327,2342.19,297,0.0001020371632357841,0.9515979626664677,C,297,6.5353535353535355,0.08073644724600028,Intermittent
HOBBIES_2_078,HOBBIES_2,HOBBIES,375,2340.98,296,0.00010198444976355713,0.9516999471162312,C,296,6.5574324324324325,0.2194721265536725,Intermittent
FOODS_1_059,FOODS_1,FOODS,493,2338.17,262,0.00010186203252640192,0.9518018091487576,C,262,7.408396946564886,0.43861067133570325,Intermittent
FOODS_3_172,FOODS_3,FOODS,1310,2331.8,476,0.0001015845244122814,0.9519033936731699,C,476,4.0777310924369745,0.35766065896049476,Intermittent
HOUSEHOLD_1_115,HOUSEHOLD_1,HOUSEHOLD,470,2330.2,322,0.00010151482064735316,0.9520049084938172,C,322,6.027950310559007,0.3070286522566276,Intermittent
FOODS_2_273,FOODS_2,FOODS,826,2326.67,454,0.00010136103671598025,0.9521062695305332,C,454,4.275330396475771,0.4982922436845163,Lumpy
HOUSEHOLD_2_168,HOUSEHOLD_2,HOUSEHOLD,335,2324.9,282,0.0001012839269260284,0.9522075534574592,C,282,6.882978723404255,0.13375119410119957,Intermittent
HOBBIES_1_041,HOBBIES_1,HOBBIES,590,2322.0,473,0.00010115758885209598,0.9523087110463113,C,473,4.103594080338266,0.1798228640708154,Intermittent
HOUSEHOLD_1_049,HOUSEHOLD_1,HOUSEHOLD,395,2320.45,174,0.00010109006332982174,0.9524098011096411,C,174,11.155172413793103,0.4108663481193265,Intermittent
HOUSEHOLD_1_172,HOUSEHOLD_1,HOUSEHOLD,1176,2319.68,482,0.00010105651839295004,0.9525108576280341,C,482,4.026970954356846,0.6861874970475551,Lumpy
HOUSEHOLD_2_104,HOUSEHOLD_2,HOUSEHOLD,467,2316.7599999999998,372,0.00010092930902195601,0.9526117869370561,C,372,5.217741935483871,0.19282056007723747,Intermittent
HOUSEHOLD_2_329,HOUSEHOLD_2,HOUSEHOLD,815,2314.3,575,0.00010082213948337887,0.9527126090765394,C,575,3.3756521739130436,0.29815864366307787,Intermittent
HOUSEHOLD_2_470,HOUSEHOLD_2,HOUSEHOLD,2395,2311.54,1177,0.00010070190048887766,0.9528133109770283,C,1177,1.64910790144435,0.3740941018821044,Intermittent
FOODS_3_713,FOODS_3,FOODS,638,2310.84,308,0.00010067140509172157,0.95291398238212,C,308,6.3019480519480515,0.515022057655885,Lumpy
HOUSEHOLD_2_351,HOUSEHOLD_2,HOUSEHOLD,389,2310.6600000000003,325,0.00010066356341816715,0.9530146459455382,C,325,5.972307692307692,0.14088988815453313,Intermittent
HOUSEHOLD_1_263,HOUSEHOLD_1,HOUSEHOLD,302,2310.64,232,0.00010066269212110552,0.9531153086376593,C,232,8.366379310344827,0.2730509845110081,Intermittent
FOODS_3_539,FOODS_3,FOODS,861,2310.38,466,0.0001006513652593047,0.9532159600029185,C,466,4.165236051502146,0.4247075588821365,Intermittent
HOBBIES_1_214,HOBBIES_1,HOBBIES,235,2309.21,203,0.00010060039438120093,0.9533165603972997,C,203,9.561576354679802,0.12174049455647246,Intermittent
HOUSEHOLD_2_244,HOUSEHOLD_2,HOUSEHOLD,580,2303.7200000000003,429,0.00010036122333779094,0.9534169216206375,C,429,4.524475524475524,0.265684710013669,Intermittent
FOODS_2_228,FOODS_2,FOODS,475,2300.7999999999997,374,0.0001002340139667969,0.9535171556346043,C,374,5.189839572192513,0.20231379917268844,Intermittent
HOUSEHOLD_2_270,HOUSEHOLD_2,HOUSEHOLD,409,2300.33,326,0.00010021353848584924,0.9536173691730901,C,326,5.95398773006135,0.20304271072212443,Intermittent
HOUSEHOLD_1_131,HOUSEHOLD_1,HOUSEHOLD,465,2297.1000000000004,272,0.00010007282401040039,0.9537174419971005,C,272,7.136029411764706,0.3939979495528568,Intermittent
HOUSEHOLD_2_499,HOUSEHOLD_2,HOUSEHOLD,1166,2297.02,465,0.00010006933882215396,0.9538175113359226,C,465,4.174193548387096,0.41070379302837307,Intermittent
HOUSEHOLD_2_474,HOUSEHOLD_2,HOUSEHOLD,321,2296.39,275,0.00010004189296471347,0.9539175532288874,C,275,7.058181818181819,0.1401043890331515,Intermittent
FOODS_3_826,FOODS_3,FOODS,1790,2291.2,682,9.981579137722751e-05,0.9540173690202646,C,682,2.846041055718475,0.4224727119772792,Intermittent
HOUSEHOLD_1_064,HOUSEHOLD_1,HOUSEHOLD,396,2288.88,281,9.97147209180816e-05,0.9541170837411826,C,281,6.907473309608541,0.3020006613756614,Intermittent
FOODS_1_134,FOODS_1,FOODS,1153,2282.94,541,9.945594569078553e-05,0.9542165396868735,C,541,3.587800369685767,0.4230643870349182,Intermittent
HOUSEHOLD_2_400,HOUSEHOLD_2,HOUSEHOLD,588,2281.44,386,9.939059841116531e-05,0.9543159302852846,C,386,5.028497409326425,0.31373796271755416,Intermittent
HOBBIES_1_072,HOBBIES_1,HOBBIES,1158,2281.2599999999998,763,9.938275673761088e-05,0.9544153130420222,C,763,2.543905635648755,0.33074062612111815,Intermittent
FOODS_3_467,FOODS_3,FOODS,1159,2276.8,800,9.918845749287345e-05,0.9545145014995151,C,800,2.42625,0.25515691377520117,Intermittent
HOUSEHOLD_2_022,HOUSEHOLD_2,HOUSEHOLD,403,2276.5499999999997,294,9.917756627960338e-05,0.9546136790657948,C,294,6.6020408163265305,0.22630527650485588,Intermittent
HOBBIES_1_088,HOBBIES_1,HOBBIES,885,2274.45,489,9.908608008813509e-05,0.9547127651458829,C,489,3.9693251533742333,0.43625362035593707,Intermittent
HOUSEHOLD_2_291,HOUSEHOLD_2,HOUSEHOLD,463,2272.69,346,9.900940594671404e-05,0.9548117745518296,C,346,5.609826589595376,0.36168048578838824,Intermittent
FOODS_3_580,FOODS_3,FOODS,11286,2271.4,1310,9.895320728624066e-05,0.9549107277591159,C,1310,1.4816793893129772,0.9798308501418421,Lumpy
FOODS_2_300,FOODS_2,FOODS,380,2268.1600000000003,282,9.8812057162261e-05,0.9550095398162781,C,282,6.882978723404255,0.24683096578306601,Intermittent
HOUSEHOLD_2_129,HOUSEHOLD_2,HOUSEHOLD,386,2267.2200000000003,232,9.877110620036566e-05,0.9551083109224785,C,232,8.366379310344827,0.32179834805408636,Intermittent
HOUSEHOLD_1_231,HOUSEHOLD_1,HOUSEHOLD,763,2265.98,460,9.871708578254628e-05,0.9552070280082611,C,460,4.219565217391304,0.31945241694017873,Intermittent
HOUSEHOLD_1_335,HOUSEHOLD_1,HOUSEHOLD,252,2265.34,204,9.868920427657499e-05,0.9553057172125377,C,204,9.514705882352942,0.21534130893736805,Intermittent
FOODS_3_044,FOODS_3,FOODS,783,2255.04,394,9.824048628984949e-05,0.9554039576988275,C,394,4.926395939086294,0.495412400368904,Lumpy
FOODS_3_417,FOODS_3,FOODS,499,2250.54,293,9.804444445098884e-05,0.9555020021432784,C,293,6.624573378839591,0.33906751653580336,Intermittent
FOODS_3_484,FOODS_3,FOODS,1129,2247.62,830,9.791723507999481e-05,0.9555999193783584,C,830,2.33855421686747,0.26031546890609186,Intermittent
HOUSEHOLD_2_004,HOUSEHOLD_2,HOUSEHOLD,396,2245.32,311,9.78170359179105e-05,0.9556977364142764,C,311,6.241157556270096,0.19850072902370058,Intermittent
FOODS_2_386,FOODS_2,FOODS,795,2244.33,464,9.777390671336113e-05,0.9557955103209897,C,464,4.183189655172414,0.35821198326917775,Intermittent
FOODS_2_378,FOODS_2,FOODS,642,2244.15,459,9.776606503980672e-05,0.9558932763860296,C,459,4.228758169934641,0.2366497369576338,Intermittent
FOODS_3_119,FOODS_3,FOODS,524,2242.7200000000003,277,9.770376729990212e-05,0.9559909801533295,C,277,7.007220216606498,0.2943804423832602,Intermittent
HOBBIES_1_149,HOBBIES_1,HOBBIES,1448,2239.28,876,9.755390420530642e-05,0.9560885340575348,C,876,2.2157534246575343,0.2946764576347314,Intermittent
HOUSEHOLD_2_424,HOUSEHOLD_2,HOUSEHOLD,777,2237.7599999999998,604,9.748768562862458e-05,0.9561860217431635,C,604,3.2135761589403975,0.2199112724478173,Intermittent
HOBBIES_2_130,HOBBIES_2,HOBBIES,321,2237.37,258,9.747069533592333e-05,0.9562834924384994,C,258,7.523255813953488,0.17498750166955945,Intermittent
HOBBIES_2_102,HOBBIES_2,HOBBIES,375,2236.75,280,9.744368512701364e-05,0.9563809361236264,C,280,6.932142857142857,0.3372399840700915,Intermittent
HOUSEHOLD_1_363,HOUSEHOLD_1,HOUSEHOLD,752,2233.44,523,9.729948546331837e-05,0.9564782356090897,C,523,3.711281070745698,0.2749534907809223,Intermittent
FOODS_3_453,FOODS_3,FOODS,794,2227.12,546,9.702415559185185e-05,0.9565752597646816,C,546,3.5549450549450547,0.28923787184183175,Intermittent
FOODS_2_129,FOODS_2,FOODS,233,2222.8199999999997,203,9.683682672360722e-05,0.9566720965914052,C,203,9.561576354679802,0.17122791134866944,Intermittent
FOODS_3_498,FOODS_3,FOODS,11029,2221.0,1434,9.675753869100136e-05,0.9567688541300962,C,1434,1.3535564853556485,0.8274118469225059,Lumpy
HOUSEHOLD_2_374,HOUSEHOLD_2,HOUSEHOLD,745,2220.1,504,9.671833032322924e-05,0.9568655724604194,C,504,3.8511904761904763,0.24544713521492542,Intermittent
FOODS_3_057,FOODS_3,FOODS,804,2216.42,495,9.65580116638943e-05,0.9569621304720832,C,495,3.9212121212121214,0.32849275962925134,Intermittent
HOUSEHOLD_2_445,HOUSEHOLD_2,HOUSEHOLD,407,2211.58,329,9.63471577749864e-05,0.9570584776298582,C,329,5.899696048632219,0.15440928651811367,Intermittent
FOODS_1_009,FOODS_1,FOODS,925,2210.1200000000003,503,9.628355308948941e-05,0.9571547611829476,C,503,3.8588469184890655,0.5395398461668298,Lumpy
FOODS_1_190,FOODS_1,FOODS,2251,2205.98,773,9.61031945977376e-05,0.9572508643775454,C,773,2.5109961190168177,0.8062348625789265,Lumpy
FOODS_3_447,FOODS_3,FOODS,1240,2205.36,590,9.60761843888279e-05,0.9573469405619341,C,590,3.2898305084745765,0.4043143107508621,Intermittent
FOODS_2_260,FOODS_2,FOODS,795,2202.33,501,9.594418288399506e-05,0.9574428847448181,C,501,3.874251497005988,0.41260474190103275,Intermittent
HOUSEHOLD_1_330,HOUSEHOLD_1,HOUSEHOLD,910,2202.2,488,9.593851945309464e-05,0.9575388232642712,C,488,3.9774590163934427,0.3974573793649992,Intermittent
FOODS_3_056,FOODS_3,FOODS,1218,2202.12,569,9.593503426484822e-05,0.9576347582985361,C,569,3.4112478031634446,0.7226253591989625,Lumpy
HOUSEHOLD_2_422,HOUSEHOLD_2,HOUSEHOLD,442,2193.98,365,9.558041636077586e-05,0.9577303387148969,C,365,5.317808219178082,0.16253247530504347,Intermittent
HOUSEHOLD_1_523,HOUSEHOLD_1,HOUSEHOLD,107,2193.1400000000003,86,9.554382188418854e-05,0.957825882536781,C,86,22.569767441860463,0.19662647135891656,Intermittent
FOODS_3_522,FOODS_3,FOODS,835,2192.53,420,9.551724732380965e-05,0.9579213997841048,C,420,4.621428571428571,0.6732297342062906,Lumpy
FOODS_3_478,FOODS_3,FOODS,1209,2191.74,452,9.548283108987633e-05,0.9580168826151947,C,452,4.29424778761062,0.5817769778543906,Lumpy
HOUSEHOLD_1_430,HOUSEHOLD_1,HOUSEHOLD,2276,2189.87,422,9.540136481461645e-05,0.9581122839800092,C,422,4.599526066350711,0.6258835428300934,Lumpy
FOODS_2_001,FOODS_2,FOODS,1092,2185.65,648,9.521752113461825e-05,0.9582075015011439,C,648,2.9953703703703702,0.33405010669477314,Intermittent
FOODS_3_805,FOODS_3,FOODS,2182,2182.0,840,9.505850942087572e-05,0.9583025600105648,C,840,2.3107142857142855,0.6037519856928567,Lumpy
FOODS_3_733,FOODS_3,FOODS,1107,2179.86,412,9.496528063528421e-05,0.9583975252912,C,412,4.711165048543689,1.022727990067908,Lumpy
FOODS_3_007,FOODS_3,FOODS,10853,2176.55,1291,9.482108097158894e-05,0.9584923463721716,C,1291,1.5034856700232377,0.9880293888016854,Lumpy
FOODS_3_640,FOODS_3,FOODS,1450,2175.0,482,9.475355544931471e-05,0.9585870999276209,C,482,4.026970954356846,0.48931195957688245,Intermittent
FOODS_1_155,FOODS_1,FOODS,2215,2170.7,744,9.456622658107008e-05,0.958681666154202,C,744,2.6088709677419355,0.43528975326597585,Intermittent
HOUSEHOLD_1_170,HOUSEHOLD_1,HOUSEHOLD,1106,2170.5,664,9.455751361045406e-05,0.9587762236678125,C,664,2.9231927710843375,0.294532366827396,Intermittent
FOODS_3_495,FOODS_3,FOODS,991,2168.36,605,9.446428482486256e-05,0.9588706879526373,C,605,3.2082644628099173,0.3614271077072449,Intermittent
FOODS_2_336,FOODS_2,FOODS,828,2166.64,459,9.43893532775647e-05,0.9589650773059148,C,459,4.228758169934641,0.4095248512064456,Intermittent
FOODS_3_001,FOODS_3,FOODS,871,2157.7,553,9.39998834910282e-05,0.9590590771894059,C,553,3.5099457504520797,0.3966278115277417,Intermittent
HOUSEHOLD_1_163,HOUSEHOLD_1,HOUSEHOLD,216,2155.6800000000003,167,9.391188248780633e-05,0.9591529890718936,C,167,11.622754491017965,0.18949202158427944,Intermittent
FOODS_3_145,FOODS_3,FOODS,758,2154.3599999999997,582,9.385437688174051e-05,0.9592468434487753,C,582,3.3350515463917527,0.26257687921794787,Intermittent
HOUSEHOLD_1_501,HOUSEHOLD_1,HOUSEHOLD,543,2153.98,432,9.383782223757007e-05,0.9593406812710129,C,432,4.493055555555555,0.2063015479259161,Intermittent
FOODS_3_425,FOODS_3,FOODS,867,2150.16,504,9.367140449880391e-05,0.9594343526755117,C,504,3.8511904761904763,0.3839828570869536,Intermittent
HOBBIES_2_115,HOBBIES_2,HOBBIES,863,2149.61,562,9.364744382960984e-05,0.9595280001193413,C,562,3.4537366548042705,0.38839385648411995,Intermittent
FOODS_3_036,FOODS_3,FOODS,746,2148.48,442,9.359821554562927e-05,0.9596215983348869,C,442,4.391402714932127,0.3907812663263666,Intermittent
FOODS_3_176,FOODS_3,FOODS,1424,2143.14,467,9.33655792301813e-05,0.9597149639141171,C,467,4.1563169164882225,0.5963456575169879,Lumpy
HOUSEHOLD_2_296,HOUSEHOLD_2,HOUSEHOLD,457,2141.9900000000002,373,9.331547964913914e-05,0.9598082793937663,C,373,5.2037533512064345,0.20967013416134314,Intermittent
FOODS_1_212,FOODS_1,FOODS,354,2141.06,274,9.327496433577459e-05,0.9599015543581021,C,274,7.083941605839416,0.21646879618726791,Intermittent
FOODS_2_343,FOODS_2,FOODS,573,2140.97,390,9.327104349899738e-05,0.9599948254016011,C,390,4.976923076923077,0.2704869647608232,Intermittent
FOODS_3_567,FOODS_3,FOODS,1199,2137.14,485,9.310419011170042e-05,0.9600879295917127,C,485,4.002061855670103,0.9401152474398053,Lumpy
FOODS_3_293,FOODS_3,FOODS,1051,2132.98,490,9.292296032288702e-05,0.9601808525520357,C,490,3.9612244897959186,0.6572968304358933,Lumpy
FOODS_1_101,FOODS_1,FOODS,1073,2129.08,607,9.275305739587446e-05,0.9602736056094315,C,607,3.197693574958814,0.4680154061705711,Intermittent
FOODS_3_161,FOODS_3,FOODS,1050,2128.5,716,9.272778978108798e-05,0.9603663333992126,C,716,2.7108938547486034,0.3083889875204161,Intermittent
HOUSEHOLD_2_126,HOUSEHOLD_2,HOUSEHOLD,305,2125.85,237,9.261234292042559e-05,0.9604589457421331,C,237,8.189873417721518,0.20593206673985026,Intermittent
FOODS_1_109,FOODS_1,FOODS,954,2123.76,542,9.252129237748811e-05,0.9605514670345106,C,542,3.581180811808118,0.3799449699853011,Intermittent
FOODS_2_118,FOODS_2,FOODS,696,2115.27,441,9.215142677483767e-05,0.9606436184612854,C,441,4.401360544217687,0.37004242784563846,Intermittent
FOODS_3_670,FOODS_3,FOODS,1059,2111.42,770,9.198370209047911e-05,0.960735602163376,C,770,2.520779220779221,0.23823496055175117,Intermittent
FOODS_3_475,FOODS_3,FOODS,2110,2110.0,817,9.192183999910531e-05,0.960827524003375,C,817,2.375764993880049,0.6215113808376831,Lumpy
HOUSEHOLD_1_500,HOUSEHOLD_1,HOUSEHOLD,475,2109.0,325,9.187827514602516e-05,0.960919402278521,C,325,5.972307692307692,0.36233370951745864,Intermittent
FOODS_2_113,FOODS_2,FOODS,748,2104.41,429,9.167831247038729e-05,0.9610110805909914,C,429,4.524475524475524,0.34107500889305686,Intermittent
HOUSEHOLD_2_170,HOUSEHOLD_2,HOUSEHOLD,1422,2103.81,821,9.16521735585392e-05,0.9611027327645499,C,821,2.364190012180268,0.34596094196178484,Intermittent
HOUSEHOLD_2_091,HOUSEHOLD_2,HOUSEHOLD,240,2101.8,214,9.156460820384813e-05,0.9611942973727537,C,214,9.070093457943925,0.11512128325508611,Intermittent
FOODS_2_097,FOODS_2,FOODS,280,2098.7200000000003,173,9.143042845636129e-05,0.9612857278012101,C,173,11.219653179190752,0.32586319411485537,Intermittent
HOUSEHOLD_2_171,HOUSEHOLD_2,HOUSEHOLD,542,2096.94,370,9.135288301787861e-05,0.961377080684228,C,370,5.245945945945946,0.2551660202948892,Intermittent
FOODS_2_110,FOODS_2,FOODS,881,2096.7799999999997,413,9.134591264138578e-05,0.9614684265968694,C,413,4.699757869249395,0.3860068104927132,Intermittent
HOBBIES_1_271,HOBBIES_1,HOBBIES,363,2094.5099999999998,301,9.124702042489385e-05,0.9615596736172942,C,301,6.4485049833887045,0.1632513464218948,Intermittent
HOBBIES_1_346,HOBBIES_1,HOBBIES,527,2092.19,286,9.114594996574793e-05,0.96165081956726,C,286,6.786713286713287,0.3223358527020502,Intermittent
FOODS_3_600,FOODS_3,FOODS,836,2092.16,477,9.114464302015552e-05,0.9617419642102801,C,477,4.069182389937107,0.37398405196652024,Intermittent
FOODS_2_048,FOODS_2,FOODS,262,2088.22,204,9.097299749901974e-05,0.9618329372077792,C,204,9.514705882352942,0.23148260045474855,Intermittent
HOUSEHOLD_2_203,HOUSEHOLD_2,HOUSEHOLD,702,2084.94,430,9.083010478091688e-05,0.9619237673125601,C,430,4.513953488372093,0.41625687618820784,Intermittent
HOUSEHOLD_2_146,HOUSEHOLD_2,HOUSEHOLD,325,2084.83,230,9.082531264707805e-05,0.9620145926252072,C,230,8.439130434782609,0.23130151675667293,Intermittent
HOUSEHOLD_2_272,HOUSEHOLD_2,HOUSEHOLD,381,2084.0699999999997,287,9.079220335873714e-05,0.9621053848285659,C,287,6.7630662020905925,0.23255297481845924,Intermittent
FOODS_2_230,FOODS_2,FOODS,964,2082.88,554,9.074036118357178e-05,0.9621961251897495,C,554,3.503610108303249,0.33717738085612387,Intermittent
FOODS_2_268,FOODS_2,FOODS,576,2082.88,379,9.074036118357178e-05,0.9622868655509331,C,379,5.121372031662269,0.42676259675681055,Intermittent
FOODS_3_802,FOODS_3,FOODS,1238,2079.84,781,9.060792403020815e-05,0.9623774734749634,C,781,2.4852752880921893,0.35184848653364514,Intermittent
HOUSEHOLD_2_264,HOUSEHOLD_2,HOUSEHOLD,597,2077.56,392,9.050859616518541e-05,0.9624679820711286,C,392,4.951530612244898,0.2710296933996756,Intermittent
FOODS_2_223,FOODS_2,FOODS,962,2074.08,509,9.03569904764665e-05,0.962558339061605,C,509,3.8133595284872297,0.37685606588769266,Intermittent
HOBBIES_1_350,HOBBIES_1,HOBBIES,686,2071.82,463,9.025853390850538e-05,0.9626485975955136,C,463,4.1922246220302375,0.3584993942838036,Intermittent
HOBBIES_2_029,HOBBIES_2,HOBBIES,743,2071.17,437,9.023021675400329e-05,0.9627388278122676,C,437,4.441647597254004,0.47741977630924626,Intermittent
FOODS_2_039,FOODS_2,FOODS,423,2070.86,350,9.021671164954845e-05,0.9628290445239172,C,350,5.545714285714285,0.20357276703741606,Intermittent
HOUSEHOLD_2_010,HOUSEHOLD_2,HOUSEHOLD,296,2061.14,270,8.979326127760942e-05,0.9629188377851947,C,270,7.188888888888889,0.08504837601592352,Intermittent
FOODS_1_145,FOODS_1,FOODS,2103,2060.94,816,8.97845483069934e-05,0.9630086223335017,C,816,2.3786764705882355,0.45169698162245836,Intermittent
HOUSEHOLD_1_135,HOUSEHOLD_1,HOUSEHOLD,1391,2058.84,622,8.969306211552511e-05,0.9630983153956172,C,622,3.120578778135048,0.39032850648183565,Intermittent
HOUSEHOLD_2_164,HOUSEHOLD_2,HOUSEHOLD,243,2058.21,187,8.966561625808462e-05,0.9631879810118753,C,187,10.379679144385026,0.20131703995788447,Intermittent
HOUSEHOLD_2_371,HOUSEHOLD_2,HOUSEHOLD,2637,2056.86,1059,8.960680370642643e-05,0.9632775878155817,C,1059,1.8328611898016998,0.5128913293045769,Lumpy
FOODS_3_358,FOODS_3,FOODS,714,2056.32,453,8.958327868576315e-05,0.9633671710942675,C,453,4.28476821192053,0.3389659091122131,Intermittent
HOBBIES_1_385,HOBBIES_1,HOBBIES,206,2053.82,150,8.947436655306278e-05,0.9634566454608205,C,150,12.94,0.2885671972827934,Intermittent
FOODS_3_343,FOODS_3,FOODS,547,2052.9900000000002,403,8.943820772500627e-05,0.9635460836685455,C,403,4.816377171215881,0.4301118559550603,Intermittent
FOODS_3_379,FOODS_3,FOODS,965,2051.4,377,8.936893960860883e-05,0.9636354526081542,C,377,5.1485411140583555,1.208385539980225,Lumpy
HOUSEHOLD_1_493,HOUSEHOLD_1,HOUSEHOLD,748,2051.14,530,8.935761274680798e-05,0.963724810220901,C,530,3.6622641509433964,0.32109684943201916,Intermittent
FOODS_1_135,FOODS_1,FOODS,820,2050.9,473,8.934715718206876e-05,0.9638141573780831,C,473,4.103594080338266,0.6305239894534124,Lumpy
HOBBIES_1_095,HOBBIES_1,HOBBIES,267,2050.56,225,8.93323451320215e-05,0.963903489723215,C,225,8.626666666666667,0.14633907154580036,Intermittent
HOUSEHOLD_1_264,HOUSEHOLD_1,HOUSEHOLD,282,2048.54,216,8.924434412879961e-05,0.9639927340673439,C,216,8.98611111111111,0.2669670586501312,Intermittent
HOUSEHOLD_2_440,HOUSEHOLD_2,HOUSEHOLD,2111,2047.67,1047,8.920644270661988e-05,0.9640819405100505,C,1047,1.853868194842407,0.438060118375699,Intermittent
FOODS_3_243,FOODS_3,FOODS,1337,2045.16,861,8.909709492538872e-05,0.9641710376049759,C,861,2.254355400696864,0.34374822701591096,Intermittent
HOBBIES_1_122,HOBBIES_1,HOBBIES,1155,2044.3500000000001,502,8.906180739439381e-05,0.9642600994123703,C,502,3.866533864541833,0.670246905226297,Lumpy
HOBBIES_1_362,HOBBIES_1,HOBBIES,207,2040.94,163,8.891325124539051e-05,0.9643490126636157,C,163,11.9079754601227,0.19184653314582448,Intermittent
HOUSEHOLD_2_434,HOUSEHOLD_2,HOUSEHOLD,1083,2036.04,629,8.86997834652978e-05,0.964437712447081,C,629,3.0858505564387917,0.3192265064825258,Intermittent
FOODS_1_017,FOODS_1,FOODS,883,2035.2600000000002,499,8.86658028798953e-05,0.9645263782499609,C,499,3.8897795591182365,0.940440921658595,Lumpy
FOODS_2_345,FOODS_2,FOODS,255,2033.15,194,8.857388103989618e-05,0.9646149521310008,C,194,10.005154639175258,0.2093837961883931,Intermittent
FOODS_3_235,FOODS_3,FOODS,1131,2031.54,566,8.850374162643714e-05,0.9647034558726272,C,566,3.429328621908127,0.48359661465877996,Intermittent
FOODS_1_097,FOODS_1,FOODS,2068,2026.6399999999999,784,8.829027384634444e-05,0.9647917461464736,C,784,2.475765306122449,0.41357481976437505,Intermittent
FOODS_2_323,FOODS_2,FOODS,539,2023.08,387,8.813518296937912e-05,0.9648798813294429,C,387,5.015503875968992,0.2781927618941087,Intermittent
HOUSEHOLD_1_444,HOUSEHOLD_1,HOUSEHOLD,411,2005.68,261,8.737715452578461e-05,0.9649672584839687,C,261,7.436781609195402,0.3440107870178731,Intermittent
HOBBIES_2_113,HOBBIES_2,HOBBIES,345,2004.7199999999998,276,8.733533226682766e-05,0.9650545938162355,C,276,7.032608695652174,0.22749090909090897,Intermittent
HOUSEHOLD_2_109,HOUSEHOLD_2,HOUSEHOLD,518,2004.06,350,8.730657946379477e-05,0.9651419003956992,C,350,5.545714285714285,0.2921840759678599,Intermittent
FOODS_3_583,FOODS_3,FOODS,1336,2004.0,417,8.730396557260996e-05,0.9652292043612719,C,417,4.654676258992806,0.6050671213423001,Lumpy
FOODS_3_157,FOODS_3,FOODS,647,2003.8799999999999,357,8.729873779024035e-05,0.9653165030990621,C,357,5.436974789915967,0.34416258651814763,Intermittent
FOODS_1_111,FOODS_1,FOODS,335,2003.3000000000002,241,8.727347017545387e-05,0.9654037765692376,C,241,8.053941908713693,0.27027719610900736,Intermittent
HOBBIES_1_185,HOBBIES_1,HOBBIES,635,1999.22,485,8.709572557488688e-05,0.9654908722948125,C,485,4.002061855670103,0.3538823606572829,Intermittent
FOODS_3_223,FOODS_3,FOODS,1009,1997.82,619,8.703473478057468e-05,0.965577907029593,C,619,3.135702746365105,0.33633392112934185,Intermittent
HOUSEHOLD_2_271,HOUSEHOLD_2,HOUSEHOLD,435,1997.77,349,8.703255653792066e-05,0.965664939586131,C,349,5.56160458452722,0.17166375855539007,Intermittent
HOUSEHOLD_2_352,HOUSEHOLD_2,HOUSEHOLD,674,1997.3100000000002,489,8.701251670550381e-05,0.9657519521028365,C,489,3.9693251533742333,0.3138964122193933,Intermittent
HOUSEHOLD_2_497,HOUSEHOLD_2,HOUSEHOLD,351,1996.1,285,8.695980323327683e-05,0.9658389119060697,C,285,6.810526315789474,0.16416234274666905,Intermittent
HOBBIES_1_139,HOBBIES_1,HOBBIES,771,1995.35,416,8.692712959346671e-05,0.9659258390356632,C,416,4.665865384615385,0.531778396725177,Lumpy
FOODS_1_093,FOODS_1,FOODS,373,1991.32,237,8.675156323555373e-05,0.9660125905988988,C,237,8.189873417721518,0.3933826319702566,Intermittent
HOUSEHOLD_2_034,HOUSEHOLD_2,HOUSEHOLD,173,1986.5,148,8.654158064370743e-05,0.9660991321795425,C,148,13.114864864864865,0.15322885477489454,Intermittent
HOBBIES_1_002,HOBBIES_1,HOBBIES,500,1985.0,408,8.647623336408721e-05,0.9661856084129066,C,408,4.757352941176471,0.23436642751842743,Intermittent
FOODS_3_204,FOODS_3,FOODS,796,1974.08,410,8.600050516845204e-05,0.9662716089180751,C,410,4.734146341463415,0.9214856765922238,Lumpy
HOBBIES_1_265,HOBBIES_1,HOBBIES,497,1973.0900000000001,383,8.59573759639027e-05,0.966357566294039,C,383,5.067885117493472,0.2612799851560191,Intermittent
HOBBIES_1_210,HOBBIES_1,HOBBIES,336,1971.8799999999999,226,8.590466249167572e-05,0.9664434709565307,C,226,8.58849557522124,0.378944318468128,Intermittent
HOBBIES_1_176,HOBBIES_1,HOBBIES,341,1971.15,275,8.587286014892722e-05,0.9665293438166797,C,275,7.058181818181819,0.1902671335363862,Intermittent
FOODS_2_226,FOODS_2,FOODS,258,1970.5800000000002,215,8.584802818267154e-05,0.9666151918448623,C,215,9.027906976744186,0.1635514018691587,Intermittent
HOUSEHOLD_1_206,HOUSEHOLD_1,HOUSEHOLD,408,1969.6200000000001,309,8.58062059237146e-05,0.966700998050786,C,309,6.281553398058253,0.21841156248595694,Intermittent
FOODS_2_229,FOODS_2,FOODS,912,1968.74,510,8.576786885300406e-05,0.9667867659196391,C,510,3.8058823529411763,0.3484296173040395,Intermittent
FOODS_3_237,FOODS_3,FOODS,1960,1960.0,689,8.53871120370836e-05,0.9668721530316762,C,689,2.8171262699564585,1.9973658232277245,Lumpy
FOODS_3_773,FOODS_3,FOODS,393,1957.14,283,8.52625165572744e-05,0.9669574155482334,C,283,6.858657243816254,0.22294526839840487,Intermittent
FOODS_2_090,FOODS_2,FOODS,218,1953.2800000000002,155,8.509435622438504e-05,0.9670425099044578,C,155,12.522580645161291,0.22779741090489333,Intermittent
FOODS_3_621,FOODS_3,FOODS,1300,1950.0,452,8.495146350628215e-05,0.9671274613679641,C,452,4.29424778761062,0.5235156168409456,Lumpy
HOUSEHOLD_2_156,HOUSEHOLD_2,HOUSEHOLD,276,1948.76,224,8.489744308846277e-05,0.9672123588110526,C,224,8.665178571428571,0.28925603487981094,Intermittent
FOODS_3_209,FOODS_3,FOODS,489,1946.22,325,8.47867883616392e-05,0.9672971455994143,C,325,5.972307692307692,0.32344283985363875,Intermittent
FOODS_3_626,FOODS_3,FOODS,488,1942.24,323,8.461340024638023e-05,0.9673817589996606,C,323,6.0092879256965945,0.29484423329232606,Intermittent
HOBBIES_1_368,HOBBIES_1,HOBBIES,460,1941.1999999999998,380,8.456809279917687e-05,0.9674663270924598,C,380,5.1078947368421055,0.1533335660952362,Intermittent
HOBBIES_2_018,HOBBIES_2,HOBBIES,576,1941.1200000000001,405,8.456460761093047e-05,0.9675508917000708,C,405,4.792592592592593,0.29222545057240074,Intermittent
HOBBIES_1_269,HOBBIES_1,HOBBIES,165,1938.95,112,8.447007187974656e-05,0.9676353617719505,C,112,17.330357142857142,0.3068350995623725,Intermittent
HOUSEHOLD_2_099,HOUSEHOLD_2,HOUSEHOLD,326,1936.44,288,8.43607240985154e-05,0.9677197224960491,C,288,6.739583333333333,0.10601755759738345,Intermittent
HOBBIES_1_352,HOBBIES_1,HOBBIES,746,1935.82,423,8.43337138896057e-05,0.9678040562099387,C,423,4.588652482269503,0.3294090087010185,Intermittent
HOUSEHOLD_2_360,HOUSEHOLD_2,HOUSEHOLD,242,1928.74,179,8.402527472979827e-05,0.9678880814846685,C,179,10.843575418994414,0.2668758043634581,Intermittent
FOODS_1_202,FOODS_1,FOODS,1967,1927.66,712,8.397822468847173e-05,0.967972059709357,C,712,2.726123595505618,0.5530077253047678,Lumpy
HOUSEHOLD_2_210,HOUSEHOLD_2,HOUSEHOLD,215,1924.48,182,8.383968845567686e-05,0.9680558993978127,C,182,10.664835164835164,0.1307127938351026,Intermittent
HOBBIES_1_333,HOBBIES_1,HOBBIES,388,1924.36,308,8.383446067330724e-05,0.968139733858486,C,308,6.3019480519480515,0.22007898044806382,Intermittent
HOUSEHOLD_2_021,HOUSEHOLD_2,HOUSEHOLD,433,1917.8,354,8.35486752371015e-05,0.968223282533723,C,354,5.483050847457627,0.1464970704154775,Intermittent
FOODS_3_170,FOODS_3,FOODS,968,1916.6399999999999,506,8.349814000752853e-05,0.9683067806737305,C,506,3.83596837944664,0.6623721463055394,Lumpy
HOUSEHOLD_2_188,HOUSEHOLD_2,HOUSEHOLD,264,1914.06,216,8.338574268658175e-05,0.9683901664164172,C,216,8.98611111111111,0.147376513549875,Intermittent
HOUSEHOLD_2_133,HOUSEHOLD_2,HOUSEHOLD,385,1913.4499999999998,327,8.335916812620286e-05,0.9684735255845434,C,327,5.935779816513762,0.1719679603322341,Intermittent
HOUSEHOLD_1_239,HOUSEHOLD_1,HOUSEHOLD,481,1909.5700000000002,346,8.31901364962519e-05,0.9685567157210396,C,346,5.609826589595376,0.24946213361652206,Intermittent
HOUSEHOLD_2_516,HOUSEHOLD_2,HOUSEHOLD,321,1906.74,287,8.30668479620351e-05,0.9686397825690016,C,287,6.7630662020905925,0.11172360408101512,Intermittent
FOODS_2_130,FOODS_2,FOODS,1222,1906.67,499,8.306379842231948e-05,0.9687228463674239,C,499,3.8897795591182365,0.39625806162335714,Intermittent
FOODS_1_191,FOODS_1,FOODS,356,1901.88,264,8.285512277606559e-05,0.9688057014902,C,264,7.3522727272727275,0.2717020693415924,Intermittent
FOODS_3_275,FOODS_3,FOODS,759,1901.4,320,8.283421164658712e-05,0.9688885357018465,C,320,6.065625,0.4651366103661876,Intermittent
FOODS_2_249,FOODS_2,FOODS,579,1893.99,278,8.251139608526324e-05,0.9689710470979318,C,278,6.982014388489208,0.37708911753629626,Intermittent
FOODS_3_085,FOODS_3,FOODS,635,1892.3,379,8.243777148355781e-05,0.9690534848694153,C,379,5.121372031662269,0.37232841957747465,Intermittent
FOODS_3_575,FOODS_3,FOODS,288,1891.82,194,8.241686035407933e-05,0.9691359017297694,C,194,10.005154639175258,0.23146898787820638,Intermittent
HOUSEHOLD_1_216,HOUSEHOLD_1,HOUSEHOLD,158,1891.2600000000002,135,8.239246403635446e-05,0.9692182941938058,C,135,14.377777777777778,0.1366475186955783,Intermittent
FOODS_3_544,FOODS_3,FOODS,637,1888.82,397,8.22861657948389e-05,0.9693005803596006,C,397,4.889168765743073,0.3383101785209878,Intermittent
HOBBIES_2_072,HOBBIES_2,HOBBIES,260,1883.7,212,8.206311374706856e-05,0.9693826434733477,C,212,9.15566037735849,0.1863226674892734,Intermittent
HOBBIES_2_022,HOBBIES_2,HOBBIES,379,1883.6299999999999,323,8.206006420735295e-05,0.969464703537555,C,323,6.0092879256965945,0.13599514247930297,Intermittent
HOUSEHOLD_1_504,HOUSEHOLD_1,HOUSEHOLD,607,1882.3999999999999,425,8.200647943806436e-05,0.969546710016993,C,425,4.567058823529412,0.39086782292953964,Intermittent
HOUSEHOLD_1_470,HOUSEHOLD_1,HOUSEHOLD,631,1880.3799999999999,362,8.191847843484247e-05,0.9696286284954279,C,362,5.361878453038674,0.4495655618812761,Intermittent
HOBBIES_1_326,HOBBIES_1,HOBBIES,953,1877.6299999999999,648,8.179867508887207e-05,0.9697104271705167,C,648,2.9953703703703702,0.29973177009929236,Intermittent
HOUSEHOLD_2_116,HOUSEHOLD_2,HOUSEHOLD,332,1876.29,270,8.174029818574469e-05,0.9697921674687024,C,270,7.188888888888889,0.2108622603460828,Intermittent
HOBBIES_1_399,HOBBIES_1,HOBBIES,953,1876.18,675,8.173550605190588e-05,0.9698739029747544,C,675,2.8755555555555556,0.28991794078901795,Intermittent
HOUSEHOLD_2_339,HOUSEHOLD_2,HOUSEHOLD,272,1875.29,226,8.169673333266454e-05,0.9699555997080871,C,226,8.58849557522124,0.25355488273740867,Intermittent
FOODS_2_089,FOODS_2,FOODS,475,1874.12,303,8.164576245456077e-05,0.9700372454705416,C,303,6.405940594059406,0.22954427546733677,Intermittent
FOODS_1_078,FOODS_1,FOODS,557,1869.88,336,8.146104747750096e-05,0.9701187065180191,C,336,5.776785714285714,0.3949979705756808,Intermittent
FOODS_3_479,FOODS_3,FOODS,1869,1869.0,835,8.142271040679044e-05,0.9702001292284259,C,835,2.3245508982035927,0.6010826827426194,Lumpy
HOUSEHOLD_2_481,HOUSEHOLD_2,HOUSEHOLD,234,1864.98,198,8.124757969740826e-05,0.9702813768081233,C,198,9.803030303030303,0.12885591565794594,Intermittent
HOUSEHOLD_1_269,HOUSEHOLD_1,HOUSEHOLD,627,1861.04,465,8.107593417627248e-05,0.9703624527422996,C,465,4.174193548387096,0.2958217255352082,Intermittent
HOUSEHOLD_2_169,HOUSEHOLD_2,HOUSEHOLD,318,1857.12,243,8.090515995219831e-05,0.9704433579022518,C,243,7.987654320987654,0.2795412620002412,Intermittent
HOBBIES_1_412,HOBBIES_1,HOBBIES,907,1856.26,531,8.086769417854938e-05,0.9705242255964304,C,531,3.6553672316384183,0.34776286096660997,Intermittent
HOUSEHOLD_2_266,HOUSEHOLD_2,HOUSEHOLD,624,1853.2800000000002,350,8.073787091637057e-05,0.9706049634673467,C,350,5.545714285714285,0.7765963120892038,Lumpy
FOODS_3_529,FOODS_3,FOODS,465,1850.7,289,8.062547359542379e-05,0.9706855889409421,C,289,6.716262975778546,0.3363981385131228,Intermittent
HOUSEHOLD_2_080,HOUSEHOLD_2,HOUSEHOLD,206,1849.88,155,8.058975041589806e-05,0.9707661786913581,C,155,12.522580645161291,0.21403047889992935,Intermittent
FOODS_1_107,FOODS_1,FOODS,339,1845.8700000000001,206,8.041505535504669e-05,0.9708465937467131,C,206,9.422330097087379,0.4451522053007361,Intermittent
HOUSEHOLD_1_435,HOUSEHOLD_1,HOUSEHOLD,232,1842.06,190,8.024907326481133e-05,0.9709268428199779,C,190,10.215789473684211,0.158682973784044,Intermittent
FOODS_3_137,FOODS_3,FOODS,735,1841.28,427,8.021509267940882e-05,0.9710070579126573,C,427,4.5456674473067915,0.36114379398081636,Intermittent
HOBBIES_1_063,HOBBIES_1,HOBBIES,346,1840.87,305,8.019723108964596e-05,0.9710872551437469,C,305,6.363934426229508,0.14694508362774356,Intermittent
FOODS_3_412,FOODS_3,FOODS,9126,1838.25,1188,8.008309117457599e-05,0.9711673382349215,C,1188,1.6338383838383839,1.0824390498151018,Lumpy
HOBBIES_2_117,HOBBIES_2,HOBBIES,652,1832.29,413,7.982344465021832e-05,0.9712471616795717,C,413,4.699757869249395,0.3610118752893636,Intermittent
HOUSEHOLD_2_471,HOUSEHOLD_2,HOUSEHOLD,584,1831.1100000000001,446,7.977203812358375e-05,0.9713269337176953,C,446,4.352017937219731,0.2585902133966995,Intermittent
HOUSEHOLD_2_098,HOUSEHOLD_2,HOUSEHOLD,553,1818.1100000000001,412,7.920569503354188e-05,0.9714061394127288,C,412,4.711165048543689,0.3386373691786165,Intermittent
HOUSEHOLD_2_020,HOUSEHOLD_2,HOUSEHOLD,214,1812.5800000000002,171,7.896478139600867e-05,0.9714851041941248,C,171,11.350877192982455,0.18849861020484707,Intermittent
FOODS_3_008,FOODS_3,FOODS,2374,1811.76,425,7.892905821648295e-05,0.9715640332523413,C,425,4.567058823529412,1.2129629825539363,Lumpy
HOUSEHOLD_2_085,HOUSEHOLD_2,HOUSEHOLD,228,1810.3200000000002,196,7.886632482804754e-05,0.9716428995771693,C,196,9.903061224489797,0.1621074729107971,Intermittent
HOUSEHOLD_2_061,HOUSEHOLD_2,HOUSEHOLD,608,1805.76,359,7.866766909800209e-05,0.9717215672462673,C,359,5.406685236768802,0.5300700518375016,Lumpy
FOODS_2_366,FOODS_2,FOODS,659,1803.87,435,7.85853315256806e-05,0.9718001525777931,C,435,4.462068965517242,0.25967806293143453,Intermittent
FOODS_3_397,FOODS_3,FOODS,907,1798.36,661,7.8345289185209e-05,0.9718784978669782,C,661,2.9364599092284416,0.2530422139240724,Intermittent
HOUSEHOLD_1_144,HOUSEHOLD_1,HOUSEHOLD,628,1797.5800000000002,398,7.83113085998065e-05,0.971956809175578,C,398,4.876884422110553,0.33293925300641636,Intermittent
HOBBIES_2_088,HOBBIES_2,HOBBIES,651,1797.17,453,7.829344701004365e-05,0.9720351026225881,C,453,4.28476821192053,0.29722929109761465,Intermittent
FOODS_3_152,FOODS_3,FOODS,728,1795.26,291,7.821023814066056e-05,0.9721133128607288,C,291,6.670103092783505,0.4764478381130054,Intermittent
FOODS_2_148,FOODS_2,FOODS,630,1790.46,380,7.800112684587587e-05,0.9721913139875746,C,380,5.1078947368421055,0.3144076354278644,Intermittent
HOBBIES_1_315,HOBBIES_1,HOBBIES,434,1786.78,338,7.784080818654094e-05,0.9722691547957611,C,338,5.742603550295858,0.30008722040522706,Intermittent
FOODS_3_340,FOODS_3,FOODS,583,1782.8999999999999,360,7.767177655658997e-05,0.9723468265723177,C,360,5.391666666666667,0.3131807302877375,Intermittent
FOODS_3_188,FOODS_3,FOODS,900,1782.0,546,7.763256818881785e-05,0.9724244591405066,C,546,3.5549450549450547,0.3190732721712541,Intermittent
FOODS_3_421,FOODS_3,FOODS,717,1778.16,315,7.746527915299009e-05,0.9725019244196595,C,315,6.161904761904762,0.8341110060585439,Lumpy
HOUSEHOLD_1_108,HOUSEHOLD_1,HOUSEHOLD,366,1771.24,319,7.716381036967549e-05,0.9725790882300293,C,319,6.084639498432602,0.14828951626094813,Intermittent
FOODS_1_121,FOODS_1,FOODS,1424,1765.98,695,7.693465924247393e-05,0.9726560228892718,C,695,2.7928057553956833,0.5932237224867724,Lumpy
HOBBIES_2_076,HOBBIES_2,HOBBIES,634,1765.56,373,7.691636200418026e-05,0.9727329392512759,C,373,5.2037533512064345,0.5530355753911761,Lumpy
HOUSEHOLD_1_432,HOUSEHOLD_1,HOUSEHOLD,446,1764.89,273,7.688717355261657e-05,0.9728098264248285,C,273,7.1098901098901095,0.5418609673252558,Lumpy
HOBBIES_1_408,HOBBIES_1,HOBBIES,2945,1763.97,568,7.684709388778283e-05,0.9728866735187163,C,568,3.4172535211267605,1.5129767598717387,Lumpy
FOODS_3_375,FOODS_3,FOODS,958,1762.44,461,7.678043966257022e-05,0.9729634539583788,C,461,4.210412147505423,0.49896416015256706,Lumpy
HOUSEHOLD_1_317,HOUSEHOLD_1,HOUSEHOLD,897,1758.12,391,7.659223949726398e-05,0.9730400461978761,C,391,4.964194373401535,0.4945902661878996,Lumpy
FOODS_2_272,FOODS_2,FOODS,857,1756.36,417,7.651556535584293e-05,0.9731165617632319,C,417,4.654676258992806,0.4972732371216643,Lumpy
FOODS_2_200,FOODS_2,FOODS,441,1752.25,282,7.633651380968354e-05,0.9731928982770416,C,282,6.882978723404255,0.333745544602231,Intermittent
HOUSEHOLD_2_113,HOUSEHOLD_2,HOUSEHOLD,930,1748.3999999999999,640,7.616878912532497e-05,0.9732690670661669,C,640,3.0328125,0.27169287484002674,Intermittent
HOBBIES_1_221,HOBBIES_1,HOBBIES,595,1747.72,473,7.613916502523048e-05,0.9733452062311921,C,473,4.103594080338266,0.23903653984026293,Intermittent
HOBBIES_2_070,HOBBIES_2,HOBBIES,175,1744.7500000000002,130,7.600977741158247e-05,0.9734212160086038,C,130,14.930769230769231,0.2627558930548964,Intermittent
FOODS_1_010,FOODS_1,FOODS,324,1742.35,231,7.59052217641901e-05,0.9734971212303679,C,231,8.402597402597403,0.44987848154112237,Intermittent
HOBBIES_1_263,HOBBIES_1,HOBBIES,350,1739.5,274,7.578106193291169e-05,0.9735729022923009,C,274,7.083941605839416,0.24900674291694702,Intermittent
HOUSEHOLD_2_280,HOUSEHOLD_2,HOUSEHOLD,291,1737.27,224,7.568391231054297e-05,0.9736485862046114,C,224,8.665178571428571,0.2151170022786121,Intermittent
FOODS_2_160,FOODS_2,FOODS,608,1732.32,403,7.546826628779626e-05,0.9737240544708992,C,403,4.816377171215881,0.3067959495932731,Intermittent
FOODS_3_416,FOODS_3,FOODS,651,1731.9,457,7.54499690495026e-05,0.9737995044399487,C,457,4.2472647702407,0.2568237608374369,Intermittent
HOUSEHOLD_2_441,HOUSEHOLD_2,HOUSEHOLD,350,1729.0000000000002,293,7.532363097557018e-05,0.9738748280709243,C,293,6.624573378839591,0.1389886497064579,Intermittent
FOODS_3_777,FOODS_3,FOODS,580,1728.3999999999999,277,7.529749206372208e-05,0.973950125562988,C,277,7.007220216606498,0.7929876225680259,Lumpy
FOODS_3_084,FOODS_3,FOODS,877,1727.86,372,7.527396704305881e-05,0.9740253995300311,C,372,5.217741935483871,0.597212909920273,Lumpy
HOBBIES_1_168,HOBBIES_1,HOBBIES,357,1724.31,269,7.511931181462429e-05,0.9741005188418457,C,269,7.215613382899628,0.2440791358978475,Intermittent
HOUSEHOLD_2_089,HOUSEHOLD_2,HOUSEHOLD,555,1723.47,449,7.508271733803698e-05,0.9741756015591837,C,449,4.32293986636971,0.176736451702668,Intermittent
HOBBIES_2_120,HOBBIES_2,HOBBIES,712,1722.64,477,7.504655850998046e-05,0.9742506481176937,C,477,4.069182389937107,0.334944235632013,Intermittent
HOUSEHOLD_2_338,HOUSEHOLD_2,HOUSEHOLD,348,1712.16,272,7.458999884970054e-05,0.9743252381165434,C,272,7.136029411764706,0.18206717144460374,Intermittent
FOODS_3_061,FOODS_3,FOODS,575,1710.6,379,7.452203767889551e-05,0.9743997601542222,C,379,5.121372031662269,0.3041613266520636,Intermittent
FOODS_1_029,FOODS_1,FOODS,426,1708.58,326,7.443403667567362e-05,0.9744741941908979,C,326,5.95398773006135,0.21861677831525078,Intermittent
HOUSEHOLD_2_386,HOUSEHOLD_2,HOUSEHOLD,430,1707.1000000000001,295,7.436956069311502e-05,0.9745485637515909,C,295,6.579661016949153,0.22927911023792957,Intermittent
HOUSEHOLD_2_304,HOUSEHOLD_2,HOUSEHOLD,283,1705.2600000000002,238,7.428940136344756e-05,0.9746228531529544,C,238,8.155462184873949,0.14471021242032786,Intermittent
HOUSEHOLD_2_451,HOUSEHOLD_2,HOUSEHOLD,498,1703.16,374,7.419791517197924e-05,0.9746970510681263,C,374,5.189839572192513,0.24327558843749506,Intermittent
HOUSEHOLD_2_382,HOUSEHOLD_2,HOUSEHOLD,489,1701.72,308,7.413518178354383e-05,0.9747711862499099,C,308,6.3019480519480515,0.2670209065239987,Intermittent
FOODS_2_328,FOODS_2,FOODS,385,1701.7,235,7.413431048648223e-05,0.9748453205603964,C,235,8.259574468085106,0.5226490681036138,Lumpy
FOODS_1_211,FOODS_1,FOODS,313,1700.8600000000001,204,7.409771600989491e-05,0.9749194182764063,C,204,9.514705882352942,0.36987853853639335,Intermittent
HOUSEHOLD_1_200,HOUSEHOLD_1,HOUSEHOLD,850,1698.0,568,7.397312053008569e-05,0.9749933913969363,C,568,3.4172535211267605,0.3622654729865801,Intermittent
FOODS_3_438,FOODS_3,FOODS,1694,1694.0,693,7.379886111776511e-05,0.9750671902580541,C,693,2.8008658008658007,0.5603771556871925,Lumpy
HOUSEHOLD_2_137,HOUSEHOLD_2,HOUSEHOLD,575,1690.5,415,7.364638413198461e-05,0.9751408366421861,C,415,4.67710843373494,0.24700729660374604,Intermittent
HOBBIES_1_255,HOBBIES_1,HOBBIES,897,1686.36,383,7.346602564023281e-05,0.9752143026678263,C,383,5.067885117493472,0.5794781959035364,Lumpy
HOUSEHOLD_1_015,HOUSEHOLD_1,HOUSEHOLD,317,1685.91,235,7.344642145634674e-05,0.9752877490892826,C,235,8.259574468085106,0.2897821107774436,Intermittent
FOODS_3_827,FOODS_3,FOODS,1684,1684.0,373,7.336321258696367e-05,0.9753611123018696,C,373,5.2037533512064345,0.5870358489318931,Lumpy
FOODS_3_210,FOODS_3,FOODS,826,1683.68,535,7.334927183397802e-05,0.9754344615737036,C,535,3.62803738317757,0.3635150353664249,Intermittent
FOODS_3_743,FOODS_3,FOODS,564,1680.72,261,7.322031986886079e-05,0.9755076818935725,C,261,7.436781609195402,0.4309744663439775,Intermittent
FOODS_3_710,FOODS_3,FOODS,564,1680.72,365,7.322031986886079e-05,0.9755809022134414,C,365,5.317808219178082,0.3204481327359324,Intermittent
FOODS_3_564,FOODS_3,FOODS,926,1677.24,384,7.306871418014189e-05,0.9756539709276215,C,384,5.0546875,0.718836643489489,Lumpy
FOODS_1_122,FOODS_1,FOODS,846,1675.08,352,7.297461409748877e-05,0.975726945541719,C,352,5.514204545454546,0.6237785924700845,Lumpy
HOBBIES_1_145,HOBBIES_1,HOBBIES,1314,1674.96,446,7.296938631511916e-05,0.9757999149280341,C,446,4.352017937219731,1.25788176676321,Lumpy
FOODS_3_442,FOODS_3,FOODS,672,1666.56,370,7.260344154924593e-05,0.9758725183695833,C,370,5.245945945945946,0.5451063386059024,Lumpy
FOODS_3_427,FOODS_3,FOODS,672,1666.56,351,7.260344154924593e-05,0.9759451218111326,C,351,5.52991452991453,0.5685841836734694,Lumpy
HOBBIES_1_006,HOBBIES_1,HOBBIES,1672,1663.8799999999999,665,7.248668774299115e-05,0.9760176084988755,C,665,2.918796992481203,0.48268811298914693,Intermittent
HOBBIES_2_083,HOBBIES_2,HOBBIES,607,1659.6,334,7.230023017180814e-05,0.9760899087290473,C,334,5.811377245508982,0.7090674725706979,Lumpy
HOUSEHOLD_2_016,HOUSEHOLD_2,HOUSEHOLD,919,1658.63,605,7.22579722643204e-05,0.9761621667013116,C,605,3.2082644628099173,0.2977993520219931,Intermittent
FOODS_3_270,FOODS_3,FOODS,556,1656.8799999999999,303,7.218173377143014e-05,0.976234348435083,C,303,6.405940594059406,0.4049127651997224,Intermittent
HOUSEHOLD_2_340,HOUSEHOLD_2,HOUSEHOLD,332,1656.28,221,7.215559485958205e-05,0.9763065040299427,C,221,8.782805429864254,0.6712037635756609,Lumpy
FOODS_3_719,FOODS_3,FOODS,683,1653.48,386,7.203361327095765e-05,0.9763785376432136,C,386,5.028497409326425,0.4185195998413457,Intermittent
HOUSEHOLD_2_254,HOUSEHOLD_2,HOUSEHOLD,375,1652.6000000000001,316,7.199527620024713e-05,0.9764505329194139,C,316,6.1424050632911396,0.1577614673721341,Intermittent
FOODS_2_290,FOODS_2,FOODS,611,1652.51,295,7.19913553634699e-05,0.9765225242747774,C,295,6.579661016949153,0.5181592460406903,Lumpy
HOUSEHOLD_1_189,HOUSEHOLD_1,HOUSEHOLD,302,1649.16,214,7.184541310565143e-05,0.976594369687883,C,214,9.070093457943925,0.36259961417555786,Intermittent
HOBBIES_1_061,HOBBIES_1,HOBBIES,586,1640.04,452,7.14481016455605e-05,0.9766658177895287,C,452,4.29424778761062,0.27211362889293156,Intermittent
FOODS_2_136,FOODS_2,FOODS,559,1639.12,362,7.140802198072676e-05,0.9767372258115093,C,362,5.361878453038674,0.26462224526519906,Intermittent
HOBBIES_1_250,HOBBIES_1,HOBBIES,335,1634.8,270,7.121982181542055e-05,0.9768084456333248,C,270,7.188888888888889,0.1867911731361502,Intermittent
FOODS_3_487,FOODS_3,FOODS,969,1627.92,460,7.092009562622915e-05,0.9768793657289511,C,460,4.219565217391304,0.4181990904473958,Intermittent
FOODS_2_187,FOODS_2,FOODS,318,1623.48,232,7.072666767855331e-05,0.9769500923966297,C,232,8.366379310344827,0.24451742500870297,Intermittent
FOODS_1_189,FOODS_1,FOODS,693,1619.51,368,7.055371521182513e-05,0.9770206461118415,C,368,5.274456521739131,1.1417598465028789,Lumpy
FOODS_3_380,FOODS_3,FOODS,813,1619.34,602,7.05463091868015e-05,0.9770911924210283,C,602,3.2242524916943522,0.32390722652245646,Intermittent
FOODS_2_296,FOODS_2,FOODS,523,1618.14,372,7.049403136310534e-05,0.9771616864523913,C,372,5.217741935483871,0.23142396023999376,Intermittent
FOODS_3_736,FOODS_3,FOODS,894,1617.0,413,7.044436743059397e-05,0.977232130819822,C,413,4.699757869249395,0.7318291881368062,Lumpy
HOUSEHOLD_1_098,HOUSEHOLD_1,HOUSEHOLD,202,1611.96,156,7.022480057107005e-05,0.977302355620393,C,156,12.442307692307692,0.20176390043986833,Intermittent
HOBBIES_1_051,HOBBIES_1,HOBBIES,269,1608.6200000000001,234,7.007929396178236e-05,0.9773724349143548,C,234,8.294871794871796,0.12264793243082067,Intermittent
HOUSEHOLD_2_105,HOUSEHOLD_2,HOUSEHOLD,324,1607.3100000000002,283,7.002222400424738e-05,0.977442457138359,C,283,6.858657243816254,0.12190614862593378,Intermittent
HOUSEHOLD_2_092,HOUSEHOLD_2,HOUSEHOLD,270,1603.8000000000002,232,6.986931136993606e-05,0.977512326449729,C,232,8.366379310344827,0.1271323463916056,Intermittent
FOODS_3_709,FOODS_3,FOODS,718,1602.42,446,6.980919187268546e-05,0.9775821356416017,C,446,4.352017937219731,0.4058960757197066,Intermittent
FOODS_3_815,FOODS_3,FOODS,646,1602.08,310,6.97943798226382e-05,0.9776519300214244,C,310,6.2612903225806456,0.7391497788874942,Lumpy
HOUSEHOLD_1_201,HOUSEHOLD_1,HOUSEHOLD,331,1602.04,213,6.9792637228515e-05,0.9777217226586529,C,213,9.112676056338028,0.2864095869398507,Intermittent
HOUSEHOLD_2_498,HOUSEHOLD_2,HOUSEHOLD,537,1599.0,279,6.966020007515136e-05,0.977791382858728,C,279,6.956989247311828,0.3994843387485324,Intermittent
HOUSEHOLD_2_362,HOUSEHOLD_2,HOUSEHOLD,432,1598.85,364,6.965366534718934e-05,0.9778610365240752,C,364,5.332417582417582,0.15508999459616754,Intermittent
HOUSEHOLD_2_206,HOUSEHOLD_2,HOUSEHOLD,555,1596.12,425,6.953473329828054e-05,0.9779305712573735,C,425,4.567058823529412,0.22437340451108934,Intermittent
FOODS_3_038,FOODS_3,FOODS,319,1588.6200000000001,217,6.920799690017948e-05,0.9779997792542736,C,217,8.944700460829493,0.261481514237973,Intermittent
HOUSEHOLD_2_251,HOUSEHOLD_2,HOUSEHOLD,400,1588.0,324,6.918098669126977e-05,0.9780689602409649,C,324,5.9907407407407405,0.21160309597523239,Intermittent
FOODS_3_597,FOODS_3,FOODS,567,1582.5,362,6.894137999932898e-05,0.9781379016209643,C,362,5.361878453038674,0.3600894346113465,Intermittent
FOODS_2_238,FOODS_2,FOODS,974,1577.35,480,6.871702100596623e-05,0.9782066186419702,C,480,4.04375,0.4855225501796152,Intermittent
FOODS_2_320,FOODS_2,FOODS,852,1574.4,409,6.858850468937981e-05,0.9782752071466596,C,409,4.745721271393643,0.44121962165147716,Intermittent
HOBBIES_2_145,HOBBIES_2,HOBBIES,564,1573.5,361,6.854929632160767e-05,0.9783437564429812,C,361,5.376731301939058,0.38106665213576363,Intermittent
HOUSEHOLD_1_137,HOUSEHOLD_1,HOUSEHOLD,121,1570.58,102,6.842208695061365e-05,0.9784121785299318,C,102,19.029411764705884,0.17913481806482676,Intermittent
FOODS_3_153,FOODS_3,FOODS,869,1566.54,359,6.824608494416987e-05,0.9784804246148759,C,359,5.406685236768802,0.5975665968274522,Lumpy
HOBBIES_1_316,HOBBIES_1,HOBBIES,1665,1565.1,661,6.818335155573446e-05,0.9785486079664317,C,661,2.9364599092284416,0.6531155146410405,Lumpy
FOODS_1_008,FOODS_1,FOODS,452,1559.26,287,6.792893281374642e-05,0.9786165368992454,C,287,6.7630662020905925,0.448475075124578,Intermittent
FOODS_3_218,FOODS_3,FOODS,777,1554.0,405,6.769978168654486e-05,0.978684236680932,C,405,4.792592592592593,0.6713554958900723,Lumpy
HOBBIES_1_279,HOBBIES_1,HOBBIES,405,1553.1,216,6.766057331877272e-05,0.9787518972542507,C,216,8.98611111111111,0.3328992248062016,Intermittent
HOUSEHOLD_2_456,HOUSEHOLD_2,HOUSEHOLD,177,1546.9,160,6.739047122967584e-05,0.9788192877254804,C,160,12.13125,0.07808386185885605,Intermittent
HOUSEHOLD_2_383,HOUSEHOLD_2,HOUSEHOLD,392,1540.28,333,6.710207190228527e-05,0.9788863897973827,C,333,5.828828828828829,0.1402979290130116,Intermittent
FOODS_2_064,FOODS_2,FOODS,669,1537.6399999999999,494,6.698706069015368e-05,0.9789533768580729,C,494,3.92914979757085,0.21567652593214814,Intermittent
HOBBIES_1_224,HOBBIES_1,HOBBIES,387,1536.39,304,6.693260462380351e-05,0.9790203094626967,C,304,6.384868421052632,0.21655809793065917,Intermittent
FOODS_3_707,FOODS_3,FOODS,1379,1534.46,538,6.684852445735883e-05,0.9790871579871541,C,538,3.607806691449814,0.720605038312216,Lumpy
FOODS_3_143,FOODS_3,FOODS,612,1533.54,346,6.680844479252509e-05,0.9791539664319466,C,346,5.609826589595376,0.4071852087113775,Intermittent
FOODS_2_172,FOODS_2,FOODS,615,1531.5,330,6.67195724922416e-05,0.9792206860044389,C,330,5.881818181818182,0.3998235237745662,Intermittent
HOUSEHOLD_2_225,HOUSEHOLD_2,HOUSEHOLD,1579,1527.11,602,6.652832278721976e-05,0.9792872143272261,C,602,3.2242524916943522,0.36602354998855097,Intermittent
HOUSEHOLD_2_253,HOUSEHOLD_2,HOUSEHOLD,258,1515.76,233,6.603386170476011e-05,0.9793532481889309,C,233,8.330472103004292,0.07845703072386642,Intermittent
HOUSEHOLD_1_312,HOUSEHOLD_1,HOUSEHOLD,640,1514.19,502,6.59654648854243e-05,0.9794192136538163,C,502,3.866533864541833,0.22603620883233508,Intermittent
HOBBIES_1_325,HOBBIES_1,HOBBIES,235,1513.4,201,6.593104865149099e-05,0.9794851447024678,C,201,9.656716417910447,0.12527695789950205,Intermittent
HOBBIES_1_056,HOBBIES_1,HOBBIES,1604,1507.76,682,6.568534288011897e-05,0.9795508300453479,C,682,2.846041055718475,0.46232458903130164,Intermittent
FOODS_1_148,FOODS_1,FOODS,330,1507.28,210,6.566443175064049e-05,0.9796164944770985,C,210,9.242857142857142,0.32828502510973157,Intermittent
HOBBIES_1_119,HOBBIES_1,HOBBIES,846,1497.42,381,6.523488229927027e-05,0.9796817293593978,C,381,5.094488188976378,0.6914430996005179,Lumpy
HOUSEHOLD_2_072,HOUSEHOLD_2,HOUSEHOLD,580,1496.4,309,6.519044614912852e-05,0.979746919805547,C,309,6.281553398058253,0.4785761384869589,Intermittent
HOUSEHOLD_1_297,HOUSEHOLD_1,HOUSEHOLD,183,1494.3600000000001,132,6.510157384884503e-05,0.9798120213793958,C,132,14.704545454545455,0.35465308307911997,Intermittent
FOODS_2_363,FOODS_2,FOODS,597,1493.14,312,6.504842472808726e-05,0.9798770698041239,C,312,6.221153846153846,0.4642794187129153,Intermittent
FOODS_2_178,FOODS_2,FOODS,597,1492.5,302,6.502054322211596e-05,0.979942090347346,C,302,6.427152317880795,0.5142065637401967,Lumpy
FOODS_1_052,FOODS_1,FOODS,1521,1490.58,685,6.493689870420207e-05,0.9800070272460503,C,685,2.8335766423357662,0.3889607003502346,Intermittent
FOODS_3_268,FOODS_3,FOODS,683,1489.64,425,6.489594774230675e-05,0.9800719231937925,C,425,4.567058823529412,0.38115446067870207,Intermittent
FOODS_3_602,FOODS_3,FOODS,570,1487.48,227,6.480184765965363e-05,0.9801367250414522,C,227,8.550660792951541,0.6236769925123322,Lumpy
FOODS_3_639,FOODS_3,FOODS,751,1486.98,374,6.478006523311356e-05,0.9802015051066854,C,374,5.189839572192513,0.38229988497586603,Intermittent
HOUSEHOLD_1_187,HOUSEHOLD_1,HOUSEHOLD,229,1486.92,182,6.477745134192875e-05,0.9802662825580273,C,182,10.664835164835164,0.17749744753930785,Intermittent
FOODS_2_121,FOODS_2,FOODS,922,1485.92,433,6.47338864888486e-05,0.9803310164445161,C,433,4.482678983833718,0.5578969690489843,Lumpy
FOODS_2_147,FOODS_2,FOODS,401,1485.56,250,6.471820314173974e-05,0.9803957346476578,C,250,7.764,0.3711901729716608,Intermittent
FOODS_2_284,FOODS_2,FOODS,601,1484.47,407,6.46707174518824e-05,0.9804604053651097,C,407,4.7690417690417695,0.29315579826103677,Intermittent
FOODS_3_796,FOODS_3,FOODS,501,1483.84,196,6.46432715944419e-05,0.9805250486367041,C,196,9.903061224489797,0.643900182643056,Lumpy
FOODS_1_179,FOODS_1,FOODS,414,1482.12,170,6.456834004714404e-05,0.9805896169767512,C,170,11.41764705882353,0.8937494968225418,Lumpy
FOODS_1_126,FOODS_1,FOODS,646,1477.8200000000002,323,6.438101117889943e-05,0.9806539979879301,C,323,6.0092879256965945,0.40527950310558986,Intermittent
HOUSEHOLD_2_310,HOUSEHOLD_2,HOUSEHOLD,1036,1471.12,719,6.408912666326245e-05,0.9807180871145933,C,719,2.6995827538247568,0.27452986669049595,Intermittent
FOODS_2_355,FOODS_2,FOODS,553,1469.71,308,6.402770022041946e-05,0.9807821148148137,C,308,6.3019480519480515,0.3578124486230858,Intermittent
HOUSEHOLD_2_048,HOUSEHOLD_2,HOUSEHOLD,389,1466.8,326,6.390092649795623e-05,0.9808460157413117,C,326,5.95398773006135,0.14440844806227,Intermittent
HOUSEHOLD_2_274,HOUSEHOLD_2,HOUSEHOLD,245,1465.1000000000001,200,6.382686624772e-05,0.9809098426075594,C,200,9.705,0.2775225565562085,Intermittent
HOUSEHOLD_2_063,HOUSEHOLD_2,HOUSEHOLD,320,1463.42,268,6.375367729454536e-05,0.9809735962848539,C,268,7.242537313432836,0.18890800561797763,Intermittent
FOODS_1_131,FOODS_1,FOODS,513,1462.74,283,6.372405319445085e-05,0.9810373203380484,C,283,6.858657243816254,0.6227599776849704,Lumpy
FOODS_3_003,FOODS_3,FOODS,370,1455.6,207,6.34130001434586e-05,0.9811007333381918,C,207,9.376811594202898,0.2927069578106051,Intermittent
HOUSEHOLD_2_387,HOUSEHOLD_2,HOUSEHOLD,245,1454.1100000000001,193,6.33480885123692e-05,0.9811640814267042,C,193,10.05699481865285,0.24560408857420532,Intermittent
HOUSEHOLD_1_390,HOUSEHOLD_1,HOUSEHOLD,770,1447.6,431,6.306448131881745e-05,0.981227145908023,C,431,4.503480278422273,0.3135728837758435,Intermittent
HOBBIES_1_190,HOBBIES_1,HOBBIES,144,1435.68,118,6.254518827010214e-05,0.981289691096293,C,118,16.449152542372882,0.1622546691991137,Intermittent
HOBBIES_2_103,HOBBIES_2,HOBBIES,527,1428.3200000000002,394,6.222455095143228e-05,0.9813519156472444,C,394,4.926395939086294,0.26468815862996875,Intermittent
FOODS_2_393,FOODS_2,FOODS,362,1427.8799999999999,278,6.2205382416077e-05,0.9814141210296605,C,278,6.982014388489208,0.19719295098281533,Intermittent
FOODS_3_190,FOODS_3,FOODS,1427,1427.0,499,6.216704534536648e-05,0.9814762880750059,C,499,3.8897795591182365,0.6232270311469483,Lumpy
FOODS_3_315,FOODS_3,FOODS,814,1426.44,346,6.21426490276416e-05,0.9815384307240335,C,346,5.609826589595376,1.0028803876469727,Lumpy
HOBBIES_1_285,HOBBIES_1,HOBBIES,131,1425.2800000000002,114,6.209211379806864e-05,0.9816005228378315,C,114,17.026315789473685,0.0969403251765038,Intermittent
HOUSEHOLD_2_428,HOUSEHOLD_2,HOUSEHOLD,179,1421.26,167,6.191698308868645e-05,0.9816624398209202,C,167,11.622754491017965,0.05840032518576543,Intermittent
FOODS_2_165,FOODS_2,FOODS,359,1417.73,221,6.176319915731354e-05,0.9817242030200775,C,221,8.782805429864254,0.4131168921859559,Intermittent
HOBBIES_1_199,HOBBIES_1,HOBBIES,393,1417.42,265,6.174969405285869e-05,0.9817859527141303,C,265,7.324528301886793,0.25519579180496366,Intermittent
HOBBIES_1_229,HOBBIES_1,HOBBIES,219,1416.93,157,6.172834727484942e-05,0.9818476810614051,C,157,12.363057324840764,0.19607383990945637,Intermittent
FOODS_2_028,FOODS_2,FOODS,366,1414.0,265,6.160070225532459e-05,0.9819092817636604,C,265,7.324528301886793,0.21943716027967575,Intermittent
HOBBIES_2_089,HOBBIES_2,HOBBIES,476,1413.72,337,6.158850409646216e-05,0.9819708702677569,C,337,5.759643916913946,0.3605165017687748,Intermittent
HOUSEHOLD_2_290,HOUSEHOLD_2,HOUSEHOLD,226,1410.24,208,6.143689840774326e-05,0.9820323071661646,C,208,9.33173076923077,0.07546658706567047,Intermittent
HOUSEHOLD_1_043,HOUSEHOLD_1,HOUSEHOLD,493,1402.92,304,6.11180036831966e-05,0.9820934251698479,C,304,6.384868421052632,0.3181141799938833,Intermittent
FOODS_3_779,FOODS_3,FOODS,565,1401.2,336,6.104307213589874e-05,0.9821544682419838,C,336,5.776785714285714,0.3789145493458387,Intermittent
FOODS_3_549,FOODS_3,FOODS,547,1398.4,266,6.0921090547274345e-05,0.982215389332531,C,266,7.296992481203008,0.38206995715810926,Intermittent
HOUSEHOLD_2_138,HOUSEHOLD_2,HOUSEHOLD,236,1397.1699999999998,193,6.0867505777985755e-05,0.982276256838309,C,193,10.05699481865285,0.20697588995020588,Intermittent
HOBBIES_2_110,HOBBIES_2,HOBBIES,234,1396.98,150,6.0859228455900534e-05,0.9823371160667649,C,150,12.94,0.3225536008189596,Intermittent
HOBBIES_2_062,HOBBIES_2,HOBBIES,243,1391.67,217,6.062789908604497e-05,0.9823977439658509,C,217,8.944700460829493,0.11402441663326694,Intermittent
FOODS_3_149,FOODS_3,FOODS,556,1390.0,386,6.055514578140112e-05,0.9824582991116323,C,386,5.028497409326425,0.36946811792834255,Intermittent
FOODS_2_377,FOODS_2,FOODS,517,1389.43,283,6.0530313815145444e-05,0.9825188294254474,C,283,6.858657243816254,0.3469341190953056,Intermittent
HOUSEHOLD_2_393,HOUSEHOLD_2,HOUSEHOLD,263,1388.24,211,6.047847163998007e-05,0.9825793078970875,C,211,9.199052132701421,0.297874013200243,Intermittent
HOUSEHOLD_2_221,HOUSEHOLD_2,HOUSEHOLD,501,1387.77,274,6.04579961590324e-05,0.9826397658932465,C,274,7.083941605839416,0.750437037647049,Lumpy
HOBBIES_1_106,HOBBIES_1,HOBBIES,539,1385.23,371,6.034734143220884e-05,0.9827001132346788,C,371,5.231805929919138,0.3430686547569664,Intermittent
FOODS_2_195,FOODS_2,FOODS,436,1383.08,334,6.025367699808652e-05,0.9827603669116769,C,334,5.811377245508982,0.2411689949355127,Intermittent
FOODS_3_589,FOODS_3,FOODS,1315,1368.5,531,5.961850144017801e-05,0.9828199854131171,C,531,3.6553672316384183,0.9741707586859306,Lumpy
HOBBIES_1_402,HOBBIES_1,HOBBIES,138,1359.72,127,5.923600203013434e-05,0.9828792214151473,C,127,15.283464566929133,0.14819482368316642,Intermittent
HOUSEHOLD_2_267,HOUSEHOLD_2,HOUSEHOLD,688,1359.3899999999999,437,5.922162562861789e-05,0.9829384430407759,C,437,4.441647597254004,0.33759310295423756,Intermittent
FOODS_2_324,FOODS_2,FOODS,540,1356.04,266,5.907568337079941e-05,0.9829975187241468,C,266,7.296992481203008,0.5803023009032788,Lumpy
HOUSEHOLD_1_405,HOUSEHOLD_1,HOUSEHOLD,455,1355.9,350,5.90695842913682e-05,0.9830565883084381,C,350,5.545714285714285,0.2161713094047237,Intermittent
HOBBIES_1_110,HOBBIES_1,HOBBIES,368,1350.56,307,5.883694797592021e-05,0.983115425256414,C,307,6.322475570032573,0.1975954291609523,Intermittent
HOBBIES_2_096,HOBBIES_2,HOBBIES,491,1348.3700000000001,375,5.874154094767471e-05,0.9831741667973617,C,375,5.176,0.3339487136670756,Intermittent
HOUSEHOLD_1_382,HOUSEHOLD_1,HOUSEHOLD,591,1347.4799999999998,359,5.870276822843336e-05,0.9832328695655901,C,359,5.406685236768802,0.3216520341331998,Intermittent
FOODS_3_619,FOODS_3,FOODS,479,1347.42,359,5.8700154337248565e-05,0.9832915697199274,C,359,5.406685236768802,0.2351816251784549,Intermittent
HOUSEHOLD_1_480,HOUSEHOLD_1,HOUSEHOLD,489,1345.33,315,5.860910379431106e-05,0.9833501788237217,C,315,6.161904761904762,0.3117276899254986,Intermittent
FOODS_1_149,FOODS_1,FOODS,1370,1342.6,617,5.849017174540226e-05,0.9834086689954671,C,617,3.145867098865478,0.5195911260139511,Lumpy
FOODS_3_648,FOODS_3,FOODS,1340,1340.0,577,5.837690312739389e-05,0.9834670458985945,C,577,3.363951473136915,0.5968140233997925,Lumpy
HOUSEHOLD_2_460,HOUSEHOLD_2,HOUSEHOLD,225,1338.03,198,5.8291080366826e-05,0.9835253369789613,C,198,9.803030303030303,0.17028223350253802,Intermittent
HOUSEHOLD_2_502,HOUSEHOLD_2,HOUSEHOLD,153,1334.74,138,5.814775200019233e-05,0.9835834847309615,C,138,14.065217391304348,0.10314393397261581,Intermittent
HOBBIES_1_274,HOBBIES_1,HOBBIES,135,1333.8000000000002,118,5.8106801038297e-05,0.9836415915319998,C,118,16.449152542372882,0.160316086900449,Intermittent
HOUSEHOLD_2_487,HOUSEHOLD_2,HOUSEHOLD,136,1329.3600000000001,111,5.7913373090621154e-05,0.9836995049050904,C,111,17.486486486486488,0.25052689525007876,Intermittent
HOUSEHOLD_2_478,HOUSEHOLD_2,HOUSEHOLD,269,1328.8600000000001,233,5.789159066408108e-05,0.9837573964957544,C,233,8.330472103004292,0.12430181241657612,Intermittent
HOBBIES_2_036,HOBBIES_2,HOBBIES,1399,1323.82,721,5.767202380455715e-05,0.983815068519559,C,721,2.692094313453537,0.5158756702953746,Lumpy
HOUSEHOLD_2_343,HOUSEHOLD_2,HOUSEHOLD,476,1323.28,364,5.764849878389387e-05,0.9838727170183429,C,364,5.332417582417582,0.23445527943797845,Intermittent
HOUSEHOLD_1_308,HOUSEHOLD_1,HOUSEHOLD,190,1318.6000000000001,146,5.74446152714788e-05,0.9839301616336144,C,146,13.294520547945206,0.15775642372719456,Intermittent
HOUSEHOLD_2_066,HOUSEHOLD_2,HOUSEHOLD,190,1318.6000000000001,151,5.74446152714788e-05,0.9839876062488858,C,151,12.85430463576159,0.2144395198522623,Intermittent
HOBBIES_1_036,HOBBIES_1,HOBBIES,1253,1317.68,696,5.740453560664506e-05,0.9840450107844925,C,696,2.788793103448276,0.5226326306492187,Lumpy
HOUSEHOLD_2_161,HOUSEHOLD_2,HOUSEHOLD,120,1316.4,112,5.734877259470248e-05,0.9841023595570871,C,112,17.330357142857142,0.05829829829829829,Intermittent
HOBBIES_2_077,HOBBIES_2,HOBBIES,132,1316.0400000000002,117,5.733308924759363e-05,0.9841596926463347,C,117,16.58974358974359,0.10211242519236251,Intermittent
FOODS_2_369,FOODS_2,FOODS,270,1314.9,183,5.728342531508226e-05,0.9842169760716498,C,183,10.60655737704918,0.40294261294261313,Intermittent
FOODS_1_089,FOODS_1,FOODS,384,1312.56,244,5.718148355887472e-05,0.9842741575552086,C,244,7.954918032786885,0.2918863597393689,Intermittent
HOUSEHOLD_2_213,HOUSEHOLD_2,HOUSEHOLD,1357,1310.49,551,5.709130431299882e-05,0.9843312488595216,C,551,3.5226860254083485,0.32284301409082994,Intermittent
FOODS_2_278,FOODS_2,FOODS,531,1309.5,289,5.7048175108449476e-05,0.98438829703463,C,289,6.716262975778546,0.43131785069566386,Intermittent
HOUSEHOLD_1_466,HOUSEHOLD_1,HOUSEHOLD,330,1307.88,255,5.697760004645965e-05,0.9844452746346765,C,255,7.6117647058823525,0.2466974686015488,Intermittent
HOUSEHOLD_2_094,HOUSEHOLD_2,HOUSEHOLD,220,1306.8000000000002,199,5.693055000513309e-05,0.9845022051846816,C,199,9.753768844221106,0.11894482010184494,Intermittent
FOODS_1_118,FOODS_1,FOODS,1333,1306.34,489,5.6910510172716216e-05,0.9845591156948543,C,489,3.9693251533742333,0.47521866108429395,Intermittent
FOODS_3_359,FOODS_3,FOODS,470,1304.6,278,5.6834707328356766e-05,0.9846159504021826,C,278,6.982014388489208,0.39582855172391246,Intermittent
FOODS_3_548,FOODS_3,FOODS,509,1302.92,406,5.676151837518213e-05,0.9846727119205578,C,406,4.780788177339901,0.23386599957942522,Intermittent
FOODS_2_395,FOODS_2,FOODS,330,1302.77,203,5.67549836472201e-05,0.984729466904205,C,203,9.561576354679802,0.2689096182345506,Intermittent
FOODS_3_360,FOODS_3,FOODS,598,1301.8,407,5.6712725739732364e-05,0.9847861796299447,C,407,4.7690417690417695,0.3735030156647942,Intermittent
FOODS_3_633,FOODS_3,FOODS,452,1301.76,224,5.671098314560916e-05,0.9848428906130904,C,224,8.665178571428571,0.7466176316169306,Lumpy
FOODS_2_214,FOODS_2,FOODS,520,1300.0,277,5.66343090041881e-05,0.9848995249220945,C,277,7.007220216606498,0.40695732570105464,Intermittent
HOBBIES_1_272,HOBBIES_1,HOBBIES,154,1299.76,140,5.662385343944887e-05,0.984956148775534,C,140,13.864285714285714,0.08680658778762113,Intermittent
HOUSEHOLD_2_117,HOUSEHOLD_2,HOUSEHOLD,579,1298.39,464,5.6564169590729076e-05,0.9850127129451247,C,464,4.183189655172414,0.24758869997801725,Intermittent
HOUSEHOLD_2_144,HOUSEHOLD_2,HOUSEHOLD,294,1297.5600000000002,254,5.652801076267256e-05,0.9850692409558874,C,254,7.641732283464567,0.15842835211576503,Intermittent
FOODS_3_072,FOODS_3,FOODS,520,1297.0,313,5.6503614444947665e-05,0.9851257445703324,C,313,6.201277955271565,0.3275924793278713,Intermittent
HOUSEHOLD_2_302,HOUSEHOLD_2,HOUSEHOLD,429,1295.66,300,5.644523754182028e-05,0.9851821898078742,C,300,6.47,0.3394201513807656,Intermittent
HOBBIES_2_006,HOBBIES_2,HOBBIES,329,1294.63,257,5.640036574314773e-05,0.9852385901736174,C,257,7.552529182879377,0.3809688854038673,Intermittent
HOBBIES_2_133,HOBBIES_2,HOBBIES,462,1294.41,290,5.63907814754701e-05,0.9852949809550928,C,290,6.6931034482758625,0.5998646420162623,Lumpy
HOUSEHOLD_2_323,HOUSEHOLD_2,HOUSEHOLD,326,1294.22,257,5.638250415338487e-05,0.9853513634592462,C,257,7.552529182879377,0.21964345783620046,Intermittent
HOBBIES_1_318,HOBBIES_1,HOBBIES,309,1291.16,213,5.6249195702959626e-05,0.9854076126549491,C,213,9.112676056338028,0.3243934928869575,Intermittent
HOUSEHOLD_1_139,HOUSEHOLD_1,HOUSEHOLD,259,1289.8200000000002,209,5.619081879983224e-05,0.985463803473749,C,209,9.287081339712918,0.30065890490600905,Intermittent
FOODS_1_157,FOODS_1,FOODS,272,1288.93,215,5.61520460805909e-05,0.9855199555198295,C,215,9.027906976744186,0.29747464973482496,Intermittent
HOBBIES_1_127,HOBBIES_1,HOBBIES,1235,1282.96,553,5.589196390770244e-05,0.9855758474837372,C,553,3.5099457504520797,0.5488014194151917,Lumpy
FOODS_2_008,FOODS_2,FOODS,513,1282.5,291,5.587192407528557e-05,0.9856317194078125,C,291,6.670103092783505,0.32470256100020173,Intermittent
FOODS_3_758,FOODS_3,FOODS,513,1282.5,344,5.587192407528557e-05,0.9856875913318878,C,344,5.642441860465116,0.41684963226913363,Intermittent
HOBBIES_1_138,HOBBIES_1,HOBBIES,218,1281.84,181,5.5843171272252674e-05,0.98574343450316,C,181,10.723756906077348,0.13571318351429443,Intermittent
HOBBIES_1_406,HOBBIES_1,HOBBIES,328,1272.6399999999999,257,5.544237462391534e-05,0.985798876877784,C,257,7.552529182879377,0.24793453545601576,Intermittent
FOODS_3_613,FOODS_3,FOODS,440,1267.2,257,5.520538182315936e-05,0.9858540822596071,C,257,7.552529182879377,0.33142388462035116,Intermittent
FOODS_2_310,FOODS_2,FOODS,322,1263.45,214,5.504201362410882e-05,0.9859091242732313,C,214,9.070093457943925,0.30585420887916376,Intermittent
HOUSEHOLD_1_476,HOUSEHOLD_1,HOUSEHOLD,260,1258.3999999999999,183,5.482201111605408e-05,0.9859639462843474,C,183,10.60655737704918,0.30649733402691987,Intermittent
FOODS_2_091,FOODS_2,FOODS,474,1254.93,272,5.467084107586598e-05,0.9860186171254233,C,272,7.136029411764706,0.32319859170391113,Intermittent
HOUSEHOLD_2_333,HOUSEHOLD_2,HOUSEHOLD,251,1251.02,203,5.450050250032261e-05,0.9860731176279236,C,203,9.561576354679802,0.18344043258153545,Intermittent
HOUSEHOLD_2_224,HOUSEHOLD_2,HOUSEHOLD,315,1250.55,273,5.4480027019374944e-05,0.986127597654943,C,273,7.1098901098901095,0.15888888888888886,Intermittent
HOBBIES_2_116,HOBBIES_2,HOBBIES,421,1250.3700000000001,322,5.447218534582053e-05,0.9861820698402888,C,322,6.027950310559007,0.3071867526555049,Intermittent
FOODS_3_806,FOODS_3,FOODS,497,1244.42,277,5.4212974469993666e-05,0.9862362828147587,C,277,7.007220216606498,0.379591402554657,Intermittent
FOODS_2_031,FOODS_2,FOODS,570,1242.6000000000001,266,5.4133686437387805e-05,0.9862904165011961,C,266,7.296992481203008,0.3982222222222219,Intermittent
HOBBIES_2_092,HOBBIES_2,HOBBIES,250,1242.5,195,5.412932995207978e-05,0.9863445458311482,C,195,9.953846153846154,0.23673402061855658,Intermittent
HOBBIES_1_363,HOBBIES_1,HOBBIES,434,1238.96,356,5.397511037217607e-05,0.9863985209415204,C,356,5.452247191011236,0.19126119882667506,Intermittent
HOBBIES_2_039,HOBBIES_2,HOBBIES,249,1236.53,211,5.386924777919132e-05,0.9864523901892995,C,211,9.199052132701421,0.17492298511314333,Intermittent
FOODS_3_390,FOODS_3,FOODS,695,1234.1,387,5.376338518620656e-05,0.9865061535744858,C,387,5.015503875968992,0.3059466075329992,Intermittent
FOODS_2_015,FOODS_2,FOODS,466,1232.23,266,5.36819189109467e-05,0.9865598354933968,C,266,7.296992481203008,0.4225023520175216,Intermittent
HOUSEHOLD_2_414,HOUSEHOLD_2,HOUSEHOLD,208,1230.42,160,5.360306652687164e-05,0.9866134385599237,C,160,12.13125,0.22180045402106335,Intermittent
HOUSEHOLD_2_364,HOUSEHOLD_2,HOUSEHOLD,216,1226.8799999999999,172,5.3448846946967915e-05,0.9866668874068706,C,172,11.284883720930232,0.2326627038561197,Intermittent
HOUSEHOLD_2_114,HOUSEHOLD_2,HOUSEHOLD,206,1223.64,157,5.330769682298826e-05,0.9867201951036936,C,157,12.363057324840764,0.2446537893564004,Intermittent
HOUSEHOLD_2_372,HOUSEHOLD_2,HOUSEHOLD,138,1217.32,98,5.303236695152174e-05,0.9867732274706451,C,98,19.806122448979593,0.26865186859730134,Intermittent
HOUSEHOLD_2_503,HOUSEHOLD_2,HOUSEHOLD,178,1216.3200000000002,168,5.29888020984416e-05,0.9868262162727436,C,168,11.553571428571429,0.06083427136384975,Intermittent
FOODS_3_111,FOODS_3,FOODS,244,1215.1200000000001,162,5.2936524274745426e-05,0.9868791527970183,C,162,11.981481481481481,0.2532428836835086,Intermittent
HOUSEHOLD_1_022,HOUSEHOLD_1,HOUSEHOLD,251,1214.84,160,5.292432611588298e-05,0.9869320771231342,C,160,12.13125,0.30985232439656785,Intermittent
FOODS_3_457,FOODS_3,FOODS,485,1212.5,312,5.282238435967544e-05,0.9869848995074939,C,312,6.221153846153846,0.45917391127534424,Intermittent
HOBBIES_1_366,HOBBIES_1,HOBBIES,305,1210.8500000000001,245,5.275050235209321e-05,0.987037650009846,C,245,7.922448979591837,0.16212370198386647,Intermittent
FOODS_2_007,FOODS_2,FOODS,431,1206.52,208,5.2561866538256176e-05,0.9870902118763842,C,208,9.33173076923077,0.564722105259818,Lumpy
FOODS_2_040,FOODS_2,FOODS,480,1200.0,266,5.2277823696173634e-05,0.9871424897000804,C,266,7.296992481203008,0.4193194444444444,Intermittent
FOODS_2_185,FOODS_2,FOODS,600,1200.0,283,5.2277823696173634e-05,0.9871947675237767,C,283,6.858657243816254,0.5190284672970839,Lumpy
FOODS_3_337,FOODS_3,FOODS,301,1197.98,228,5.218982269295174e-05,0.9872469573464696,C,228,8.513157894736842,0.2265429965059076,Intermittent
FOODS_3_669,FOODS_3,FOODS,1640,1196.55,671,5.2127524953047134e-05,0.9872990848714227,C,671,2.892697466467958,0.5525858697292836,Lumpy
HOBBIES_1_227,HOBBIES_1,HOBBIES,606,1193.02,393,5.1973741021674224e-05,0.9873510586124444,C,393,4.938931297709924,0.4265338132115902,Intermittent
HOUSEHOLD_1_237,HOUSEHOLD_1,HOUSEHOLD,202,1187.76,147,5.174458989447266e-05,0.9874028032023389,C,147,13.204081632653061,0.2626928195328689,Intermittent
FOODS_1_095,FOODS_1,FOODS,399,1183.6,234,5.1563360105659255e-05,0.9874543665624446,C,234,8.294871794871796,0.4880941260505485,Intermittent
HOUSEHOLD_2_429,HOUSEHOLD_2,HOUSEHOLD,197,1183.14,172,5.15433202732424e-05,0.9875059098827178,C,172,11.284883720930232,0.12199557617535806,Intermittent
HOBBIES_1_284,HOBBIES_1,HOBBIES,242,1180.96,221,5.144834889352768e-05,0.9875573582316113,C,221,8.782805429864254,0.0796240010928215,Intermittent
FOODS_3_816,FOODS_3,FOODS,5865,1180.25,935,5.141741784784077e-05,0.9876087756494591,C,935,2.0759358288770056,0.8826470605432162,Lumpy
HOUSEHOLD_2_432,HOUSEHOLD_2,HOUSEHOLD,216,1180.02,172,5.140739793163234e-05,0.9876601830473908,C,172,11.284883720930232,0.17333285202031137,Intermittent
HOUSEHOLD_2_404,HOUSEHOLD_2,HOUSEHOLD,396,1176.1200000000001,278,5.1237495004619784e-05,0.9877114205423954,C,278,6.982014388489208,0.20978943060772173,Intermittent
HOUSEHOLD_1_159,HOUSEHOLD_1,HOUSEHOLD,148,1173.6399999999999,104,5.112945416898101e-05,0.9877625499965643,C,104,18.66346153846154,0.3805768507946415,Intermittent
FOODS_2_337,FOODS_2,FOODS,186,1171.44,156,5.10336114922047e-05,0.9878135836080565,C,156,12.442307692307692,0.12811923064012617,Intermittent
HOUSEHOLD_2_327,HOUSEHOLD_2,HOUSEHOLD,389,1164.62,296,5.073649919419811e-05,0.9878643201072507,C,296,6.5574324324324325,0.2429484341234857,Intermittent
HOBBIES_1_205,HOBBIES_1,HOBBIES,198,1164.24,180,5.071994455002766e-05,0.9879150400518008,C,180,10.783333333333333,0.1024978069162934,Intermittent
HOBBIES_1_039,HOBBIES_1,HOBBIES,198,1164.24,171,5.071994455002766e-05,0.9879657599963508,C,171,11.350877192982455,0.12608167233835682,Intermittent
FOODS_2_084,FOODS_2,FOODS,390,1158.3,242,5.04611693227316e-05,0.9880162211656736,C,242,8.020661157024794,0.2899555599204498,Intermittent
FOODS_1_014,FOODS_1,FOODS,1179,1155.42,578,5.0335702545860786e-05,0.9880665568682194,C,578,3.358131487889273,0.5698561810809122,Lumpy
HOUSEHOLD_2_278,HOUSEHOLD_2,HOUSEHOLD,105,1154.3600000000001,92,5.028952380159583e-05,0.988116846392021,C,92,21.097826086956523,0.16166654207470538,Intermittent
FOODS_3_164,FOODS_3,FOODS,399,1152.68,173,5.021633484842119e-05,0.9881670627268695,C,173,11.219653179190752,0.6129108690009109,Lumpy
FOODS_2_073,FOODS_2,FOODS,191,1142.18,154,4.975890389107967e-05,0.9882168216307605,C,154,12.603896103896103,0.1704276897294375,Intermittent
FOODS_3_409,FOODS_3,FOODS,410,1139.8,246,4.965521954074892e-05,0.9882664768503012,C,246,7.890243902439025,0.5035102040816329,Lumpy
HOBBIES_2_048,HOBBIES_2,HOBBIES,416,1138.61,274,4.9603377365583544e-05,0.9883160802276668,C,274,7.083941605839416,0.4265289382708021,Intermittent
HOUSEHOLD_1_402,HOUSEHOLD_1,HOUSEHOLD,163,1136.11,119,4.949446523288319e-05,0.9883655746928997,C,119,16.310924369747898,0.3239993595186436,Intermittent
HOUSEHOLD_1_024,HOUSEHOLD_1,HOUSEHOLD,772,1134.84,507,4.94391378694714e-05,0.9884150138307691,C,507,3.828402366863905,0.3328432657077456,Intermittent
HOBBIES_1_305,HOBBIES_1,HOBBIES,395,1133.65,317,4.9387295694306036e-05,0.9884644011264634,C,317,6.1230283911671926,0.24622457858303307,Intermittent
HOBBIES_1_102,HOBBIES_1,HOBBIES,227,1130.46,204,4.924832381298037e-05,0.9885136494502764,C,204,9.514705882352942,0.08118743599065696,Intermittent
HOUSEHOLD_2_420,HOUSEHOLD_2,HOUSEHOLD,200,1129.3799999999999,160,4.920127377165381e-05,0.988562850724048,C,160,12.13125,0.20930817610062874,Intermittent
FOODS_3_790,FOODS_3,FOODS,436,1125.2,203,4.901917268577881e-05,0.9886118698967338,C,203,9.561576354679802,0.5511431535165974,Lumpy
HOUSEHOLD_2_134,HOUSEHOLD_2,HOUSEHOLD,189,1122.66,174,4.890851795895525e-05,0.9886607784146927,C,174,11.155172413793103,0.06715338672398946,Intermittent
HOBBIES_1_171,HOBBIES_1,HOBBIES,389,1120.32,299,4.88065762027477e-05,0.9887095849908955,C,299,6.491638795986622,0.23178079720212558,Intermittent
HOUSEHOLD_2_276,HOUSEHOLD_2,HOUSEHOLD,204,1115.8799999999999,178,4.861314825507186e-05,0.9887581981391506,C,178,10.904494382022472,0.10410272450621995,Intermittent
FOODS_2_286,FOODS_2,FOODS,711,1115.79,348,4.860922741829465e-05,0.9888068073665689,C,348,5.577586206896552,0.432423496751749,Intermittent
HOBBIES_1_191,HOBBIES_1,HOBBIES,125,1113.3100000000002,103,4.8501186582655896e-05,0.9888553085531515,C,103,18.844660194174757,0.16841913725490198,Intermittent
FOODS_3_545,FOODS_3,FOODS,1109,1109.0,484,4.8313422065880465e-05,0.9889036219752174,C,484,4.010330578512397,0.43533090527435697,Intermittent
HOBBIES_2_013,HOBBIES_2,HOBBIES,155,1108.55,139,4.8293817881994396e-05,0.9889519157930994,C,139,13.964028776978417,0.11747364611138758,Intermittent
FOODS_2_254,FOODS_2,FOODS,176,1108.28,143,4.828205537166276e-05,0.989000197848471,C,143,13.573426573426573,0.15520466549295767,Intermittent
HOUSEHOLD_2_154,HOUSEHOLD_2,HOUSEHOLD,589,1106.4099999999999,475,4.8200589096402884e-05,0.9890483984375674,C,475,4.086315789473685,0.17101559995960638,Intermittent
FOODS_1_057,FOODS_1,FOODS,486,1105.3200000000002,314,4.815310340654554e-05,0.989096551540974,C,314,6.181528662420382,0.34379332007635177,Intermittent
HOUSEHOLD_1_210,HOUSEHOLD_1,HOUSEHOLD,237,1101.33,179,4.797927964275575e-05,0.9891445308206167,C,179,10.843575418994414,0.31792917881649674,Intermittent
FOODS_1_056,FOODS_1,FOODS,489,1095.3600000000001,304,4.7719197469867296e-05,0.9891922500180865,C,304,6.384868421052632,0.31941253266932823,Intermittent
FOODS_3_070,FOODS_3,FOODS,5347,1085.6000000000001,816,4.729400450380508e-05,0.9892395440225903,C,816,2.3786764705882355,0.8555596203586545,Lumpy
HOBBIES_1_375,HOBBIES_1,HOBBIES,110,1084.8000000000002,99,4.725915262134097e-05,0.9892868031752117,C,99,19.606060606060606,0.09734693877551019,Intermittent
HOBBIES_1_018,HOBBIES_1,HOBBIES,91,1081.0800000000002,82,4.709709136788283e-05,0.9893339002665795,C,82,23.670731707317074,0.10036659853509661,Intermittent
HOBBIES_1_156,HOBBIES_1,HOBBIES,579,1075.6499999999999,299,4.6860534215657634e-05,0.9893807608007952,C,299,6.491638795986622,0.724674219642329,Lumpy
HOBBIES_1_411,HOBBIES_1,HOBBIES,806,1073.92,575,4.678516701982899e-05,0.989427545967815,C,575,3.3756521739130436,0.2750382347590931,Intermittent
FOODS_3_563,FOODS_3,FOODS,284,1073.52,149,4.6767741078596934e-05,0.9894743137088936,C,149,13.026845637583893,0.37323993925486687,Intermittent
HOUSEHOLD_1_253,HOUSEHOLD_1,HOUSEHOLD,307,1073.07,198,4.6748136894710866e-05,0.9895210618457884,C,198,9.803030303030303,0.4243972374075732,Intermittent
FOODS_1_070,FOODS_1,FOODS,1091,1069.18,452,4.6578669616229104e-05,0.9895676405154046,C,452,4.29424778761062,0.5623646108004787,Lumpy
FOODS_3_454,FOODS_3,FOODS,5335,1068.6000000000001,788,4.6553402001442625e-05,0.989614193917406,C,788,2.463197969543147,0.8461397943996619,Lumpy
FOODS_1_159,FOODS_1,FOODS,226,1068.23,177,4.653728300580297e-05,0.9896607312004119,C,177,10.966101694915254,0.2698698997572246,Intermittent
FOODS_1_164,FOODS_1,FOODS,199,1066.83,125,4.647629221149076e-05,0.9897072074926233,C,125,15.528,0.4969938035126191,Lumpy
FOODS_2_215,FOODS_2,FOODS,558,1060.66,223,4.620749706798627e-05,0.9897534149896913,C,223,8.704035874439462,0.44154916275970757,Intermittent
HOBBIES_1_391,HOBBIES_1,HOBBIES,273,1059.24,214,4.614563497661247e-05,0.9897995606246679,C,214,9.070093457943925,0.19828598717315638,Intermittent
HOUSEHOLD_2_018,HOUSEHOLD_2,HOUSEHOLD,133,1056.02,121,4.6005356149694396e-05,0.9898455659808176,C,121,16.041322314049587,0.0883552867130232,Intermittent
HOBBIES_1_162,HOBBIES_1,HOBBIES,264,1050.72,201,4.5774462428369637e-05,0.989891340443246,C,201,9.656716417910447,0.24130036157024803,Intermittent
FOODS_1_060,FOODS_1,FOODS,622,1044.96,374,4.5523528874628e-05,0.9899368639721207,C,374,5.189839572192513,0.41442059390137237,Intermittent
HOUSEHOLD_2_399,HOUSEHOLD_2,HOUSEHOLD,390,1041.3,267,4.536408151235467e-05,0.989982228053633,C,267,7.269662921348314,0.3107100591715976,Intermittent
HOBBIES_2_140,HOBBIES_2,HOBBIES,397,1039.99,271,4.530701155481968e-05,0.9900275350651878,C,271,7.162361623616236,0.3199950745433554,Intermittent
HOUSEHOLD_2_186,HOUSEHOLD_2,HOUSEHOLD,104,1037.92,85,4.5216832308943787e-05,0.9900727518974968,C,85,22.83529411764706,0.1491287158354465,Intermittent
HOUSEHOLD_1_463,HOUSEHOLD_1,HOUSEHOLD,348,1037.04,290,4.517849523823325e-05,0.990117930392735,C,290,6.6931034482758625,0.16435986159169555,Intermittent
HOBBIES_2_136,HOBBIES_2,HOBBIES,375,1036.7,228,4.5163683188186004e-05,0.9901630940759232,C,228,8.513157894736842,0.45633748017621123,Intermittent
HOBBIES_1_322,HOBBIES_1,HOBBIES,261,1036.17,235,4.514059381605353e-05,0.9902082346697393,C,235,8.259574468085106,0.08011071801973285,Intermittent
HOUSEHOLD_2_081,HOUSEHOLD_2,HOUSEHOLD,403,1035.7099999999998,295,4.5120553983636655e-05,0.9902533552237229,C,295,6.579661016949153,0.23413048512818677,Intermittent
HOBBIES_1_230,HOBBIES_1,HOBBIES,231,1034.88,214,4.508439515558014e-05,0.9902984396188785,C,214,9.070093457943925,0.08723133325291732,Intermittent
FOODS_3_180,FOODS_3,FOODS,350,1034.4,282,4.5063484026101675e-05,0.9903435031029046,C,282,6.882978723404255,0.17466017866221234,Intermittent
HOUSEHOLD_2_202,HOUSEHOLD_2,HOUSEHOLD,118,1031.98,108,4.495805708164772e-05,0.9903884611599862,C,108,17.97222222222222,0.08669761347985193,Intermittent
HOUSEHOLD_2_130,HOUSEHOLD_2,HOUSEHOLD,129,1028.1299999999999,105,4.479033239728916e-05,0.9904332514923835,C,105,18.485714285714284,0.13068394558389143,Intermittent
FOODS_3_693,FOODS_3,FOODS,295,1026.6,193,4.472367817207654e-05,0.9904779751705556,C,193,10.05699481865285,0.330144953557407,Intermittent
HOBBIES_1_307,HOBBIES_1,HOBBIES,258,1024.26,238,4.4621736415869005e-05,0.9905225969069714,C,238,8.155462184873949,0.06577724632643135,Intermittent
HOBBIES_2_001,HOBBIES_2,HOBBIES,183,1024.11,168,4.4615201687906975e-05,0.9905672121086593,C,168,11.553571428571429,0.06894032413538953,Intermittent
HOBBIES_1_092,HOBBIES_1,HOBBIES,438,1020.9399999999999,375,4.447710110364292e-05,0.990611689209763,C,375,5.176,0.13017135580413097,Intermittent
HOBBIES_1_082,HOBBIES_1,HOBBIES,270,1020.5999999999999,223,4.446228905359567e-05,0.9906561514988166,C,223,8.704035874439462,0.1570003336670003,Intermittent
HOUSEHOLD_2_024,HOUSEHOLD_2,HOUSEHOLD,459,1018.98,297,4.439171399160584e-05,0.9907005432128082,C,297,6.5353535353535355,0.4436313476105859,Intermittent
HOBBIES_2_128,HOBBIES_2,HOBBIES,227,1018.1899999999999,177,4.4357297757672525e-05,0.9907449005105659,C,177,10.966101694915254,0.186112321570025,Intermittent
HOUSEHOLD_2_419,HOUSEHOLD_2,HOUSEHOLD,186,1016.42,160,4.428018796772067e-05,0.9907891806985336,C,160,12.13125,0.13856984229826977,Intermittent
HOUSEHOLD_2_167,HOUSEHOLD_2,HOUSEHOLD,352,1013.76,218,4.416430545852748e-05,0.9908333450039921,C,218,8.903669724770642,0.35992842384887835,Intermittent
HOUSEHOLD_2_227,HOUSEHOLD_2,HOUSEHOLD,255,1010.5,201,4.402228403748621e-05,0.9908773672880296,C,201,9.656716417910447,0.20967058823529414,Intermittent
HOUSEHOLD_1_274,HOUSEHOLD_1,HOUSEHOLD,204,1007.7600000000001,146,4.390291634004662e-05,0.9909212702043696,C,146,13.294520547945206,0.25772448262604586,Intermittent
FOODS_2_341,FOODS_2,FOODS,400,1001.68,240,4.3638042033319335e-05,0.9909649082464029,C,240,8.0875,0.32736401673640164,Intermittent
HOUSEHOLD_2_334,HOUSEHOLD_2,HOUSEHOLD,335,1001.56,238,4.363281425094972e-05,0.9910085410606538,C,238,8.155462184873949,0.30127924518725113,Intermittent
HOBBIES_1_070,HOBBIES_1,HOBBIES,170,999.6,150,4.3547427138912634e-05,0.9910520884877928,C,150,12.94,0.10101948398783119,Intermittent
HOBBIES_1_013,HOBBIES_1,HOBBIES,506,996.8199999999999,402,4.342631684734983e-05,0.9910955148046402,C,402,4.8283582089552235,0.18430762288766359,Intermittent
FOODS_3_437,FOODS_3,FOODS,996,996.0,521,4.339059366782412e-05,0.9911389053983081,C,521,3.72552783109405,0.3725194956532959,Intermittent
FOODS_2_123,FOODS_2,FOODS,335,994.1500000000001,227,4.330999868962585e-05,0.9911822153969977,C,227,8.550660792951541,0.24505369073270555,Intermittent
HOBBIES_2_074,HOBBIES_2,HOBBIES,250,992.5,197,4.3238116682043607e-05,0.9912254535136797,C,197,9.852791878172589,0.3445007346938778,Intermittent
HOBBIES_2_005,HOBBIES_2,HOBBIES,222,992.3399999999999,198,4.3231146305550784e-05,0.9912686846599853,C,198,9.803030303030303,0.0932393499275102,Intermittent
FOODS_3_662,FOODS_3,FOODS,396,987.5,262,4.3020292416642886e-05,0.991311704952402,C,262,7.408396946564886,0.37143093929347243,Intermittent
FOODS_2_256,FOODS_2,FOODS,168,987.08,111,4.3001995178349223e-05,0.9913547069475803,C,111,17.486486486486488,0.2926020408163264,Intermittent
HOBBIES_1_131,HOBBIES_1,HOBBIES,1429,986.88,439,4.2993282207733195e-05,0.991397700229788,C,439,4.421412300683372,1.0496550010235863,Lumpy
HOBBIES_1_365,HOBBIES_1,HOBBIES,248,984.5600000000001,221,4.289221174858726e-05,0.9914405924415366,C,221,8.782805429864254,0.11442906891495601,Intermittent
FOODS_2_050,FOODS_2,FOODS,983,983.0,338,4.282425057778223e-05,0.9914834166921144,C,338,5.742603550295858,0.4870067608804321,Intermittent
FOODS_2_168,FOODS_2,FOODS,249,982.9,193,4.2819894092474216e-05,0.9915262365862069,C,193,10.05699481865285,0.1556750764772611,Intermittent
FOODS_3_165,FOODS_3,FOODS,264,982.64,210,4.280856723067338e-05,0.9915690451534376,C,210,9.242857142857142,0.36364624935742795,Intermittent
HOBBIES_1_304,HOBBIES_1,HOBBIES,247,979.22,213,4.265957543313929e-05,0.9916117047288707,C,213,9.112676056338028,0.21247452819364412,Intermittent
HOBBIES_1_245,HOBBIES_1,HOBBIES,197,979.0899999999999,176,4.2653912002238865e-05,0.9916543586408729,C,176,11.028409090909092,0.1025953479126712,Intermittent
FOODS_3_366,FOODS_3,FOODS,560,974.4,223,4.244959284129299e-05,0.9916968082337142,C,223,8.704035874439462,0.4569534553686334,Intermittent
HOUSEHOLD_2_313,HOUSEHOLD_2,HOUSEHOLD,493,971.21,292,4.231062095996733e-05,0.9917391188546741,C,292,6.647260273972603,0.46851859478959856,Intermittent
HOBBIES_2_137,HOBBIES_2,HOBBIES,327,971.19,253,4.2309749662905725e-05,0.991781428604337,C,253,7.67193675889328,0.22413685865134952,Intermittent
HOBBIES_2_105,HOBBIES_2,HOBBIES,380,967.7,298,4.215770832565602e-05,0.9918235863126627,C,298,6.5134228187919465,0.23074661667459448,Intermittent
FOODS_2_017,FOODS_2,FOODS,260,965.64,175,4.2067964728310925e-05,0.9918656542773909,C,175,11.09142857142857,0.2700341766986328,Intermittent
HOUSEHOLD_2_065,HOUSEHOLD_2,HOUSEHOLD,176,962.7199999999999,157,4.19407553573169e-05,0.9919075950327483,C,157,12.363057324840764,0.09539064155541428,Intermittent
FOODS_3_745,FOODS_3,FOODS,475,962.1,369,4.1913745148407214e-05,0.9919495087778967,C,369,5.260162601626016,0.22228883536071312,Intermittent
FOODS_2_259,FOODS_2,FOODS,262,959.5699999999999,210,4.180352607011444e-05,0.9919913123039668,C,210,9.242857142857142,0.28010546892099003,Intermittent
HOUSEHOLD_1_526,HOUSEHOLD_1,HOUSEHOLD,194,958.36,139,4.175081259788747e-05,0.9920330631165647,C,139,13.964028776978417,0.250125535064331,Intermittent
HOUSEHOLD_1_388,HOUSEHOLD_1,HOUSEHOLD,270,956.4000000000001,197,4.166542548585039e-05,0.9920747285420506,C,197,9.852791878172589,0.20628719800677484,Intermittent
HOBBIES_2_139,HOBBIES_2,HOBBIES,192,954.24,174,4.157132540319727e-05,0.9921162998674538,C,174,11.155172413793103,0.08610684609826591,Intermittent
HOBBIES_2_016,HOBBIES_2,HOBBIES,192,954.24,169,4.157132540319727e-05,0.9921578711928569,C,169,11.485207100591715,0.11008061807622363,Intermittent
FOODS_2_159,FOODS_2,FOODS,239,948.87,190,4.1337382142156895e-05,0.9921992085749991,C,190,10.215789473684211,0.18847116429441685,Intermittent
HOBBIES_1_314,HOBBIES_1,HOBBIES,239,948.83,207,4.133563954803369e-05,0.9922405442145471,C,207,9.376811594202898,0.14949409896858357,Intermittent
HOBBIES_2_044,HOBBIES_2,HOBBIES,212,947.64,199,4.128379737286832e-05,0.99228182801192,C,199,9.753768844221106,0.05407200340895606,Intermittent
HOUSEHOLD_1_286,HOUSEHOLD_1,HOUSEHOLD,192,946.56,140,4.123674733154176e-05,0.9923230647592516,C,140,13.864285714285714,0.27037744804156655,Intermittent
HOUSEHOLD_2_397,HOUSEHOLD_2,HOUSEHOLD,135,942.8000000000001,116,4.107294348396042e-05,0.9923641377027356,C,116,16.732758620689655,0.11484463529552098,Intermittent
HOUSEHOLD_2_258,HOUSEHOLD_2,HOUSEHOLD,236,939.04,204,4.090913963637907e-05,0.992405046842372,C,204,9.514705882352942,0.12139368818484012,Intermittent
FOODS_3_576,FOODS_3,FOODS,375,937.5,230,4.084204976263565e-05,0.9924458888921346,C,230,8.439130434782609,0.7056815138282384,Lumpy
HOBBIES_2_054,HOBBIES_2,HOBBIES,219,937.4300000000001,188,4.0839000222920044e-05,0.9924867278923575,C,188,10.324468085106384,0.1335474556142819,Intermittent
FOODS_3_698,FOODS_3,FOODS,937,937.0,405,4.082026733609558e-05,0.9925275481596936,C,405,4.792592592592593,0.5295676839398543,Lumpy
HOBBIES_1_212,HOBBIES_1,HOBBIES,125,931.31,116,4.057238332206955e-05,0.9925681205430157,C,116,16.732758620689655,0.07714504347826082,Intermittent
HOBBIES_2_003,HOBBIES_2,HOBBIES,469,923.93,372,4.0250874706338085e-05,0.9926083714177221,C,372,5.217741935483871,0.18264600226668445,Intermittent
HOUSEHOLD_2_307,HOUSEHOLD_2,HOUSEHOLD,154,920.9200000000001,120,4.0119744498566854e-05,0.9926484911622206,C,120,16.175,0.22637626479163098,Intermittent
HOUSEHOLD_2_187,HOUSEHOLD_2,HOUSEHOLD,276,919.08,203,4.003958516889939e-05,0.9926885307473895,C,203,9.561576354679802,0.20553886674111638,Intermittent
HOBBIES_1_207,HOBBIES_1,HOBBIES,341,917.9499999999999,303,3.9990356884918815e-05,0.9927285211042745,C,303,6.405940594059406,0.11303117004019325,Intermittent
HOBBIES_2_069,HOBBIES_2,HOBBIES,309,917.73,229,3.998077261724119e-05,0.9927685018768917,C,229,8.475982532751091,0.3518259442449925,Intermittent
HOBBIES_1_003,HOBBIES_1,HOBBIES,309,917.73,229,3.998077261724119e-05,0.9928084826495089,C,229,8.475982532751091,0.2891944884046923,Intermittent
HOUSEHOLD_2_177,HOUSEHOLD_2,HOUSEHOLD,307,914.86,206,3.9855741488901174e-05,0.9928483383909978,C,206,9.422330097087379,0.36345518578317054,Intermittent
HOUSEHOLD_2_464,HOUSEHOLD_2,HOUSEHOLD,316,910.0799999999999,280,3.964750149117808e-05,0.9928879858924891,C,280,6.932142857142857,0.1051664935141012,Intermittent
HOUSEHOLD_2_194,HOUSEHOLD_2,HOUSEHOLD,145,909.15,123,3.9606986177813544e-05,0.9929275928786668,C,123,15.78048780487805,0.15373501491199001,Intermittent
HOBBIES_2_066,HOBBIES_2,HOBBIES,183,908.51,152,3.9579104671842254e-05,0.9929671719833387,C,152,12.769736842105264,0.18585048881326852,Intermittent
FOODS_3_552,FOODS_3,FOODS,458,906.84,225,3.9506351367198416e-05,0.9930066783347059,C,225,8.626666666666667,0.4780691464148828,Intermittent
FOODS_2_057,FOODS_2,FOODS,229,903.58,185,3.9364329946157145e-05,0.993046042664652,C,185,10.491891891891893,0.1402290192788085,Intermittent
HOUSEHOLD_1_199,HOUSEHOLD_1,HOUSEHOLD,539,903.43,230,3.9357795218195115e-05,0.9930854004598703,C,230,8.439130434782609,0.7091561705533421,Lumpy
FOODS_1_077,FOODS_1,FOODS,291,902.4,205,3.931292341952257e-05,0.9931247133832898,C,205,9.46829268292683,0.3014670281617447,Intermittent
HOUSEHOLD_1_323,HOUSEHOLD_1,HOUSEHOLD,180,898.11,152,3.912603019980875e-05,0.9931638394134896,C,152,12.769736842105264,0.10787016597171123,Intermittent
HOUSEHOLD_2_174,HOUSEHOLD_2,HOUSEHOLD,226,897.22,206,3.9087257480567426e-05,0.9932029266709702,C,206,9.422330097087379,0.08939944110068405,Intermittent
FOODS_2_248,FOODS_2,FOODS,150,897.0000000000001,97,3.90776732128898e-05,0.9932420043441831,C,97,20.010309278350515,0.25282870370370364,Intermittent
HOBBIES_2_020,HOBBIES_2,HOBBIES,235,895.52,208,3.9013197230331175e-05,0.9932810175414134,C,208,9.33173076923077,0.1040584521380475,Intermittent
HOUSEHOLD_1_242,HOUSEHOLD_1,HOUSEHOLD,183,893.04,138,3.890515639469242e-05,0.9933199226978081,C,138,14.065217391304348,0.2587052770132823,Intermittent
HOUSEHOLD_2_413,HOUSEHOLD_2,HOUSEHOLD,242,890.5600000000001,192,3.879711555905366e-05,0.9933587198133672,C,192,10.109375,0.1877822123985895,Intermittent
FOODS_2_155,FOODS_2,FOODS,355,887.82,232,3.867774786161406e-05,0.9933973975612288,C,232,8.366379310344827,0.25475409864221604,Intermittent
HOUSEHOLD_2_463,HOUSEHOLD_2,HOUSEHOLD,162,886.14,131,3.860455890843942e-05,0.9934360021201373,C,131,14.816793893129772,0.1391509268052479,Intermittent
FOODS_2_354,FOODS_2,FOODS,177,884.96,137,3.855315238180485e-05,0.993474555272519,C,137,14.167883211678832,0.2569105301797057,Intermittent
FOODS_3_735,FOODS_3,FOODS,441,882.0,252,3.842420041668762e-05,0.9935129794729357,C,252,7.7023809523809526,0.35287421741604996,Intermittent
HOBBIES_2_134,HOBBIES_2,HOBBIES,152,881.4399999999999,142,3.839980409896274e-05,0.9935513792770346,C,142,13.669014084507042,0.06991758511620602,Intermittent
HOBBIES_2_043,HOBBIES_2,HOBBIES,897,870.09,430,3.79053430165031e-05,0.9935892846200511,C,430,4.513953488372093,0.39736635490597977,Intermittent
HOBBIES_1_294,HOBBIES_1,HOBBIES,223,865.24,187,3.769405347906439e-05,0.9936269786735302,C,187,10.379679144385026,0.15526735551852316,Intermittent
HOBBIES_2_019,HOBBIES_2,HOBBIES,256,862.72,203,3.758427004930243e-05,0.9936645629435795,C,203,9.561576354679802,0.24019690787438125,Intermittent
FOODS_3_122,FOODS_3,FOODS,345,862.5,239,3.7574685781624796e-05,0.9937021376293611,C,239,8.121338912133892,0.26815833831957486,Intermittent
HOBBIES_2_008,HOBBIES_2,HOBBIES,226,860.56,205,3.749016996664932e-05,0.9937396277993278,C,205,9.46829268292683,0.0921560181751453,Intermittent
FOODS_3_647,FOODS_3,FOODS,734,860.5,271,3.7487556075464506e-05,0.9937771153554033,C,271,7.162361623616236,0.5836190257776284,Lumpy
HOUSEHOLD_2_112,HOUSEHOLD_2,HOUSEHOLD,216,857.5200000000001,190,3.735773281328568e-05,0.9938144730882166,C,190,10.215789473684211,0.10006368802665101,Intermittent
HOUSEHOLD_2_157,HOUSEHOLD_2,HOUSEHOLD,156,853.3199999999999,140,3.717476043034907e-05,0.9938516478486469,C,140,13.864285714285714,0.10528855022490884,Intermittent
HOBBIES_1_422,HOBBIES_1,HOBBIES,249,851.43,199,3.7092422858027595e-05,0.9938887402715049,C,199,9.753768844221106,0.2691546682450055,Intermittent
HOUSEHOLD_2_215,HOUSEHOLD_2,HOUSEHOLD,446,849.53,343,3.700964963717532e-05,0.993925749921142,C,343,5.658892128279883,0.22840020983908219,Intermittent
FOODS_3_009,FOODS_3,FOODS,371,845.88,234,3.6850637923432795e-05,0.9939626005590655,C,234,8.294871794871796,0.31209141976079946,Intermittent
HOUSEHOLD_2_097,HOUSEHOLD_2,HOUSEHOLD,154,843.9200000000001,137,3.676525081139571e-05,0.9939993658098769,C,137,14.167883211678832,0.09828869564354673,Intermittent
HOUSEHOLD_1_271,HOUSEHOLD_1,HOUSEHOLD,283,843.34,224,3.6739983196609226e-05,0.9940361057930736,C,224,8.665178571428571,0.2625688786695653,Intermittent
FOODS_3_033,FOODS_3,FOODS,337,842.5,232,3.670338872002191e-05,0.9940728091817935,C,232,8.366379310344827,0.3682277330191814,Intermittent
HOUSEHOLD_1_496,HOUSEHOLD_1,HOUSEHOLD,105,832.65,82,3.6274274917182476e-05,0.9941090834567107,C,82,23.670731707317074,0.23001595700008393,Intermittent
FOODS_3_517,FOODS_3,FOODS,287,828.8399999999999,204,3.6108292826947126e-05,0.9941451917495376,C,204,9.514705882352942,0.19719336995295775,Intermittent
FOODS_2_096,FOODS_2,FOODS,104,828.28,94,3.6083896509222246e-05,0.9941812756460469,C,94,20.648936170212767,0.07849780492460397,Intermittent
HOBBIES_1_223,HOBBIES_1,HOBBIES,774,827.0400000000001,242,3.602987609140287e-05,0.9942173055221383,C,242,8.020661157024794,1.2974042542804998,Lumpy
FOODS_3_364,FOODS_3,FOODS,297,825.66,178,3.5969756594152266e-05,0.9942532752787324,C,178,10.904494382022472,0.40473841242355013,Intermittent
HOBBIES_2_031,HOBBIES_2,HOBBIES,118,822.4599999999999,79,3.58303490642958e-05,0.9942891056277967,C,79,24.569620253164558,0.5042280806429041,Lumpy
HOBBIES_2_051,HOBBIES_2,HOBBIES,442,822.04,331,3.5812051826002144e-05,0.9943249176796227,C,331,5.86404833836858,0.49924585218702855,Lumpy
FOODS_2_292,FOODS_2,FOODS,269,821.42,188,3.578504161709245e-05,0.9943607027212398,C,188,10.324468085106384,0.2771336555492305,Intermittent
HOBBIES_1_065,HOBBIES_1,HOBBIES,167,814.96,154,3.550361266619472e-05,0.994396206333906,C,154,12.603896103896103,0.08838633640315938,Intermittent
FOODS_2_046,FOODS_2,FOODS,209,814.22,163,3.5471374674915415e-05,0.994431677708581,C,163,11.9079754601227,0.1840461754001584,Intermittent
HOBBIES_2_002,HOBBIES_2,HOBBIES,449,813.53,322,3.544131492629011e-05,0.9944671190235073,C,322,6.027950310559007,0.357144083419084,Intermittent
HOUSEHOLD_2_162,HOUSEHOLD_2,HOUSEHOLD,201,797.97,135,3.4763445812363065e-05,0.9945018824693196,C,135,14.377777777777778,0.335746085788478,Intermittent
HOUSEHOLD_1_054,HOUSEHOLD_1,HOUSEHOLD,203,795.76,171,3.466716748705594e-05,0.9945365496368066,C,171,11.350877192982455,0.13361644301002207,Intermittent
FOODS_3_466,FOODS_3,FOODS,210,793.8,133,3.458178037501886e-05,0.9945711314171816,C,133,14.593984962406015,0.2747643097643097,Intermittent
FOODS_3_701,FOODS_3,FOODS,399,790.02,245,3.441710523037591e-05,0.9946055485224119,C,245,7.922448979591837,0.4097982229084361,Intermittent
HOUSEHOLD_2_017,HOUSEHOLD_2,HOUSEHOLD,212,788.64,151,3.4356985733125314e-05,0.9946399055081451,C,151,12.85430463576159,0.30560163759344944,Intermittent
HOBBIES_2_046,HOBBIES_2,HOBBIES,280,783.6,233,3.413741887360138e-05,0.9946740429270187,C,233,8.330472103004292,0.22540618402533422,Intermittent
HOBBIES_2_004,HOBBIES_2,HOBBIES,316,780.5200000000001,249,3.400323912611454e-05,0.9947080461661448,C,249,7.795180722891566,0.23777594574897518,Intermittent
HOUSEHOLD_2_319,HOUSEHOLD_2,HOUSEHOLD,394,780.12,285,3.3985813184882476e-05,0.9947420319793298,C,285,6.810526315789474,0.21981842094853135,Intermittent
HOUSEHOLD_1_209,HOUSEHOLD_1,HOUSEHOLD,219,779.58,145,3.39622881642192e-05,0.994775994267494,C,145,13.386206896551725,0.23207947892848138,Intermittent
HOBBIES_2_118,HOBBIES_2,HOBBIES,196,778.12,156,3.3898683478722186e-05,0.9948098929509727,C,156,12.442307692307692,0.17060633338259595,Intermittent
HOUSEHOLD_2_120,HOUSEHOLD_2,HOUSEHOLD,98,778.12,82,3.3898683478722186e-05,0.9948437916344514,C,82,23.670731707317074,0.12859868059090607,Intermittent
HOBBIES_1_167,HOBBIES_1,HOBBIES,1130,777.0,362,3.384989084327243e-05,0.9948776415252947,C,362,5.361878453038674,1.3664562352251568,Lumpy
HOUSEHOLD_2_354,HOUSEHOLD_2,HOUSEHOLD,800,776.0,486,3.380632599019228e-05,0.9949114478512848,C,486,3.993827160493827,0.6583107989690714,Lumpy
HOUSEHOLD_2_496,HOUSEHOLD_2,HOUSEHOLD,524,775.52,351,3.378541486071381e-05,0.9949452332661456,C,351,5.52991452991453,0.35092110849351116,Intermittent
HOUSEHOLD_2_396,HOUSEHOLD_2,HOUSEHOLD,88,768.88,76,3.349614423626165e-05,0.9949787294103819,C,76,25.539473684210527,0.16016528925619833,Intermittent
FOODS_2_114,FOODS_2,FOODS,284,767.78,181,3.3448222897873494e-05,0.9950121776332798,C,181,10.723756906077348,0.3167918898366725,Intermittent
HOUSEHOLD_1_208,HOUSEHOLD_1,HOUSEHOLD,822,766.94,357,3.3411628421286175e-05,0.9950455892617011,C,357,5.436974789915967,0.38430592580043227,Intermittent
FOODS_3_088,FOODS_3,FOODS,275,764.5,179,3.330533017977062e-05,0.9950788945918808,C,179,10.843575418994414,0.4011036122202621,Intermittent
FOODS_3_256,FOODS_3,FOODS,298,761.1800000000001,257,3.316069486754454e-05,0.9951120552867484,C,257,7.552529182879377,0.23375944143844857,Intermittent
HOBBIES_1_121,HOBBIES_1,HOBBIES,727,760.6,260,3.3135427252758055e-05,0.9951451907140012,C,260,7.4653846153846155,0.993684292159872,Lumpy
HOUSEHOLD_2_448,HOUSEHOLD_2,HOUSEHOLD,154,757.42,124,3.2996891019963196e-05,0.9951781876050212,C,124,15.653225806451612,0.19366843693736313,Intermittent
FOODS_2_252,FOODS_2,FOODS,194,756.97,108,3.297728683607713e-05,0.9952111648918572,C,108,17.97222222222222,0.5489236294937339,Lumpy
HOBBIES_2_007,HOBBIES_2,HOBBIES,778,754.66,480,3.287665202546199e-05,0.9952440415438827,C,480,4.04375,0.45375093958550894,Intermittent
HOUSEHOLD_2_147,HOUSEHOLD_2,HOUSEHOLD,190,754.3000000000001,175,3.286096867835315e-05,0.9952769025125611,C,175,11.09142857142857,0.0668640748877639,Intermittent
HOUSEHOLD_2_141,HOUSEHOLD_2,HOUSEHOLD,154,752.9200000000001,143,3.280084918110255e-05,0.9953097033617422,C,143,13.573426573426573,0.061655648174762906,Intermittent
HOUSEHOLD_2_077,HOUSEHOLD_2,HOUSEHOLD,176,752.84,145,3.279736399285613e-05,0.995342500725735,C,145,13.386206896551725,0.13373480902777768,Intermittent
HOBBIES_2_032,HOBBIES_2,HOBBIES,769,750.37,430,3.2689758805748174e-05,0.9953751904845408,C,430,4.513953488372093,0.6105723824173299,Lumpy
HOBBIES_2_080,HOBBIES_2,HOBBIES,188,748.61,173,3.261308466432712e-05,0.9954078035692051,C,173,11.219653179190752,0.06744508459052291,Intermittent
HOUSEHOLD_2_412,HOUSEHOLD_2,HOUSEHOLD,125,747.9000000000001,113,3.258215361864022e-05,0.9954403857228238,C,113,17.17699115044248,0.16581942857142856,Intermittent
HOBBIES_1_052,HOBBIES_1,HOBBIES,127,746.76,115,3.253248968612885e-05,0.9954729182125099,C,115,16.878260869565217,0.19238529705129584,Intermittent
FOODS_3_737,FOODS_3,FOODS,214,744.72,163,3.2443617385845356e-05,0.9955053618298958,C,163,11.9079754601227,0.2615838463437963,Intermittent
FOODS_3_799,FOODS_3,FOODS,357,744.5600000000001,301,3.2436647009352534e-05,0.9955377984769052,C,301,6.4485049833887045,0.14592336280917592,Intermittent
HOBBIES_1_140,HOBBIES_1,HOBBIES,689,739.1600000000001,217,3.220139680271976e-05,0.9955699998737079,C,217,8.944700460829493,0.7105826564640274,Lumpy
HOBBIES_1_175,HOBBIES_1,HOBBIES,374,737.05,308,3.210947496272064e-05,0.9956021093486705,C,308,6.3019480519480515,0.18966896971473007,Intermittent
FOODS_3_260,FOODS_3,FOODS,369,726.93,200,3.166859864954958e-05,0.9956337779473201,C,200,9.705,0.4608717901535349,Intermittent
HOBBIES_2_068,HOBBIES_2,HOBBIES,369,725.96,269,3.162634074206184e-05,0.9956654042880622,C,269,7.215613382899628,0.3347761489992039,Intermittent
HOBBIES_1_217,HOBBIES_1,HOBBIES,208,721.76,190,3.1443368359125236e-05,0.9956968476564213,C,190,10.215789473684211,0.0984285479477787,Intermittent
FOODS_3_722,FOODS_3,FOODS,287,719.84,194,3.135972384121136e-05,0.9957282073802625,C,194,10.005154639175258,0.28981840028981176,Intermittent
FOODS_2_117,FOODS_2,FOODS,120,716.4,76,3.120986074661566e-05,0.995759417241009,C,76,25.539473684210527,0.4306666666666665,Intermittent
HOUSEHOLD_2_006,HOUSEHOLD_2,HOUSEHOLD,194,712.66,174,3.104692819609592e-05,0.9957904641692051,C,174,11.155172413793103,0.1288091527175125,Intermittent
HOUSEHOLD_2_458,HOUSEHOLD_2,HOUSEHOLD,179,712.3,148,3.103124484898706e-05,0.9958214954140541,C,148,13.114864864864865,0.1790758312001184,Intermittent
HOUSEHOLD_2_381,HOUSEHOLD_2,HOUSEHOLD,120,710.8000000000001,105,3.096589756936685e-05,0.9958524613116234,C,105,18.485714285714284,0.19771634615384617,Intermittent
HOUSEHOLD_1_423,HOUSEHOLD_1,HOUSEHOLD,239,707.68,143,3.08299752277568e-05,0.9958832912868512,C,143,13.573426573426573,0.46779396640341664,Intermittent
FOODS_2_277,FOODS_2,FOODS,551,705.28,259,3.0725419580364445e-05,0.9959140167064315,C,259,7.494208494208494,0.4939675133077688,Lumpy
HOUSEHOLD_2_060,HOUSEHOLD_2,HOUSEHOLD,88,702.08,77,3.0586012050507986e-05,0.9959446027184821,C,77,25.207792207792206,0.13527960526315794,Intermittent
FOODS_2_362,FOODS_2,FOODS,95,700.6700000000001,80,3.052458560766499e-05,0.9959751273040898,C,80,24.2625,0.18121252498334442,Intermittent
HOUSEHOLD_1_250,HOUSEHOLD_1,HOUSEHOLD,260,696.8000000000001,214,3.0355989626244826e-05,0.996005483293716,C,214,9.070093457943925,0.14666166624996527,Intermittent
HOUSEHOLD_2_277,HOUSEHOLD_2,HOUSEHOLD,209,695.97,174,3.0319830798188304e-05,0.9960358031245141,C,174,11.155172413793103,0.14407105217503724,Intermittent
FOODS_2_071,FOODS_2,FOODS,155,694.4000000000001,109,3.025143397885248e-05,0.996066054558493,C,109,17.807339449541285,0.3964782055728987,Intermittent
FOODS_3_254,FOODS_3,FOODS,399,694.26,192,3.0245334899421254e-05,0.9960962998933923,C,192,10.109375,0.5550418975439229,Lumpy
FOODS_2_287,FOODS_2,FOODS,278,692.23,180,3.015689824766856e-05,0.99612645679164,C,180,10.783333333333333,0.315348541069881,Intermittent
HOUSEHOLD_2_101,HOUSEHOLD_2,HOUSEHOLD,154,691.46,123,3.012335331079685e-05,0.9961565801449508,C,123,15.78048780487805,0.20490420799128492,Intermittent
HOUSEHOLD_1_502,HOUSEHOLD_1,HOUSEHOLD,165,685.33,131,2.9856300761415566e-05,0.9961864364457123,C,131,14.816793893129772,0.18025570389206744,Intermittent
HOBBIES_2_028,HOBBIES_2,HOBBIES,819,685.08,451,2.984540954814553e-05,0.9962162818552603,C,451,4.303769401330377,0.6642454101469162,Lumpy
HOBBIES_1_174,HOBBIES_1,HOBBIES,140,683.2,126,2.9763507624354856e-05,0.9962460453628847,C,126,15.404761904761905,0.09359999999999993,Intermittent
HOBBIES_2_084,HOBBIES_2,HOBBIES,107,678.79,78,2.9571386622271414e-05,0.996275616749507,C,78,24.884615384615383,0.6502263567509438,Lumpy
HOUSEHOLD_2_243,HOUSEHOLD_2,HOUSEHOLD,262,676.0500000000001,240,2.9452018924831823e-05,0.9963050687684318,C,240,8.0875,0.08420377137125414,Intermittent
HOBBIES_1_115,HOBBIES_1,HOBBIES,970,670.68,391,2.9218075663791442e-05,0.9963342868440956,C,391,4.964194373401535,0.9747386599300724,Lumpy
HOUSEHOLD_2_008,HOUSEHOLD_2,HOUSEHOLD,270,669.56,232,2.9169283028341677e-05,0.996363456127124,C,232,8.366379310344827,0.12073990938188464,Intermittent
FOODS_3_510,FOODS_3,FOODS,323,668.4,168,2.9118747798768713e-05,0.9963925748749227,C,168,11.553571428571429,0.5540074372050697,Lumpy
FOODS_3_371,FOODS_3,FOODS,267,667.5,185,2.9079539430996583e-05,0.9964216544143537,C,185,10.491891891891893,0.2861065522030046,Intermittent
HOUSEHOLD_2_342,HOUSEHOLD_2,HOUSEHOLD,688,667.36,475,2.9073440351565363e-05,0.9964507278547052,C,475,4.086315789473685,0.32329165375913127,Intermittent
HOUSEHOLD_2_180,HOUSEHOLD_2,HOUSEHOLD,233,661.7199999999999,154,2.8827734580193342e-05,0.9964795555892855,C,154,12.603896103896103,0.3439787330381569,Intermittent
HOBBIES_1_053,HOBBIES_1,HOBBIES,165,655.0500000000001,101,2.8537157010148784e-05,0.9965080927462956,C,101,19.217821782178216,0.4325656565656565,Intermittent
HOUSEHOLD_2_286,HOUSEHOLD_2,HOUSEHOLD,305,652.7,189,2.8434779605410443e-05,0.996536527525901,C,189,10.26984126984127,0.406061399646629,Intermittent
HOUSEHOLD_2_216,HOUSEHOLD_2,HOUSEHOLD,94,652.36,69,2.841996755536319e-05,0.9965649474934564,C,69,28.130434782608695,0.20555947594067056,Intermittent
FOODS_3_507,FOODS_3,FOODS,328,649.4399999999999,233,2.829275818436917e-05,0.9965932402516408,C,233,8.330472103004292,0.2485384315575704,Intermittent
FOODS_3_436,FOODS_3,FOODS,265,646.9,169,2.8182103457545603e-05,0.9966214223550983,C,169,11.485207100591715,0.39573428944379463,Intermittent
HOBBIES_2_045,HOBBIES_2,HOBBIES,247,646.59,196,2.816859835309076e-05,0.9966495909534514,C,196,9.903061224489797,0.23162316110569642,Intermittent
HOUSEHOLD_2_175,HOUSEHOLD_2,HOUSEHOLD,107,638.79,87,2.7828792499065628e-05,0.9966774197459505,C,87,22.310344827586206,0.39514368067080086,Intermittent
HOBBIES_2_104,HOBBIES_2,HOBBIES,215,638.5500000000001,182,2.7818336934326397e-05,0.9967052380828848,C,182,10.664835164835164,0.14654885872309656,Intermittent
FOODS_3_240,FOODS_3,FOODS,634,634.0,358,2.7620116852811735e-05,0.9967328581997377,C,358,5.421787709497207,0.5601930927512364,Lumpy
HOUSEHOLD_2_418,HOUSEHOLD_2,HOUSEHOLD,228,633.8399999999999,149,2.761314647631891e-05,0.996760471346214,C,149,13.026845637583893,0.4072035158427124,Intermittent
HOUSEHOLD_1_314,HOUSEHOLD_1,HOUSEHOLD,79,630.4200000000001,67,2.7464154678784822e-05,0.9967879355008928,C,67,28.970149253731343,0.1291508256738188,Intermittent
HOUSEHOLD_2_123,HOUSEHOLD_2,HOUSEHOLD,318,629.64,221,2.7430174093382305e-05,0.9968153656749862,C,221,8.782805429864254,0.3126762462647119,Intermittent
HOBBIES_2_085,HOBBIES_2,HOBBIES,644,624.68,355,2.7214092422104784e-05,0.9968425797674083,C,355,5.467605633802817,0.5920529637313902,Lumpy
HOBBIES_2_057,HOBBIES_2,HOBBIES,317,624.49,174,2.7205815100019562e-05,0.9968697855825084,C,174,11.155172413793103,0.8106476094901717,Lumpy
HOUSEHOLD_2_026,HOUSEHOLD_2,HOUSEHOLD,158,624.2900000000001,146,2.7197102129403534e-05,0.9968969826846378,C,146,13.294520547945206,0.06485698025846873,Intermittent
HOUSEHOLD_2_430,HOUSEHOLD_2,HOUSEHOLD,157,623.2900000000001,142,2.715353727632339e-05,0.9969241362219141,C,142,13.669014084507042,0.1010401641889001,Intermittent
HOBBIES_1_136,HOBBIES_1,HOBBIES,127,619.76,120,2.6999753344950475e-05,0.9969511359752591,C,120,16.175,0.06445928858244271,Intermittent
HOUSEHOLD_2_053,HOUSEHOLD_2,HOUSEHOLD,317,619.4399999999999,227,2.6985812591964826e-05,0.9969781217878511,C,227,8.550660792951541,0.5225779566239671,Lumpy
HOUSEHOLD_2_263,HOUSEHOLD_2,HOUSEHOLD,113,618.11,90,2.6927871337368236e-05,0.9970050496591885,C,90,21.566666666666666,0.236079127732984,Intermittent
HOBBIES_2_093,HOBBIES_2,HOBBIES,313,616.61,224,2.686252405774802e-05,0.9970319121832462,C,224,8.665178571428571,0.3069260446484236,Intermittent
HOBBIES_2_112,HOBBIES_2,HOBBIES,266,615.52,214,2.6815038367890662e-05,0.997058727221614,C,214,9.070093457943925,0.33232344867251246,Intermittent
FOODS_3_017,FOODS_3,FOODS,301,607.98,276,2.6486559375666372e-05,0.9970852137809897,C,276,7.032608695652174,0.0817411808619412,Intermittent
FOODS_3_338,FOODS_3,FOODS,165,607.2,127,2.645257879026386e-05,0.99711166635978,C,127,15.283464566929133,0.2004396052880902,Intermittent
HOBBIES_2_061,HOBBIES_2,HOBBIES,308,606.76,228,2.6433410254908593e-05,0.9971380997700349,C,228,8.513157894736842,0.2846859645303492,Intermittent
HOBBIES_2_127,HOBBIES_2,HOBBIES,152,603.44,131,2.6288774942682517e-05,0.9971643885449776,C,131,14.816793893129772,0.14646081930534846,Intermittent
HOUSEHOLD_2_087,HOUSEHOLD_2,HOUSEHOLD,76,603.44,69,2.6288774942682517e-05,0.9971906773199203,C,69,28.130434782608695,0.07624348215740594,Intermittent
HOBBIES_2_041,HOBBIES_2,HOBBIES,306,602.8199999999999,184,2.6261764733772822e-05,0.997216939084654,C,184,10.548913043478262,0.5712192802404011,Lumpy
HOUSEHOLD_2_358,HOUSEHOLD_2,HOUSEHOLD,121,601.37,104,2.6198595696806616e-05,0.9972431376803509,C,104,18.66346153846154,0.15937687953035187,Intermittent
FOODS_3_047,FOODS_3,FOODS,601,601.0,273,2.6182476701166962e-05,0.997269320157052,C,273,7.1098901098901095,0.5461240865237653,Lumpy
FOODS_2_032,FOODS_2,FOODS,275,599.5,171,2.6117129421546743e-05,0.9972954372864736,C,171,11.350877192982455,0.3747136217792901,Intermittent
HOBBIES_2_056,HOBBIES_2,HOBBIES,187,597.4399999999999,157,2.6027385824201645e-05,0.9973214646722979,C,157,12.363057324840764,0.18194760047543948,Intermittent
FOODS_3_264,FOODS_3,FOODS,150,597.0,92,2.6008217288846383e-05,0.9973474728895867,C,92,21.097826086956523,0.30356630036630056,Intermittent
HOBBIES_1_054,HOBBIES_1,HOBBIES,201,596.97,175,2.600691034325398e-05,0.99737347979993,C,175,11.09142857142857,0.14871744098743425,Intermittent
HOBBIES_2_049,HOBBIES_2,HOBBIES,213,589.34,180,2.5674510514252476e-05,0.9973991543104442,C,180,10.783333333333333,0.1633754054739958,Intermittent
HOUSEHOLD_2_149,HOUSEHOLD_2,HOUSEHOLD,148,588.76,133,2.564924289946599e-05,0.9974248035533437,C,133,14.593984962406015,0.09365523385793659,Intermittent
HOBBIES_1_066,HOBBIES_1,HOBBIES,470,587.5,198,2.559435118458501e-05,0.9974503979045283,C,198,9.803030303030303,1.09217970784033,Lumpy
FOODS_1_084,FOODS_1,FOODS,108,585.62,87,2.5512449260794337e-05,0.997475910353789,C,87,22.310344827586206,0.16548234280792426,Intermittent
FOODS_1_022,FOODS_1,FOODS,128,584.41,110,2.545973578856736e-05,0.9975013700895776,C,110,17.645454545454545,0.1562052035550459,Intermittent
HOBBIES_1_107,HOBBIES_1,HOBBIES,146,581.07,130,2.531422917927968e-05,0.9975266843187569,C,130,14.930769230769231,0.11081678282208945,Intermittent
HOBBIES_1_252,HOBBIES_1,HOBBIES,854,580.7800000000001,302,2.530159537188644e-05,0.9975519859141287,C,302,6.427152317880795,0.5804201302420917,Lumpy
FOODS_3_255,FOODS_3,FOODS,145,577.1,109,2.5141276712551505e-05,0.9975771271908414,C,109,17.807339449541285,0.2412621658519398,Intermittent
FOODS_2_379,FOODS_2,FOODS,82,572.36,67,2.4934779308951618e-05,0.9976020619701503,C,67,28.970149253731343,0.259373929659474,Intermittent
HOUSEHOLD_2_005,HOUSEHOLD_2,HOUSEHOLD,104,568.88,94,2.4783173620232713e-05,0.9976268451437705,C,94,20.648936170212767,0.07849780492460394,Intermittent
FOODS_1_098,FOODS_1,FOODS,126,568.42,92,2.4763133787815844e-05,0.9976516082775584,C,92,21.097826086956523,0.5708305300142035,Lumpy
HOBBIES_1_331,HOBBIES_1,HOBBIES,599,563.06,366,2.452962617530627e-05,0.9976761379037337,C,366,5.30327868852459,0.54484555162088,Lumpy
HOBBIES_2_142,HOBBIES_2,HOBBIES,2509,562.1500000000001,608,2.4489982159003343e-05,0.9977006278858926,C,608,3.192434210526316,1.1323945684138474,Lumpy
HOUSEHOLD_1_266,HOUSEHOLD_1,HOUSEHOLD,556,559.76,365,2.4385862160141793e-05,0.9977250137480528,C,365,5.317808219178082,0.24750797828019505,Intermittent
HOBBIES_2_059,HOBBIES_2,HOBBIES,2503,559.7,601,2.4383248268956988e-05,0.9977493969963217,C,601,3.2296173044925123,1.693355917498817,Lumpy
HOUSEHOLD_2_314,HOUSEHOLD_2,HOUSEHOLD,284,559.48,194,2.4373664001279353e-05,0.997773770660323,C,194,10.005154639175258,0.508323457493116,Lumpy
FOODS_3_171,FOODS_3,FOODS,225,558.0,184,2.430918801872074e-05,0.9977980798483418,C,184,10.548913043478262,0.19684263644336503,Intermittent
HOBBIES_1_267,HOBBIES_1,HOBBIES,193,555.84,163,2.421508793606763e-05,0.9978222949362778,C,163,11.9079754601227,0.4864334745584354,Intermittent
HOBBIES_2_132,HOBBIES_2,HOBBIES,193,555.84,85,2.421508793606763e-05,0.9978465100242139,C,85,22.83529411764706,0.5513602794066703,Lumpy
HOBBIES_2_042,HOBBIES_2,HOBBIES,689,555.18,391,2.418633513303473e-05,0.9978706963593469,C,391,4.964194373401535,0.768677321345942,Lumpy
FOODS_3_471,FOODS_3,FOODS,221,552.5,166,2.4069581326779943e-05,0.9978947659406736,C,166,11.69277108433735,0.25569153586188464,Intermittent
HOUSEHOLD_2_023,HOUSEHOLD_2,HOUSEHOLD,139,551.83,104,2.4040392875216247e-05,0.9979188063335488,C,104,18.66346153846154,0.4196972658654526,Intermittent
FOODS_1_160,FOODS_1,FOODS,246,551.0400000000001,175,2.4005976641282937e-05,0.9979428123101901,C,175,11.09142857142857,0.2797730703687748,Intermittent
FOODS_2_209,FOODS_2,FOODS,92,549.24,59,2.3927559905738672e-05,0.9979667398700959,C,59,32.898305084745765,0.30166302718206084,Intermittent
FOODS_2_094,FOODS_2,FOODS,429,549.12,225,2.3922332123369055e-05,0.9979906622022192,C,225,8.626666666666667,0.5023058235470823,Lumpy
FOODS_2_390,FOODS_2,FOODS,79,547.92,67,2.387005429967288e-05,0.9980145322565189,C,67,28.970149253731343,0.1073545906104791,Intermittent
HOUSEHOLD_2_057,HOUSEHOLD_2,HOUSEHOLD,110,546.6999999999999,84,2.3816905178915103e-05,0.9980383491616979,C,84,23.107142857142858,0.2947485811012647,Intermittent
HOBBIES_1_234,HOBBIES_1,HOBBIES,1832,544.8,248,2.3734131958062827e-05,0.998062083293656,C,248,7.826612903225806,1.159827273017134,Lumpy
HOBBIES_2_067,HOBBIES_2,HOBBIES,183,543.51,140,2.3677933297589443e-05,0.9980857612269536,C,140,13.864285714285714,0.20965544146247106,Intermittent
HOUSEHOLD_2_392,HOUSEHOLD_2,HOUSEHOLD,109,541.73,101,2.3600387859106785e-05,0.9981093616148127,C,101,19.217821782178216,0.06324720141402239,Intermittent
HOBBIES_2_011,HOBBIES_2,HOBBIES,557,540.29,374,2.3537654470671375e-05,0.9981328992692834,C,374,5.189839572192513,0.5891969484996471,Lumpy
HOUSEHOLD_2_151,HOUSEHOLD_2,HOUSEHOLD,121,537.24,94,2.3404781668776935e-05,0.9981563040509521,C,94,20.648936170212767,0.18977932790007157,Intermittent
HOBBIES_1_112,HOBBIES_1,HOBBIES,203,536.52,170,2.337341497455923e-05,0.9981796774659267,C,170,11.41764705882353,0.1601548808562961,Intermittent
HOBBIES_1_035,HOBBIES_1,HOBBIES,269,532.46,230,2.3196541671053846e-05,0.9982028740075978,C,230,8.439130434782609,0.15446992514303456,Intermittent
FOODS_2_246,FOODS_2,FOODS,243,529.74,142,2.307804527067585e-05,0.9982259520528685,C,142,13.669014084507042,0.3176530034138015,Intermittent
HOBBIES_2_100,HOBBIES_2,HOBBIES,613,525.03,433,2.2872854812668367e-05,0.9982488249076811,C,433,4.482678983833718,1.5143670934359488,Lumpy
HOBBIES_2_060,HOBBIES_2,HOBBIES,540,523.8,327,2.2819270043379788e-05,0.9982716441777244,C,327,5.935779816513762,0.6999388396576536,Lumpy
HOBBIES_2_091,HOBBIES_2,HOBBIES,540,523.8,306,2.2819270043379788e-05,0.9982944634477677,C,306,6.3431372549019605,0.7486193078324229,Lumpy
HOBBIES_2_063,HOBBIES_2,HOBBIES,539,521.03,377,2.2698595400347788e-05,0.9983171620431681,C,377,5.1485411140583555,0.2763413045103782,Intermittent
HOUSEHOLD_1_378,HOUSEHOLD_1,HOUSEHOLD,23,518.94,22,2.260754485741029e-05,0.9983397695880255,C,22,88.22727272727273,0.04158790170132325,Intermittent
HOUSEHOLD_1_116,HOUSEHOLD_1,HOUSEHOLD,175,517.78,126,2.255700962783732e-05,0.9983623265976533,C,126,15.404761904761905,0.23201279999999994,Intermittent
HOBBIES_1_192,HOBBIES_1,HOBBIES,148,517.62,132,2.2550039251344497e-05,0.9983848766369047,C,132,14.704545454545455,0.13395859238648594,Intermittent
HOUSEHOLD_2_121,HOUSEHOLD_2,HOUSEHOLD,264,517.53,222,2.2546118414567283e-05,0.9984074227553192,C,222,8.743243243243244,0.1281599416626154,Intermittent
HOUSEHOLD_2_330,HOUSEHOLD_2,HOUSEHOLD,139,517.08,116,2.252651423068122e-05,0.99842994926955,C,116,16.732758620689655,0.13589538753732708,Intermittent
FOODS_3_278,FOODS_3,FOODS,511,511.0,216,2.2261639923953938e-05,0.9984522109094739,C,216,8.98611111111111,0.5219879975451099,Lumpy
HOUSEHOLD_2_103,HOUSEHOLD_2,HOUSEHOLD,259,510.54,202,2.2241600091537072e-05,0.9984744525095655,C,202,9.608910891089108,0.22066276005076235,Intermittent
FOODS_3_443,FOODS_3,FOODS,203,507.5,146,2.2109162938173433e-05,0.9984965616725037,C,146,13.294520547945206,0.2523777447343694,Intermittent
HOBBIES_2_034,HOBBIES_2,HOBBIES,188,507.29,154,2.21000143190266e-05,0.9985186616868227,C,154,12.603896103896103,0.2916174769289034,Intermittent
HOUSEHOLD_1_057,HOUSEHOLD_1,HOUSEHOLD,301,505.71,212,2.203118185115997e-05,0.9985406928686739,C,212,9.15566037735849,0.35179905267672523,Intermittent
FOODS_3_166,FOODS_3,FOODS,500,500.0,230,2.178242654007235e-05,0.9985624752952139,C,230,8.439130434782609,0.6477764192139741,Lumpy
HOBBIES_1_011,HOBBIES_1,HOBBIES,143,497.64,130,2.1679613486803205e-05,0.9985841549087007,C,130,14.930769230769231,0.0877698763533858,Intermittent
HOBBIES_2_098,HOBBIES_2,HOBBIES,585,497.31,345,2.1665237085286757e-05,0.9986058201457859,C,345,5.626086956521739,0.6521642738100698,Lumpy
HOUSEHOLD_2_436,HOUSEHOLD_2,HOUSEHOLD,253,494.61,200,2.1547611981970368e-05,0.9986273677577678,C,200,9.705,0.3233056657940142,Intermittent
HOBBIES_1_401,HOBBIES_1,HOBBIES,245,482.65,189,2.1026576339131837e-05,0.998648394334107,C,189,10.26984126984127,0.2260356057316544,Intermittent
HOBBIES_1_259,HOBBIES_1,HOBBIES,460,479.1,386,2.0871921110697323e-05,0.9986692662552177,C,386,5.028497409326425,0.1715787199567917,Intermittent
HOUSEHOLD_2_306,HOUSEHOLD_2,HOUSEHOLD,103,478.99,94,2.0867128976858506e-05,0.9986901333841945,C,94,20.648936170212767,0.07288394819979381,Intermittent
HOUSEHOLD_2_415,HOUSEHOLD_2,HOUSEHOLD,193,478.6,166,2.0850138684157252e-05,0.9987109835228787,C,166,11.69277108433735,0.11929903344974892,Intermittent
FOODS_2_158,FOODS_2,FOODS,373,477.44,178,2.079960345458428e-05,0.9987317831263333,C,178,10.904494382022472,0.35173055871856196,Intermittent
HOUSEHOLD_2_042,HOUSEHOLD_2,HOUSEHOLD,111,475.08000000000004,105,2.0696790401315145e-05,0.9987524799167345,C,105,18.485714285714284,0.0658818902062145,Intermittent
HOBBIES_1_091,HOBBIES_1,HOBBIES,677,471.11999999999995,240,2.0524273583117764e-05,0.9987730041903177,C,240,8.0875,1.081792563345742,Lumpy
HOBBIES_2_129,HOBBIES_2,HOBBIES,2068,464.66,599,2.0242844632220034e-05,0.9987932470349499,C,599,3.2404006677796326,1.2843429074758803,Lumpy
HOUSEHOLD_2_476,HOUSEHOLD_2,HOUSEHOLD,117,464.49,97,2.023543860719641e-05,0.9988134824735571,C,97,20.010309278350515,0.15662971485621055,Intermittent
HOBBIES_1_026,HOBBIES_1,HOBBIES,26,462.25,24,2.0137853336296885e-05,0.9988336203268934,C,24,80.875,0.14201183431952663,Intermittent
HOBBIES_1_161,HOBBIES_1,HOBBIES,659,458.28,249,1.996490086956871e-05,0.9988535852277629,C,249,7.795180722891566,0.9262007481256931,Lumpy
HOUSEHOLD_2_040,HOUSEHOLD_2,HOUSEHOLD,115,456.55,103,1.988953367374006e-05,0.9988734747614366,C,103,18.844660194174757,0.09910967789762411,Intermittent
HOUSEHOLD_2_493,HOUSEHOLD_2,HOUSEHOLD,235,455.9,190,1.9861216519237965e-05,0.9988933359779558,C,190,10.215789473684211,0.14644755341903382,Intermittent
HOBBIES_1_232,HOBBIES_1,HOBBIES,958,453.02,260,1.9735749742367148e-05,0.9989130717276982,C,260,7.4653846153846155,0.9607123197980982,Lumpy
HOUSEHOLD_1_104,HOUSEHOLD_1,HOUSEHOLD,151,448.47,135,1.9537529660852493e-05,0.998932609257359,C,135,14.377777777777778,0.14377806158017423,Intermittent
HOBBIES_2_146,HOBBIES_2,HOBBIES,227,447.19,189,1.9481766648909905e-05,0.998952091024008,C,189,10.26984126984127,0.21519280818113978,Intermittent
FOODS_1_079,FOODS_1,FOODS,82,446.16,59,1.9436894850237358e-05,0.9989715279188582,C,59,32.898305084745765,0.21452234917639343,Intermittent
FOODS_2_023,FOODS_2,FOODS,345,441.6,171,1.9238239120191896e-05,0.9989907661579784,C,171,11.350877192982455,0.44357700433670627,Intermittent
HOBBIES_2_035,HOBBIES_2,HOBBIES,98,438.06,87,1.9084019540288186e-05,0.9990098501775188,C,87,22.310344827586206,0.12471547707834917,Intermittent
HOUSEHOLD_1_260,HOUSEHOLD_1,HOUSEHOLD,145,430.65000000000003,133,1.8761203978964313e-05,0.9990286113814977,C,133,14.593984962406015,0.1333210824055057,Intermittent
HOUSEHOLD_2_086,HOUSEHOLD_2,HOUSEHOLD,107,424.79,99,1.8505913939914664e-05,0.9990471172954376,C,99,19.606060606060606,0.0817057367099167,Intermittent
HOUSEHOLD_2_027,HOUSEHOLD_2,HOUSEHOLD,84,417.47999999999996,74,1.8187454863898805e-05,0.9990653047503015,C,74,26.22972972972973,0.15573261267977512,Intermittent
HOUSEHOLD_2_365,HOUSEHOLD_2,HOUSEHOLD,83,404.21,67,1.7609349263525287e-05,0.9990829140995651,C,67,28.970149253731343,0.37694260063254104,Intermittent
FOODS_3_284,FOODS_3,FOODS,202,399.96,162,1.742419863793467e-05,0.999100338298203,C,162,11.981481481481481,0.20822584072563824,Intermittent
HOBBIES_1_396,HOBBIES_1,HOBBIES,210,394.79999999999995,171,1.7199403996041125e-05,0.999117537702199,C,171,11.350877192982455,0.3436422569027609,Intermittent
FOODS_3_512,FOODS_3,FOODS,198,392.04,151,1.7079165001539928e-05,0.9991346168672005,C,151,12.85430463576159,0.3116239839472163,Intermittent
HOUSEHOLD_1_092,HOUSEHOLD_1,HOUSEHOLD,233,391.95,158,1.7075244164762713e-05,0.9991516921113652,C,158,12.284810126582279,0.4317142990222298,Intermittent
FOODS_3_220,FOODS_3,FOODS,123,387.53999999999996,101,1.688312316267927e-05,0.999168575234528,C,101,19.217821782178216,0.21042501156718885,Intermittent
HOUSEHOLD_2_469,HOUSEHOLD_2,HOUSEHOLD,130,385.11,117,1.6777260569694523e-05,0.9991853524950977,C,117,16.58974358974359,0.08068965517241378,Intermittent
HOBBIES_2_111,HOBBIES_2,HOBBIES,96,381.12,80,1.6603436805904747e-05,0.9992019559319035,C,80,24.2625,0.16526019690576654,Intermittent
HOBBIES_2_055,HOBBIES_2,HOBBIES,134,376.96000000000004,108,1.6422207017091345e-05,0.9992183781389207,C,108,17.97222222222222,0.22912082078101614,Intermittent
HOUSEHOLD_1_258,HOUSEHOLD_1,HOUSEHOLD,124,368.28000000000003,116,1.6044064092355688e-05,0.9992344222030131,C,116,16.732758620689655,0.05668008867574535,Intermittent
FOODS_3_022,FOODS_3,FOODS,186,368.28,161,1.6044064092355688e-05,0.9992504662671055,C,161,12.055900621118013,0.12698830789686674,Intermittent
HOBBIES_2_148,HOBBIES_2,HOBBIES,427,362.01,282,1.577091246354318e-05,0.999266237179569,C,282,6.882978723404255,0.40424929718674235,Intermittent
HOBBIES_2_052,HOBBIES_2,HOBBIES,146,360.62,132,1.571035731776178e-05,0.9992819475368867,C,132,14.704545454545455,0.07809207576575823,Intermittent
HOUSEHOLD_1_512,HOUSEHOLD_1,HOUSEHOLD,192,359.04,135,1.564152484989515e-05,0.9992975890617366,C,135,14.377777777777778,0.2912196828358208,Intermittent
HOBBIES_2_050,HOBBIES_2,HOBBIES,177,348.69,148,1.5190628620515652e-05,0.9993127796903571,C,148,13.114864864864865,0.4248116815113162,Intermittent
HOUSEHOLD_1_036,HOUSEHOLD_1,HOUSEHOLD,117,348.66,95,1.518932167492325e-05,0.999327969012032,C,95,20.431578947368422,0.14662339539589953,Intermittent
HOBBIES_2_114,HOBBIES_2,HOBBIES,175,347.75,128,1.5149677658620318e-05,0.9993431186896906,C,128,15.1640625,0.276939096898602,Intermittent
HOBBIES_1_299,HOBBIES_1,HOBBIES,267,339.09000000000003,175,1.4772406030946265e-05,0.9993578910957216,C,175,11.09142857142857,0.5471939295820816,Lumpy
FOODS_3_601,FOODS_3,FOODS,171,338.58,138,1.475018795587539e-05,0.9993726412836774,C,138,14.065217391304348,0.24296302287284363,Intermittent
HOUSEHOLD_2_331,HOUSEHOLD_2,HOUSEHOLD,85,337.45000000000005,82,1.470095967189483e-05,0.9993873422433494,C,82,23.670731707317074,0.03320774061258489,Intermittent
HOBBIES_2_149,HOBBIES_2,HOBBIES,295,335.65,194,1.4622542936350565e-05,0.9994019647862857,C,194,10.005154639175258,0.6283581782972851,Lumpy
HOBBIES_1_219,HOBBIES_1,HOBBIES,192,334.08,155,1.4554146117014738e-05,0.9994165189324028,C,155,12.522580645161291,0.13613217836850647,Intermittent
HOUSEHOLD_2_318,HOUSEHOLD_2,HOUSEHOLD,83,329.51,78,1.4355054738438478e-05,0.9994308739871413,C,78,24.884615384615383,0.0536711075250776,Intermittent
HOBBIES_2_122,HOBBIES_2,HOBBIES,386,326.7,244,1.4232637501283271e-05,0.9994451066246426,C,244,7.954918032786885,0.6270969022064505,Lumpy
HOUSEHOLD_2_504,HOUSEHOLD_2,HOUSEHOLD,165,321.05,141,1.3986496081380454e-05,0.999459093120724,C,141,13.76595744680851,0.375112160566706,Intermittent
HOBBIES_2_121,HOBBIES_2,HOBBIES,319,309.43,215,1.3480272488589174e-05,0.9994725733932126,C,215,9.027906976744186,0.36869237402243676,Intermittent
FOODS_3_472,FOODS_3,FOODS,157,309.29,97,1.3474173409157954e-05,0.9994860475666217,C,97,20.010309278350515,0.34548223727805055,Intermittent
HOBBIES_2_108,HOBBIES_2,HOBBIES,104,308.88,90,1.3456311819395093e-05,0.9994995038784411,C,90,21.566666666666666,0.11630709394322186,Intermittent
HOBBIES_2_143,HOBBIES_2,HOBBIES,312,307.49,162,1.3395756673613693e-05,0.9995128996351147,C,162,11.981481481481481,0.8793184240508652,Lumpy
FOODS_3_350,FOODS_3,FOODS,94,289.72,45,1.2621609234379521e-05,0.9995255212443491,C,45,43.13333333333333,0.3002438371949465,Intermittent
HOBBIES_2_097,HOBBIES_2,HOBBIES,146,286.65,86,1.2487865135423476e-05,0.9995380091094845,C,86,22.569767441860463,0.4659167926881769,Intermittent
HOBBIES_2_079,HOBBIES_2,HOBBIES,121,285.52000000000004,108,1.2438636851442914e-05,0.999550447746336,C,108,17.97222222222222,0.14470437964824157,Intermittent
HOBBIES_2_124,HOBBIES_2,HOBBIES,1233,283.59000000000003,371,1.2354556684998235e-05,0.999562802303021,C,371,5.231805929919138,2.066959647946024,Lumpy
HOUSEHOLD_1_300,HOUSEHOLD_1,HOUSEHOLD,58,283.04,49,1.2330596015804155e-05,0.9995751328990368,C,49,39.61224489795919,0.16872275069361872,Intermittent
HOBBIES_2_081,HOBBIES_2,HOBBIES,141,281.27,115,1.2253486225852298e-05,0.9995873863852626,C,115,16.878260869565217,0.18743541616477688,Intermittent
FOODS_3_798,FOODS_3,FOODS,142,281.15999999999997,124,1.224869409201348e-05,0.9995996350793546,C,124,15.653225806451612,0.12019166412652019,Intermittent
HOBBIES_1_113,HOBBIES_1,HOBBIES,191,280.77,150,1.2231703799312226e-05,0.9996118667831538,C,150,12.94,0.35512648029157007,Intermittent
HOBBIES_2_147,HOBBIES_2,HOBBIES,287,278.39,197,1.212801944898148e-05,0.9996239948026028,C,197,9.852791878172589,0.2521266297678365,Intermittent
HOUSEHOLD_2_132,HOUSEHOLD_2,HOUSEHOLD,140,275.8,107,1.2015186479503908e-05,0.9996360099890823,C,107,18.14018691588785,0.2580236811705815,Intermittent
FOODS_3_500,FOODS_3,FOODS,106,265.0,70,1.1544686066238344e-05,0.9996475546751485,C,70,27.728571428571428,0.38860598180795686,Intermittent
HOBBIES_1_359,HOBBIES_1,HOBBIES,171,250.87,147,1.0929114692215899e-05,0.9996584837898408,C,147,13.204081632653061,0.14213857161529153,Intermittent
FOODS_3_595,FOODS_3,FOODS,126,249.48,63,1.0868559546434497e-05,0.9996693523493873,C,63,30.80952380952381,0.3548387096774194,Intermittent
HOBBIES_1_181,HOBBIES_1,HOBBIES,125,246.25,112,1.072784507098563e-05,0.9996800801944582,C,112,17.330357142857142,0.08311005405405404,Intermittent
HOUSEHOLD_2_190,HOUSEHOLD_2,HOUSEHOLD,250,242.73,149,1.0574496788143521e-05,0.9996906546912463,C,149,13.026845637583893,0.41890745945945945,Intermittent
HOBBIES_2_012,HOBBIES_2,HOBBIES,123,242.31,100,1.055619954984986e-05,0.9997012108907961,C,100,19.41,0.18500825560115663,Intermittent
HOBBIES_2_094,HOBBIES_2,HOBBIES,121,239.87,101,1.0449901308334308e-05,0.9997116607921045,C,101,19.217821782178216,0.292907588279489,Intermittent
HOUSEHOLD_2_515,HOUSEHOLD_2,HOUSEHOLD,119,234.43,101,1.021290850757832e-05,0.999721873700612,C,101,19.217821782178216,0.1353703834474967,Intermittent
HOUSEHOLD_2_192,HOUSEHOLD_2,HOUSEHOLD,119,232.88,108,1.0145382985304097e-05,0.9997320190835973,C,108,17.97222222222222,0.16842624900427455,Intermittent
HOBBIES_1_302,HOBBIES_1,HOBBIES,80,230.39999999999998,77,1.0037342149665336e-05,0.999742056425747,C,77,25.207792207792206,0.03514391447368423,Intermittent
HOBBIES_1_336,HOBBIES_1,HOBBIES,121,227.48,106,9.910132778671315e-06,0.9997519665585256,C,106,18.31132075471698,0.2110615655318885,Intermittent
HOBBIES_2_027,HOBBIES_2,HOBBIES,112,223.64,87,9.742843742843558e-06,0.9997617094022685,C,87,22.310344827586206,0.3354888467014711,Intermittent
HOBBIES_2_125,HOBBIES_2,HOBBIES,220,210.69,195,9.178678895455685e-06,0.999770888081164,C,195,9.953846153846154,0.12066009201669929,Intermittent
HOBBIES_2_087,HOBBIES_2,HOBBIES,214,207.57999999999998,166,9.043192202376435e-06,0.9997799312733664,C,166,11.69277108433735,0.1608958834568058,Intermittent
HOBBIES_2_109,HOBBIES_2,HOBBIES,202,195.94,164,8.536097312523551e-06,0.999788467370679,C,164,11.835365853658537,0.1665877819027727,Intermittent
HOUSEHOLD_2_067,HOUSEHOLD_2,HOUSEHOLD,199,193.03,114,8.409323590060331e-06,0.999796876694269,C,114,17.026315789473685,0.4403415217234389,Intermittent
HOBBIES_2_038,HOBBIES_2,HOBBIES,191,185.26999999999998,145,8.071260330158407e-06,0.9998049479545992,C,145,13.386206896551725,0.19773991941010394,Intermittent
HOBBIES_2_119,HOBBIES_2,HOBBIES,58,179.72,57,7.829475395563604e-06,0.9998127774299947,C,57,34.05263157894737,0.01694411414982163,Intermittent
HOBBIES_2_071,HOBBIES_2,HOBBIES,182,176.54,141,7.690939162768744e-06,0.9998204683691575,C,141,13.76595744680851,0.23612702054617285,Intermittent
HOBBIES_2_090,HOBBIES_2,HOBBIES,110,172.70000000000002,87,7.5236501269409894e-06,0.9998279920192844,C,87,22.310344827586206,0.19580434364789542,Intermittent
HOUSEHOLD_2_309,HOUSEHOLD_2,HOUSEHOLD,67,166.14,63,7.237864690735239e-06,0.9998352298839751,C,63,30.80952380952381,0.05342090702002743,Intermittent
HOBBIES_2_017,HOBBIES_2,HOBBIES,308,162.51999999999998,252,7.080159922585115e-06,0.9998423100438977,C,252,7.7023809523809526,0.27618451812584366,Intermittent
HOBBIES_2_126,HOBBIES_2,HOBBIES,315,157.5,199,6.861464360122789e-06,0.9998491715082578,C,199,9.753768844221106,0.3635907576648319,Intermittent
HOBBIES_2_095,HOBBIES_2,HOBBIES,176,154.88,125,6.74732444505281e-06,0.9998559188327029,C,125,15.528,0.2855358362769927,Intermittent
HOBBIES_2_030,HOBBIES_2,HOBBIES,161,154.03,134,6.7102943199346875e-06,0.9998626291270228,C,134,14.485074626865671,0.22687732795976664,Intermittent
HOBBIES_2_107,HOBBIES_2,HOBBIES,290,151.23,222,6.5883127313102815e-06,0.9998692174397541,C,222,8.743243243243244,0.23114822367252977,Intermittent
HOBBIES_2_141,HOBBIES_2,HOBBIES,284,147.9,228,6.443241770553401e-06,0.9998756606815247,C,228,8.513157894736842,0.1824108390493112,Intermittent
HOBBIES_2_064,HOBBIES_2,HOBBIES,152,147.44,124,6.423201938136534e-06,0.9998820838834628,C,124,15.653225806451612,0.26878814494516134,Intermittent
HOBBIES_2_037,HOBBIES_2,HOBBIES,149,143.82999999999998,128,6.265932818517211e-06,0.9998883498162813,C,128,15.1640625,0.13687402177741156,Intermittent
HOBBIES_2_015,HOBBIES_2,HOBBIES,57,141.79000000000002,50,6.177060518233717e-06,0.9998945268767995,C,50,38.82,0.09453458206920813,Intermittent
FOODS_3_296,FOODS_3,FOODS,70,140.0,51,6.099079431220257e-06,0.9999006259562306,C,51,38.05882352941177,0.19026122448979596,Intermittent
HOUSEHOLD_2_230,HOUSEHOLD_2,HOUSEHOLD,55,136.38,50,5.941374663070133e-06,0.9999065673308937,C,50,38.82,0.10963062911114865,Intermittent
HOBBIES_2_144,HOBBIES_2,HOBBIES,262,134.92,192,5.877769977573122e-06,0.9999124451008713,C,192,10.109375,0.32750260773316847,Intermittent
HOBBIES_2_058,HOBBIES_2,HOBBIES,263,131.5,187,5.728778180039027e-06,0.9999181738790514,C,187,10.379679144385026,0.3074458273230425,Intermittent
HOBBIES_2_123,HOBBIES_2,HOBBIES,236,124.83,199,5.438200609994462e-06,0.9999236120796613,C,199,9.753768844221106,0.14407360012071296,Intermittent
HOBBIES_2_101,HOBBIES_2,HOBBIES,235,121.27,182,5.283109733029147e-06,0.9999288951893943,C,182,10.664835164835164,0.24378401766755303,Intermittent
HOBBIES_2_014,HOBBIES_2,HOBBIES,123,119.31,90,5.197722620992063e-06,0.9999340929120153,C,90,21.566666666666666,0.35432360352652564,Intermittent
HOBBIES_1_062,HOBBIES_1,HOBBIES,121,117.36999999999999,89,5.113206806016582e-06,0.9999392061188213,C,89,21.808988764044944,0.15058894387492155,Intermittent
HOUSEHOLD_2_245,HOUSEHOLD_2,HOUSEHOLD,59,116.23,51,5.063542873505218e-06,0.9999442696616948,C,51,38.05882352941177,0.1904625107727664,Intermittent
HOBBIES_2_086,HOBBIES_2,HOBBIES,108,104.75999999999999,93,4.563854008675957e-06,0.9999488335157035,C,93,20.870967741935484,0.10139895330112719,Intermittent
HOBBIES_2_082,HOBBIES_2,HOBBIES,117,102.96,86,4.485437273131698e-06,0.9999533189529767,C,86,22.569767441860463,0.291282395053134,Intermittent
HOBBIES_2_099,HOBBIES_2,HOBBIES,100,97.0,83,4.225790748774035e-06,0.9999575447437254,C,83,23.3855421686747,0.18077804878048775,Intermittent
HOBBIES_2_026,HOBBIES_2,HOBBIES,418,96.14,169,4.188324975125111e-06,0.9999617330687006,C,169,11.485207100591715,0.846634174605718,Lumpy
HOBBIES_2_106,HOBBIES_2,HOBBIES,98,95.06,81,4.141274933798555e-06,0.9999658743436344,C,81,23.962962962962962,0.18301749271137033,Intermittent
HOBBIES_2_135,HOBBIES_2,HOBBIES,166,89.53,133,3.900361296265354e-06,0.9999697747049306,C,133,14.593984962406015,0.2665563678591694,Intermittent
HOBBIES_2_073,HOBBIES_2,HOBBIES,164,87.07,140,3.793191757688198e-06,0.9999735678966883,C,140,13.864285714285714,0.12522522136960268,Intermittent
HOBBIES_2_138,HOBBIES_2,HOBBIES,89,86.23,80,3.7565972811008773e-06,0.9999773244939695,C,80,24.2625,0.08169279227306357,Intermittent
HOBBIES_2_021,HOBBIES_2,HOBBIES,86,83.42,78,3.6341800439456704e-06,0.9999809586740134,C,78,24.884615384615383,0.29036404374424923,Intermittent
HOBBIES_2_040,HOBBIES_2,HOBBIES,92,80.96,75,3.527010505368514e-06,0.9999844856845187,C,75,25.88,0.20787564502120262,Intermittent
HOBBIES_2_023,HOBBIES_2,HOBBIES,81,78.57,59,3.4228905065069682e-06,0.9999879085750252,C,59,32.898305084745765,0.3823376377654795,Intermittent
HOBBIES_2_065,HOBBIES_2,HOBBIES,154,77.0,127,3.3544936871711416e-06,0.9999912630687123,C,127,15.283464566929133,0.30906199551839625,Intermittent
HOBBIES_2_010,HOBBIES_2,HOBBIES,70,67.89999999999999,66,2.9580535241418243e-06,0.9999942211222365,C,66,29.40909090909091,0.07874411302982731,Intermittent
HOBBIES_2_047,HOBBIES_2,HOBBIES,129,67.64999999999999,104,2.947162310871788e-06,0.9999971682845473,C,104,18.66346153846154,0.1829380352539027,Intermittent
HOBBIES_2_025,HOBBIES_2,HOBBIES,130,65.0,110,2.831715450209405e-06,0.9999999999999976,C,110,17.645454545454545,0.16003474295640835,Intermittent
